Date,Title,Time,Location,Summary,Link
2025-10-09,Libraries Workshop: Text Analysis in R: Exploring Banned Books,1760016600,Online,,https://events.cmu.edu/event/24843-libraries-workshop-text-analysis-in-r-exploring
2025-10-09,Libraries Workshop: Communicating Data: Tableau,1760025600,Online,,https://events.cmu.edu/event/24844-libraries-workshop-communicating-data-tableau
2025-10-09,Swartz Center CONNECTS Seminar Series,1760027400,"Swartz Center for Entrepreneurship, Tepper Building, or Zoom",The Swartz Center for Entrepreneurship’s CONNECTS seminar series enhances the experiential education of any individual interested in innovation and entrepreneurship.,https://events.cmu.edu/event/23705-swartz-center-connects-seminar-series
2025-10-09,Libraries Workshop: Handling and Navigating Pandas Dataframes in Python,1760029200,"Sorrells Library Den, Wean Hall",,https://events.cmu.edu/event/24845-libraries-workshop-handling-and-navigating-pandas
2025-10-09,Libraries Workshop: Introduction to Research Data Management,1760036400,"Sorrells Library Den, Wean Hall",,https://events.cmu.edu/event/24846-libraries-workshop-introduction-to-research-data
2025-10-09,"Lawfully Speaking - From Science to Strategy: Navigating a Career at the Nexus of Law, Technology, and Policy with Lala Qadir",1760043600,"Posner Hall, Grand Room (340)","Join us for this Fall’s Lawfully Speaking with Lala Qadir, Senior Director of Technology Security and AI Policy at Microsoft, as she shares her perspectives from a multidisciplinary career across science, consulting, law, national security, and technology policy.",https://events.cmu.edu/event/25312-lawfully-speaking-from-science-to-strategy-navigating-
2025-10-09,"Book Launch - Time Well Spent: An American Architect in Europe, 1893",1760043600,"Frank-Ratchye STUDIO for Creative Inquiry, College of Fine Arts Room 111","Carnegie Mellon University Press invites you to the launch of Time Well Spent: An American Architect in Europe, 1893, a new book by School of Architecture Assistant Teaching Professor Francesca Torello that brings to life the extraordinary travels and experiences of young Henry Hornbostel.",https://events.cmu.edu/event/26257-book-launch-time-well-spent-an-american-architect-in-e
2025-10-09,Check In: Staying Accountable to Your Goals (In Person Peer Connect Gathering),1760047200,"Room 5403, Wean Hall",Take time to reflect on how much progress you’re making on your professional goals.,https://events.cmu.edu/event/25309-check-in-staying-accountable-to-your-goals-in
2025-10-09,Carnegie Mellon Opera: Putting it Together,1760054400,"WQED Studio A @ 4802 Fifth Ave, Pittsburgh, PA, 15213, United States",,https://events.cmu.edu/https://events.time.ly/vdibqnd/43901204
2025-10-09,CMU Drama Presents: The House of Bernarda Alba,1760054400,"Purnell Center for the Arts, Philip Chosky Theater","The School of Drama presents “The House of Bernarda Alba” by Federico García Lorca, adapted by Chay Yew and directed by Samantha Pazos.",https://events.cmu.edu/event/26235-cmu-drama-presents-the-house-of-bernarda-alba
2025-10-09,32nd Annual Food Drive,All Day,,"Each year, the CMU community comes together to address hunger and food insecurity in our region through the highest-grossing food drive in the City of Pittsburgh. Help us keep the tradition alive in 2025!",https://events.cmu.edu/event/26163-32nd-annual-food-drive
2025-10-09,"Character: Lived, Tested, Exposed",All Day,"Cohon University Center, Kirr Commons",An exhibition by the third-year communication design students,https://events.cmu.edu/event/26243-character-lived-tested-exposed
2025-10-09,Here to Stay: Celebrating 40 Years at the Architecture Archives,All Day,"Hunt Library, Fourth Floor","This University Libraries’ exhibition celebrates the 40th anniversary of the Architecture Archives, which was founded to create, conserve and promote the rich history of Pittsburgh’s buildings and tell part of the story of this dynamic city.",https://events.cmu.edu/event/7307-here-to-stay-celebrating-40-years-at-the
2025-10-09,ISO Digital Scavenger Hunt,All Day,Online,,https://events.cmu.edu/event/26159-iso-digital-scavenger-hunt
2025-10-09,Room to Imagine: 125 Years of Carnegie Mellon University,All Day,Hunt Library Gallery,"This immersive exhibit celebrates 125 years of CMU students, faculty and staff who turned their imagination into reality.",https://events.cmu.edu/event/25250-room-to-imagine-125-years-of-carnegie-mellon
2025-10-09,The Art and Science of Rafael Lucas Rodríguez Caballero,All Day,"Hunt Institute for Botanical Documentation, 5th Floor, Hunt Library","This exhibition at the Hunt Institute for Botanical Documentation celebrates the extraordinary life and work of Rafael Lucas Rodríguez Caballero, Costa Rican botanist, artist and educator.",https://events.cmu.edu/event/14670-the-art-and-science-of-rafael-lucas-rodriguez
2025-10-10,Libraries Workshop: Text Analysis in R: Exploring Banned Books,1760103000,Online,,https://events.cmu.edu/event/24847-libraries-workshop-text-analysis-in-r-exploring
2025-10-10,Astro Lunch Seminar: Adrian Price-Whelan (CCA),1760112000,Wean Hall (8330),,https://events.cmu.edu/event/26151-astro-lunch-seminar-adrian-price-whelan-cca
2025-10-10,Workshop - Practical Uses of GenAI for Academics,1760112000,"Wean Hall, Room 1327, or Online (Hybrid)",,https://events.cmu.edu/event/25553-workshop-practical-uses-of-genai-for-academics
2025-10-10,(Women’s Volleyball) Capital vs. Carnegie Mellon,1760133600,,,https://events.cmu.edu/event/23900-womens-volleyball-capital-vs-carnegie-mellon
2025-10-10,Carnegie Mellon Opera: Putting it Together,1760140800,"WQED Studio A @ 4802 Fifth Ave, Pittsburgh, PA, 15213, United States",,https://events.cmu.edu/https://events.time.ly/vdibqnd/43901205
2025-10-10,CMU Drama Presents: The House of Bernarda Alba,1760140800,"Purnell Center for the Arts, Philip Chosky Theater","The School of Drama presents “The House of Bernarda Alba” by Federico García Lorca, adapted by Chay Yew and directed by Samantha Pazos.",https://events.cmu.edu/event/26236-cmu-drama-presents-the-house-of-bernarda-alba
2025-10-10,32nd Annual Food Drive,All Day,,"Each year, the CMU community comes together to address hunger and food insecurity in our region through the highest-grossing food drive in the City of Pittsburgh. Help us keep the tradition alive in 2025!",https://events.cmu.edu/event/26163-32nd-annual-food-drive
2025-10-10,"Character: Lived, Tested, Exposed",All Day,"Cohon University Center, Kirr Commons",An exhibition by the third-year communication design students,https://events.cmu.edu/event/26243-character-lived-tested-exposed
2025-10-10,Here to Stay: Celebrating 40 Years at the Architecture Archives,All Day,"Hunt Library, Fourth Floor","This University Libraries’ exhibition celebrates the 40th anniversary of the Architecture Archives, which was founded to create, conserve and promote the rich history of Pittsburgh’s buildings and tell part of the story of this dynamic city.",https://events.cmu.edu/event/7307-here-to-stay-celebrating-40-years-at-the
2025-10-10,ISO Digital Scavenger Hunt,All Day,Online,,https://events.cmu.edu/event/26159-iso-digital-scavenger-hunt
2025-10-10,Mini-1 Last Day of Classes,All Day,,,https://events.cmu.edu/event/22001-mini-1-last-day-of-classes
2025-10-10,Mini-1 Voucher Election Deadline,All Day,,,https://events.cmu.edu/event/22002-mini-1-voucher-election-deadline
2025-10-10,Room to Imagine: 125 Years of Carnegie Mellon University,All Day,Hunt Library Gallery,"This immersive exhibit celebrates 125 years of CMU students, faculty and staff who turned their imagination into reality.",https://events.cmu.edu/event/25250-room-to-imagine-125-years-of-carnegie-mellon
2025-10-10,The Art and Science of Rafael Lucas Rodríguez Caballero,All Day,"Hunt Institute for Botanical Documentation, 5th Floor, Hunt Library","This exhibition at the Hunt Institute for Botanical Documentation celebrates the extraordinary life and work of Rafael Lucas Rodríguez Caballero, Costa Rican botanist, artist and educator.",https://events.cmu.edu/event/14670-the-art-and-science-of-rafael-lucas-rodriguez
2025-10-11,(Men’s Soccer) Chicago vs. Carnegie Mellon,1760194800,,,https://events.cmu.edu/event/23897-mens-soccer-chicago-vs-carnegie-mellon
2025-10-11,(Women’s Soccer) Chicago vs. Carnegie Mellon,1760203800,,,https://events.cmu.edu/event/23895-womens-soccer-chicago-vs-carnegie-mellon
2025-10-11,CMU Drama Presents: The House of Bernarda Alba,1760205600,"Purnell Center for the Arts, Philip Chosky Theater","The School of Drama presents “The House of Bernarda Alba” by Federico García Lorca, adapted by Chay Yew and directed by Samantha Pazos.",https://events.cmu.edu/event/26238-cmu-drama-presents-the-house-of-bernarda-alba
2025-10-11,CMU Drama Presents: The House of Bernarda Alba,1760227200,"Purnell Center for the Arts, Philip Chosky Theater","The School of Drama presents “The House of Bernarda Alba” by Federico García Lorca, adapted by Chay Yew and directed by Samantha Pazos.",https://events.cmu.edu/event/26237-cmu-drama-presents-the-house-of-bernarda-alba
2025-10-11,32nd Annual Food Drive,All Day,,"Each year, the CMU community comes together to address hunger and food insecurity in our region through the highest-grossing food drive in the City of Pittsburgh. Help us keep the tradition alive in 2025!",https://events.cmu.edu/event/26163-32nd-annual-food-drive
2025-10-11,"Character: Lived, Tested, Exposed",All Day,"Cohon University Center, Kirr Commons",An exhibition by the third-year communication design students,https://events.cmu.edu/event/26243-character-lived-tested-exposed
2025-10-11,Here to Stay: Celebrating 40 Years at the Architecture Archives,All Day,"Hunt Library, Fourth Floor","This University Libraries’ exhibition celebrates the 40th anniversary of the Architecture Archives, which was founded to create, conserve and promote the rich history of Pittsburgh’s buildings and tell part of the story of this dynamic city.",https://events.cmu.edu/event/7307-here-to-stay-celebrating-40-years-at-the
2025-10-11,ISO Digital Scavenger Hunt,All Day,Online,,https://events.cmu.edu/event/26159-iso-digital-scavenger-hunt
2025-10-11,Mini-1 Exams,All Day,,,https://events.cmu.edu/event/21999-mini-1-exams
2025-10-11,Mini-1 FCEs close,All Day,,,https://events.cmu.edu/event/22000-mini-1-fces-close
2025-10-11,Room to Imagine: 125 Years of Carnegie Mellon University,All Day,Hunt Library Gallery,"This immersive exhibit celebrates 125 years of CMU students, faculty and staff who turned their imagination into reality.",https://events.cmu.edu/event/25250-room-to-imagine-125-years-of-carnegie-mellon
2025-10-11,The Art and Science of Rafael Lucas Rodríguez Caballero,All Day,"Hunt Institute for Botanical Documentation, 5th Floor, Hunt Library","This exhibition at the Hunt Institute for Botanical Documentation celebrates the extraordinary life and work of Rafael Lucas Rodríguez Caballero, Costa Rican botanist, artist and educator.",https://events.cmu.edu/event/14670-the-art-and-science-of-rafael-lucas-rodriguez
2025-10-12,(Women’s Volleyball) Rochester (N.Y.) vs. Carnegie Mellon,1760277600,"Case Western Reserve University - Cleveland, Ohio",,https://events.cmu.edu/event/23894-womens-volleyball-rochester-ny-vs-carnegie-mellon
2025-10-12,32nd Annual Food Drive,All Day,,"Each year, the CMU community comes together to address hunger and food insecurity in our region through the highest-grossing food drive in the City of Pittsburgh. Help us keep the tradition alive in 2025!",https://events.cmu.edu/event/26163-32nd-annual-food-drive
2025-10-12,"Character: Lived, Tested, Exposed",All Day,"Cohon University Center, Kirr Commons",An exhibition by the third-year communication design students,https://events.cmu.edu/event/26243-character-lived-tested-exposed
2025-10-12,Here to Stay: Celebrating 40 Years at the Architecture Archives,All Day,"Hunt Library, Fourth Floor","This University Libraries’ exhibition celebrates the 40th anniversary of the Architecture Archives, which was founded to create, conserve and promote the rich history of Pittsburgh’s buildings and tell part of the story of this dynamic city.",https://events.cmu.edu/event/7307-here-to-stay-celebrating-40-years-at-the
2025-10-12,ISO Digital Scavenger Hunt,All Day,Online,,https://events.cmu.edu/event/26159-iso-digital-scavenger-hunt
2025-10-12,Room to Imagine: 125 Years of Carnegie Mellon University,All Day,Hunt Library Gallery,"This immersive exhibit celebrates 125 years of CMU students, faculty and staff who turned their imagination into reality.",https://events.cmu.edu/event/25250-room-to-imagine-125-years-of-carnegie-mellon
2025-10-12,The Art and Science of Rafael Lucas Rodríguez Caballero,All Day,"Hunt Institute for Botanical Documentation, 5th Floor, Hunt Library","This exhibition at the Hunt Institute for Botanical Documentation celebrates the extraordinary life and work of Rafael Lucas Rodríguez Caballero, Costa Rican botanist, artist and educator.",https://events.cmu.edu/event/14670-the-art-and-science-of-rafael-lucas-rodriguez
2025-10-13,(Men’s Golf) Tartan Invitational,All Day,,,https://events.cmu.edu/event/23892-mens-golf-tartan-invitational
2025-10-13,32nd Annual Food Drive,All Day,,"Each year, the CMU community comes together to address hunger and food insecurity in our region through the highest-grossing food drive in the City of Pittsburgh. Help us keep the tradition alive in 2025!",https://events.cmu.edu/event/26163-32nd-annual-food-drive
2025-10-13,"Character: Lived, Tested, Exposed",All Day,"Cohon University Center, Kirr Commons",An exhibition by the third-year communication design students,https://events.cmu.edu/event/26243-character-lived-tested-exposed
2025-10-13,CHI PLAY 2025,All Day,On Campus and Online,The Annual Symposium on Computer-Human Interaction in Play (CHI PLAY) is coming to CMU in 2025!,https://events.cmu.edu/event/26128-chi-play-2025
2025-10-13,Fall Break; No Classes,All Day,,,https://events.cmu.edu/
2025-10-13,Here to Stay: Celebrating 40 Years at the Architecture Archives,All Day,"Hunt Library, Fourth Floor","This University Libraries’ exhibition celebrates the 40th anniversary of the Architecture Archives, which was founded to create, conserve and promote the rich history of Pittsburgh’s buildings and tell part of the story of this dynamic city.",https://events.cmu.edu/event/7307-here-to-stay-celebrating-40-years-at-the
2025-10-13,ISO Digital Scavenger Hunt,All Day,Online,,https://events.cmu.edu/event/26159-iso-digital-scavenger-hunt
2025-10-13,Room to Imagine: 125 Years of Carnegie Mellon University,All Day,Hunt Library Gallery,"This immersive exhibit celebrates 125 years of CMU students, faculty and staff who turned their imagination into reality.",https://events.cmu.edu/event/25250-room-to-imagine-125-years-of-carnegie-mellon
2025-10-13,Shemini Atzeret Begins,All Day,,"Immediately following the seven-day Jewish festival of Sukkot, Shemini Atzeret involves festive meals, which may happen in the sukkah.",https://events.cmu.edu/event/22276-shemini-atzeret-begins
2025-10-13,Sukkot Ends,All Day,,"Sometimes called the Feast of Tabernacles, Sukkot is a seven-day Jewish holiday of thanks for the fall harvest which involves building and spending time in a sukkah.",https://events.cmu.edu/event/22275-sukkot-ends
2025-10-13,The Art and Science of Rafael Lucas Rodríguez Caballero,All Day,"Hunt Institute for Botanical Documentation, 5th Floor, Hunt Library","This exhibition at the Hunt Institute for Botanical Documentation celebrates the extraordinary life and work of Rafael Lucas Rodríguez Caballero, Costa Rican botanist, artist and educator.",https://events.cmu.edu/event/14670-the-art-and-science-of-rafael-lucas-rodriguez
2025-10-14,Tepper School Silicon Valley Trek Alumni Gathering,1760475600,"Fremont, CA (address to be shared with RSVPs)",,https://events.cmu.edu/event/26142-tepper-school-silicon-valley-trek-alumni-gathering
2025-10-14,(Men’s Golf) Tartan Invitational,All Day,,,https://events.cmu.edu/event/23891-mens-golf-tartan-invitational
2025-10-14,2025 SBP-BRiMS and IDeaS Conferences,All Day,Scaife Hall,"The SBP-BRiMS (Social Computing, Behavioral-Cultural Modeling & Prediction and Behavior Representation in Modeling and Simulation) and IDeaS (Center for Informed Democracy & Social - cybersecurity) conferences will be co-located at Carnegie Mellon University this fall.",https://events.cmu.edu/event/14610-2025-sbp-brims-and-ideas-conferences
2025-10-14,32nd Annual Food Drive,All Day,,"Each year, the CMU community comes together to address hunger and food insecurity in our region through the highest-grossing food drive in the City of Pittsburgh. Help us keep the tradition alive in 2025!",https://events.cmu.edu/event/26163-32nd-annual-food-drive
2025-10-14,"Character: Lived, Tested, Exposed",All Day,"Cohon University Center, Kirr Commons",An exhibition by the third-year communication design students,https://events.cmu.edu/event/26243-character-lived-tested-exposed
2025-10-14,CHI PLAY 2025,All Day,On Campus and Online,The Annual Symposium on Computer-Human Interaction in Play (CHI PLAY) is coming to CMU in 2025!,https://events.cmu.edu/event/26128-chi-play-2025
2025-10-14,Fall Break; No Classes,All Day,,,https://events.cmu.edu/
2025-10-14,Here to Stay: Celebrating 40 Years at the Architecture Archives,All Day,"Hunt Library, Fourth Floor","This University Libraries’ exhibition celebrates the 40th anniversary of the Architecture Archives, which was founded to create, conserve and promote the rich history of Pittsburgh’s buildings and tell part of the story of this dynamic city.",https://events.cmu.edu/event/7307-here-to-stay-celebrating-40-years-at-the
2025-10-14,ISO Digital Scavenger Hunt,All Day,Online,,https://events.cmu.edu/event/26159-iso-digital-scavenger-hunt
2025-10-14,Room to Imagine: 125 Years of Carnegie Mellon University,All Day,Hunt Library Gallery,"This immersive exhibit celebrates 125 years of CMU students, faculty and staff who turned their imagination into reality.",https://events.cmu.edu/event/25250-room-to-imagine-125-years-of-carnegie-mellon
2025-10-14,Simchat Torah Begins,All Day,,"On Simchat Torah, Jews celebrate the completion of the annual reading of the Torah and affirm Torah as a pillar on which to build life.",https://events.cmu.edu/event/22277-simchat-torah-begins
2025-10-14,The Art and Science of Rafael Lucas Rodríguez Caballero,All Day,"Hunt Institute for Botanical Documentation, 5th Floor, Hunt Library","This exhibition at the Hunt Institute for Botanical Documentation celebrates the extraordinary life and work of Rafael Lucas Rodríguez Caballero, Costa Rican botanist, artist and educator.",https://events.cmu.edu/event/14670-the-art-and-science-of-rafael-lucas-rodriguez
2025-10-15,"Staff Supervisory Awareness Program: Session 303, Managing an Effective and Engaged Workforce",1760533200,,"This session will cover the fair and equitable process for determining post-hire employment actions, how to manage time away from work, workplace accommodations and how to champion CMU’s wellness initiatives.",https://events.cmu.edu/event/22343-staff-supervisory-awareness-program-session-303
2025-10-15,Tepper School Aerospace Club and Seattle Alumni Dinner,1760565600,Pittsburgh,,https://events.cmu.edu/event/26116-tepper-school-aerospace-club-and-seattle-alumni-dinner
2025-10-15,Paws to Relax: Weekly Pet Therapy Program,1760567400,"Well-being Lab (Room 104), Wellness &amp; Meaning-Making Suite, First Floor, Highmark Center for Health, Wellness and Athletics","Volunteers through Animal Friend’s Therapet program will join us on Wednesdays, from 6:30-7:30 p.m., to offer some friendly dog companions for the hour.",https://events.cmu.edu/event/24555-paws-to-relax-weekly-pet-therapy-program
2025-10-15,2025 SBP-BRiMS and IDeaS Conferences,All Day,Scaife Hall,"The SBP-BRiMS (Social Computing, Behavioral-Cultural Modeling & Prediction and Behavior Representation in Modeling and Simulation) and IDeaS (Center for Informed Democracy & Social - cybersecurity) conferences will be co-located at Carnegie Mellon University this fall.",https://events.cmu.edu/event/14610-2025-sbp-brims-and-ideas-conferences
2025-10-15,32nd Annual Food Drive,All Day,,"Each year, the CMU community comes together to address hunger and food insecurity in our region through the highest-grossing food drive in the City of Pittsburgh. Help us keep the tradition alive in 2025!",https://events.cmu.edu/event/26163-32nd-annual-food-drive
2025-10-15,"Character: Lived, Tested, Exposed",All Day,"Cohon University Center, Kirr Commons",An exhibition by the third-year communication design students,https://events.cmu.edu/event/26243-character-lived-tested-exposed
2025-10-15,CHI PLAY 2025,All Day,On Campus and Online,The Annual Symposium on Computer-Human Interaction in Play (CHI PLAY) is coming to CMU in 2025!,https://events.cmu.edu/event/26128-chi-play-2025
2025-10-15,Fall Break; No Classes,All Day,,,https://events.cmu.edu/
2025-10-15,Here to Stay: Celebrating 40 Years at the Architecture Archives,All Day,"Hunt Library, Fourth Floor","This University Libraries’ exhibition celebrates the 40th anniversary of the Architecture Archives, which was founded to create, conserve and promote the rich history of Pittsburgh’s buildings and tell part of the story of this dynamic city.",https://events.cmu.edu/event/7307-here-to-stay-celebrating-40-years-at-the
2025-10-15,ISO Digital Scavenger Hunt,All Day,Online,,https://events.cmu.edu/event/26159-iso-digital-scavenger-hunt
2025-10-15,Room to Imagine: 125 Years of Carnegie Mellon University,All Day,Hunt Library Gallery,"This immersive exhibit celebrates 125 years of CMU students, faculty and staff who turned their imagination into reality.",https://events.cmu.edu/event/25250-room-to-imagine-125-years-of-carnegie-mellon
2025-10-15,Shemini Atzeret and Simchat Torah End,All Day,,,https://events.cmu.edu/event/22278-shemini-atzeret-and-simchat-torah-end
2025-10-15,The Art and Science of Rafael Lucas Rodríguez Caballero,All Day,"Hunt Institute for Botanical Documentation, 5th Floor, Hunt Library","This exhibition at the Hunt Institute for Botanical Documentation celebrates the extraordinary life and work of Rafael Lucas Rodríguez Caballero, Costa Rican botanist, artist and educator.",https://events.cmu.edu/event/14670-the-art-and-science-of-rafael-lucas-rodriguez
2025-10-16,2025 SBP-BRiMS and IDeaS Conferences,All Day,Scaife Hall,"The SBP-BRiMS (Social Computing, Behavioral-Cultural Modeling & Prediction and Behavior Representation in Modeling and Simulation) and IDeaS (Center for Informed Democracy & Social - cybersecurity) conferences will be co-located at Carnegie Mellon University this fall.",https://events.cmu.edu/event/14610-2025-sbp-brims-and-ideas-conferences
2025-10-16,32nd Annual Food Drive,All Day,,"Each year, the CMU community comes together to address hunger and food insecurity in our region through the highest-grossing food drive in the City of Pittsburgh. Help us keep the tradition alive in 2025!",https://events.cmu.edu/event/26163-32nd-annual-food-drive
2025-10-16,"Character: Lived, Tested, Exposed",All Day,"Cohon University Center, Kirr Commons",An exhibition by the third-year communication design students,https://events.cmu.edu/event/26243-character-lived-tested-exposed
2025-10-16,CHI PLAY 2025,All Day,On Campus and Online,The Annual Symposium on Computer-Human Interaction in Play (CHI PLAY) is coming to CMU in 2025!,https://events.cmu.edu/event/26128-chi-play-2025
2025-10-16,Fall Break; No Classes,All Day,,,https://events.cmu.edu/
2025-10-16,Here to Stay: Celebrating 40 Years at the Architecture Archives,All Day,"Hunt Library, Fourth Floor","This University Libraries’ exhibition celebrates the 40th anniversary of the Architecture Archives, which was founded to create, conserve and promote the rich history of Pittsburgh’s buildings and tell part of the story of this dynamic city.",https://events.cmu.edu/event/7307-here-to-stay-celebrating-40-years-at-the
2025-10-16,ISO Digital Scavenger Hunt,All Day,Online,,https://events.cmu.edu/event/26159-iso-digital-scavenger-hunt
2025-10-16,Room to Imagine: 125 Years of Carnegie Mellon University,All Day,Hunt Library Gallery,"This immersive exhibit celebrates 125 years of CMU students, faculty and staff who turned their imagination into reality.",https://events.cmu.edu/event/25250-room-to-imagine-125-years-of-carnegie-mellon
2025-10-16,The Art and Science of Rafael Lucas Rodríguez Caballero,All Day,"Hunt Institute for Botanical Documentation, 5th Floor, Hunt Library","This exhibition at the Hunt Institute for Botanical Documentation celebrates the extraordinary life and work of Rafael Lucas Rodríguez Caballero, Costa Rican botanist, artist and educator.",https://events.cmu.edu/event/14670-the-art-and-science-of-rafael-lucas-rodriguez
2025-10-17,CMIST Graduate Program Open House,1760713200,,Join us for a virtual information session to learn more about the graduate programs that CMIST offers.,https://events.cmu.edu/event/25253-cmist-graduate-program-open-house
2025-10-17,2025 SBP-BRiMS and IDeaS Conferences,All Day,Scaife Hall,"The SBP-BRiMS (Social Computing, Behavioral-Cultural Modeling & Prediction and Behavior Representation in Modeling and Simulation) and IDeaS (Center for Informed Democracy & Social - cybersecurity) conferences will be co-located at Carnegie Mellon University this fall.",https://events.cmu.edu/event/14610-2025-sbp-brims-and-ideas-conferences
2025-10-17,32nd Annual Food Drive,All Day,,"Each year, the CMU community comes together to address hunger and food insecurity in our region through the highest-grossing food drive in the City of Pittsburgh. Help us keep the tradition alive in 2025!",https://events.cmu.edu/event/26163-32nd-annual-food-drive
2025-10-17,"Character: Lived, Tested, Exposed",All Day,"Cohon University Center, Kirr Commons",An exhibition by the third-year communication design students,https://events.cmu.edu/event/26243-character-lived-tested-exposed
2025-10-17,Fall Break; No Classes,All Day,,,https://events.cmu.edu/
2025-10-17,Here to Stay: Celebrating 40 Years at the Architecture Archives,All Day,"Hunt Library, Fourth Floor","This University Libraries’ exhibition celebrates the 40th anniversary of the Architecture Archives, which was founded to create, conserve and promote the rich history of Pittsburgh’s buildings and tell part of the story of this dynamic city.",https://events.cmu.edu/event/7307-here-to-stay-celebrating-40-years-at-the
2025-10-17,ISO Digital Scavenger Hunt,All Day,Online,,https://events.cmu.edu/event/26159-iso-digital-scavenger-hunt
2025-10-17,Room to Imagine: 125 Years of Carnegie Mellon University,All Day,Hunt Library Gallery,"This immersive exhibit celebrates 125 years of CMU students, faculty and staff who turned their imagination into reality.",https://events.cmu.edu/event/25250-room-to-imagine-125-years-of-carnegie-mellon
2025-10-17,The Art and Science of Rafael Lucas Rodríguez Caballero,All Day,"Hunt Institute for Botanical Documentation, 5th Floor, Hunt Library","This exhibition at the Hunt Institute for Botanical Documentation celebrates the extraordinary life and work of Rafael Lucas Rodríguez Caballero, Costa Rican botanist, artist and educator.",https://events.cmu.edu/event/14670-the-art-and-science-of-rafael-lucas-rodriguez
2025-10-18,(Football) Gettysburg vs. Carnegie Mellon,1760806800,,,https://events.cmu.edu/event/23881-football-gettysburg-vs-carnegie-mellon
2025-10-18,(Women’s Volleyball) Muskingum vs. Carnegie Mellon,1760806800,"Marietta College - Marietta, Ohio",,https://events.cmu.edu/event/23882-womens-volleyball-muskingum-vs-carnegie-mellon
2025-10-18,32nd Annual Food Drive,All Day,,"Each year, the CMU community comes together to address hunger and food insecurity in our region through the highest-grossing food drive in the City of Pittsburgh. Help us keep the tradition alive in 2025!",https://events.cmu.edu/event/26163-32nd-annual-food-drive
2025-10-18,"Character: Lived, Tested, Exposed",All Day,"Cohon University Center, Kirr Commons",An exhibition by the third-year communication design students,https://events.cmu.edu/event/26243-character-lived-tested-exposed
2025-10-18,Here to Stay: Celebrating 40 Years at the Architecture Archives,All Day,"Hunt Library, Fourth Floor","This University Libraries’ exhibition celebrates the 40th anniversary of the Architecture Archives, which was founded to create, conserve and promote the rich history of Pittsburgh’s buildings and tell part of the story of this dynamic city.",https://events.cmu.edu/event/7307-here-to-stay-celebrating-40-years-at-the
2025-10-18,ISO Digital Scavenger Hunt,All Day,Online,,https://events.cmu.edu/event/26159-iso-digital-scavenger-hunt
2025-10-18,Room to Imagine: 125 Years of Carnegie Mellon University,All Day,Hunt Library Gallery,"This immersive exhibit celebrates 125 years of CMU students, faculty and staff who turned their imagination into reality.",https://events.cmu.edu/event/25250-room-to-imagine-125-years-of-carnegie-mellon
2025-10-18,The Art and Science of Rafael Lucas Rodríguez Caballero,All Day,"Hunt Institute for Botanical Documentation, 5th Floor, Hunt Library","This exhibition at the Hunt Institute for Botanical Documentation celebrates the extraordinary life and work of Rafael Lucas Rodríguez Caballero, Costa Rican botanist, artist and educator.",https://events.cmu.edu/event/14670-the-art-and-science-of-rafael-lucas-rodriguez
2025-10-19,"Antisemitism, an American Tradition: Pamela Nadell in Conversation with Bret Stephens",1760904000,"Cohon University Center, McConomy Auditorium",Presented by The Tree of Life in partnership with Carnegie Mellon University,https://events.cmu.edu/event/26242-antisemitism-an-american-tradition-pamela-nadell
2025-10-19,32nd Annual Food Drive,All Day,,"Each year, the CMU community comes together to address hunger and food insecurity in our region through the highest-grossing food drive in the City of Pittsburgh. Help us keep the tradition alive in 2025!",https://events.cmu.edu/event/26163-32nd-annual-food-drive
2025-10-19,"Character: Lived, Tested, Exposed",All Day,"Cohon University Center, Kirr Commons",An exhibition by the third-year communication design students,https://events.cmu.edu/event/26243-character-lived-tested-exposed
2025-10-19,Here to Stay: Celebrating 40 Years at the Architecture Archives,All Day,"Hunt Library, Fourth Floor","This University Libraries’ exhibition celebrates the 40th anniversary of the Architecture Archives, which was founded to create, conserve and promote the rich history of Pittsburgh’s buildings and tell part of the story of this dynamic city.",https://events.cmu.edu/event/7307-here-to-stay-celebrating-40-years-at-the
2025-10-19,ISO Digital Scavenger Hunt,All Day,Online,,https://events.cmu.edu/event/26159-iso-digital-scavenger-hunt
2025-10-19,Room to Imagine: 125 Years of Carnegie Mellon University,All Day,Hunt Library Gallery,"This immersive exhibit celebrates 125 years of CMU students, faculty and staff who turned their imagination into reality.",https://events.cmu.edu/event/25250-room-to-imagine-125-years-of-carnegie-mellon
2025-10-19,The Art and Science of Rafael Lucas Rodríguez Caballero,All Day,"Hunt Institute for Botanical Documentation, 5th Floor, Hunt Library","This exhibition at the Hunt Institute for Botanical Documentation celebrates the extraordinary life and work of Rafael Lucas Rodríguez Caballero, Costa Rican botanist, artist and educator.",https://events.cmu.edu/event/14670-the-art-and-science-of-rafael-lucas-rodriguez
2025-10-20,Dining Student Advisory Committee (DSAC) Meeting,1760994000,"Connan Room, Cohon University Center",The Dining Student Advisory Committee (DSAC) is a student-led organization composed of undergraduate and graduate students dedicated to enhancing the Carnegie Mellon University Dining Services program.,https://events.cmu.edu/event/25719-dining-student-advisory-committee-dsac-meeting
2025-10-20,Webinar: How are AI-embedded products changing the way we think?,1761004800,Online,Join Integrated Innovation Institute professors Susanna Zlotnikov and Arthur Sugden in a conversation exploring how AI-embedded products and services are reshaping how people think and create.,https://events.cmu.edu/event/26212-webinar-how-are-ai-embedded-products-changing-the
2025-10-20,32nd Annual Food Drive,All Day,,"Each year, the CMU community comes together to address hunger and food insecurity in our region through the highest-grossing food drive in the City of Pittsburgh. Help us keep the tradition alive in 2025!",https://events.cmu.edu/event/26163-32nd-annual-food-drive
2025-10-20,"Character: Lived, Tested, Exposed",All Day,"Cohon University Center, Kirr Commons",An exhibition by the third-year communication design students,https://events.cmu.edu/event/26243-character-lived-tested-exposed
2025-10-20,Here to Stay: Celebrating 40 Years at the Architecture Archives,All Day,"Hunt Library, Fourth Floor","This University Libraries’ exhibition celebrates the 40th anniversary of the Architecture Archives, which was founded to create, conserve and promote the rich history of Pittsburgh’s buildings and tell part of the story of this dynamic city.",https://events.cmu.edu/event/7307-here-to-stay-celebrating-40-years-at-the
2025-10-20,ISO Digital Scavenger Hunt,All Day,Online,,https://events.cmu.edu/event/26159-iso-digital-scavenger-hunt
2025-10-20,Mini-2 Classes Begin,All Day,,,https://events.cmu.edu/event/21997-mini-2-classes-begin
2025-10-20,Room to Imagine: 125 Years of Carnegie Mellon University,All Day,Hunt Library Gallery,"This immersive exhibit celebrates 125 years of CMU students, faculty and staff who turned their imagination into reality.",https://events.cmu.edu/event/25250-room-to-imagine-125-years-of-carnegie-mellon
2025-10-20,The Art and Science of Rafael Lucas Rodríguez Caballero,All Day,"Hunt Institute for Botanical Documentation, 5th Floor, Hunt Library","This exhibition at the Hunt Institute for Botanical Documentation celebrates the extraordinary life and work of Rafael Lucas Rodríguez Caballero, Costa Rican botanist, artist and educator.",https://events.cmu.edu/event/14670-the-art-and-science-of-rafael-lucas-rodriguez
2025-10-21,Staff Supervisory Essentials Session,1761051600,University Technology Development Center,"Transitioning to a supervisory role is a mindset shift requiring new skills and responsibilities. Understanding your role, communicating effectively, managing performance, and awareness of legal responsibilities are key to your success. This session will introduce you to the essential concepts in each of these areas.",https://events.cmu.edu/event/22331-staff-supervisory-essentials-session
2025-10-21,Study Abroad Information Session,1761064200,"Cohon University Center, Danforth Conference Room","All students are welcome to learn more about study abroad opportunities at CMU, talk with the Study Abroad Team and speak with returned students.",https://events.cmu.edu/event/25474-study-abroad-information-session
2025-10-21,Research in Social and Decision Sciences,1761080400,Join via Zoom,"Learn more about the different kinds of research that goes on within SDS. If you are interested in participating in undergraduate research, then we encourage you to attend this event!",https://events.cmu.edu/event/25537-research-in-social-and-decision-sciences
2025-10-21,(Women’s Volleyball) Point Park vs. Carnegie Mellon,1761084000,,,https://events.cmu.edu/event/23873-womens-volleyball-point-park-vs-carnegie-mellon
2025-10-21,32nd Annual Food Drive,All Day,,"Each year, the CMU community comes together to address hunger and food insecurity in our region through the highest-grossing food drive in the City of Pittsburgh. Help us keep the tradition alive in 2025!",https://events.cmu.edu/event/26163-32nd-annual-food-drive
2025-10-21,"Character: Lived, Tested, Exposed",All Day,"Cohon University Center, Kirr Commons",An exhibition by the third-year communication design students,https://events.cmu.edu/event/26243-character-lived-tested-exposed
2025-10-21,Here to Stay: Celebrating 40 Years at the Architecture Archives,All Day,"Hunt Library, Fourth Floor","This University Libraries’ exhibition celebrates the 40th anniversary of the Architecture Archives, which was founded to create, conserve and promote the rich history of Pittsburgh’s buildings and tell part of the story of this dynamic city.",https://events.cmu.edu/event/7307-here-to-stay-celebrating-40-years-at-the
2025-10-21,ISO Digital Scavenger Hunt,All Day,Online,,https://events.cmu.edu/event/26159-iso-digital-scavenger-hunt
2025-10-21,Room to Imagine: 125 Years of Carnegie Mellon University,All Day,Hunt Library Gallery,"This immersive exhibit celebrates 125 years of CMU students, faculty and staff who turned their imagination into reality.",https://events.cmu.edu/event/25250-room-to-imagine-125-years-of-carnegie-mellon
2025-10-21,The Art and Science of Rafael Lucas Rodríguez Caballero,All Day,"Hunt Institute for Botanical Documentation, 5th Floor, Hunt Library","This exhibition at the Hunt Institute for Botanical Documentation celebrates the extraordinary life and work of Rafael Lucas Rodríguez Caballero, Costa Rican botanist, artist and educator.",https://events.cmu.edu/event/14670-the-art-and-science-of-rafael-lucas-rodriguez
2025-10-22,"Staff Supervisory Awareness Program: Session 401, Establishing Rapport and Setting Expectations",1761138000,,"Learn the importance of building rapport and trust within your organization, practice skills to build rapport within diverse groups, practice tools and strategies for setting and sharing expectations, and create a plan to strengthen your own skills in rapport building and expectation setting.",https://events.cmu.edu/event/22344-staff-supervisory-awareness-program-session-401
2025-10-22,Study Abroad Coffee Hour,1761152400,,All students are welcome to join and ask the Study Abroad team any questions they may have.,https://events.cmu.edu/event/25475-study-abroad-coffee-hour
2025-10-22,Carl &amp; Amy Jones Lecture in Interdisciplinary Science: Amy Robinson Sterling,1761166800,"McConomy Auditorium, Cohon University Center",This event is part of the 2025-2026 University Lecture Series and is free and open to the public.,https://events.cmu.edu/event/26146-carl-amy-jones-lecture-in-interdisciplinary-science-am
2025-10-22,Paws to Relax: Weekly Pet Therapy Program,1761172200,"Well-being Lab (Room 104), Wellness &amp; Meaning-Making Suite, First Floor, Highmark Center for Health, Wellness and Athletics","Volunteers through Animal Friend’s Therapet program will join us on Wednesdays, from 6:30-7:30 p.m., to offer some friendly dog companions for the hour.",https://events.cmu.edu/event/23772-paws-to-relax-weekly-pet-therapy-program
2025-10-22,32nd Annual Food Drive,All Day,,"Each year, the CMU community comes together to address hunger and food insecurity in our region through the highest-grossing food drive in the City of Pittsburgh. Help us keep the tradition alive in 2025!",https://events.cmu.edu/event/26163-32nd-annual-food-drive
2025-10-22,"Character: Lived, Tested, Exposed",All Day,"Cohon University Center, Kirr Commons",An exhibition by the third-year communication design students,https://events.cmu.edu/event/26243-character-lived-tested-exposed
2025-10-22,Here to Stay: Celebrating 40 Years at the Architecture Archives,All Day,"Hunt Library, Fourth Floor","This University Libraries’ exhibition celebrates the 40th anniversary of the Architecture Archives, which was founded to create, conserve and promote the rich history of Pittsburgh’s buildings and tell part of the story of this dynamic city.",https://events.cmu.edu/event/7307-here-to-stay-celebrating-40-years-at-the
2025-10-22,ISO Digital Scavenger Hunt,All Day,Online,,https://events.cmu.edu/event/26159-iso-digital-scavenger-hunt
2025-10-22,Mid-Semester &amp; Mini-1 Grades Due by 4pm,All Day,,,https://events.cmu.edu/event/21996-mid-semester-mini-1-grades-due-by-4pm
2025-10-22,Room to Imagine: 125 Years of Carnegie Mellon University,All Day,Hunt Library Gallery,"This immersive exhibit celebrates 125 years of CMU students, faculty and staff who turned their imagination into reality.",https://events.cmu.edu/event/25250-room-to-imagine-125-years-of-carnegie-mellon
2025-10-22,The Art and Science of Rafael Lucas Rodríguez Caballero,All Day,"Hunt Institute for Botanical Documentation, 5th Floor, Hunt Library","This exhibition at the Hunt Institute for Botanical Documentation celebrates the extraordinary life and work of Rafael Lucas Rodríguez Caballero, Costa Rican botanist, artist and educator.",https://events.cmu.edu/event/14670-the-art-and-science-of-rafael-lucas-rodriguez
2025-10-23,Libraries Workshop: Communicating Data: Data Visualization in R,1761235200,Online,,https://events.cmu.edu/event/24848-libraries-workshop-communicating-data-data
2025-10-23,AI-SDM Student Brainstorming Session,1761235200,Hybrid - 1327 Wean or online,Students meet regularly to participate in informal discussion sessions that delve into cutting-edge AI topics.,https://events.cmu.edu/event/25554-ai-sdm-student-brainstorming-session
2025-10-23,Libraries Workshop: Automating Python Data Workflows and Visualizations,1761238800,"Sorrells Library Den, Wean Hall",,https://events.cmu.edu/event/24849-libraries-workshop-automating-python-data
2025-10-23,Academic Freedom: From Professional Norm To First Amendment Right,1761253200,"Posner Hall, Grand Room (Posner 340)","The Phi Beta Kappa Society and the Carnegie Mellon Institute for Strategy & Technology (CMIST) invite you to a special Visiting Scholars Program event. Join us for an insightful talk by Professor David M. Rabban of the University of Texas School of Law, as he delves into the complex history of academic freedom—the subject of his new book, Academic Freedom: From Professional Norm To First Amendment Right.",https://events.cmu.edu/event/25703-academic-freedom-from-professional-norm-to-first
2025-10-23,32nd Annual Food Drive,All Day,,"Each year, the CMU community comes together to address hunger and food insecurity in our region through the highest-grossing food drive in the City of Pittsburgh. Help us keep the tradition alive in 2025!",https://events.cmu.edu/event/26163-32nd-annual-food-drive
2025-10-23,"Character: Lived, Tested, Exposed",All Day,"Cohon University Center, Kirr Commons",An exhibition by the third-year communication design students,https://events.cmu.edu/event/26243-character-lived-tested-exposed
2025-10-23,Here to Stay: Celebrating 40 Years at the Architecture Archives,All Day,"Hunt Library, Fourth Floor","This University Libraries’ exhibition celebrates the 40th anniversary of the Architecture Archives, which was founded to create, conserve and promote the rich history of Pittsburgh’s buildings and tell part of the story of this dynamic city.",https://events.cmu.edu/event/7307-here-to-stay-celebrating-40-years-at-the
2025-10-23,ISO Digital Scavenger Hunt,All Day,Online,,https://events.cmu.edu/event/26159-iso-digital-scavenger-hunt
2025-10-23,Room to Imagine: 125 Years of Carnegie Mellon University,All Day,Hunt Library Gallery,"This immersive exhibit celebrates 125 years of CMU students, faculty and staff who turned their imagination into reality.",https://events.cmu.edu/event/25250-room-to-imagine-125-years-of-carnegie-mellon
2025-10-23,The Art and Science of Rafael Lucas Rodríguez Caballero,All Day,"Hunt Institute for Botanical Documentation, 5th Floor, Hunt Library","This exhibition at the Hunt Institute for Botanical Documentation celebrates the extraordinary life and work of Rafael Lucas Rodríguez Caballero, Costa Rican botanist, artist and educator.",https://events.cmu.edu/event/14670-the-art-and-science-of-rafael-lucas-rodriguez
2025-10-24,Libraries Workshop: Series: Getting Started with C/C++,1761312600,Online,,https://events.cmu.edu/event/24850-libraries-workshop-series-getting-started-with-cc
2025-10-24,Astro Lunch Seminar: Erica Hammerstein (Berkeley),1761321600,Wean Hall (8330),,https://events.cmu.edu/event/26156-astro-lunch-seminar-erica-hammerstein-berkeley
2025-10-24,32nd Annual Food Drive,All Day,,"Each year, the CMU community comes together to address hunger and food insecurity in our region through the highest-grossing food drive in the City of Pittsburgh. Help us keep the tradition alive in 2025!",https://events.cmu.edu/event/26163-32nd-annual-food-drive
2025-10-24,"Character: Lived, Tested, Exposed",All Day,"Cohon University Center, Kirr Commons",An exhibition by the third-year communication design students,https://events.cmu.edu/event/26243-character-lived-tested-exposed
2025-10-24,Here to Stay: Celebrating 40 Years at the Architecture Archives,All Day,"Hunt Library, Fourth Floor","This University Libraries’ exhibition celebrates the 40th anniversary of the Architecture Archives, which was founded to create, conserve and promote the rich history of Pittsburgh’s buildings and tell part of the story of this dynamic city.",https://events.cmu.edu/event/7307-here-to-stay-celebrating-40-years-at-the
2025-10-24,ISO Digital Scavenger Hunt,All Day,Online,,https://events.cmu.edu/event/26159-iso-digital-scavenger-hunt
2025-10-24,"Mini-2 Add, Audit &amp; Tuition Adjustment Drop Deadline",All Day,,,https://events.cmu.edu/event/21995-mini-2-add-audit-tuition-adjustment-drop
2025-10-24,Room to Imagine: 125 Years of Carnegie Mellon University,All Day,Hunt Library Gallery,"This immersive exhibit celebrates 125 years of CMU students, faculty and staff who turned their imagination into reality.",https://events.cmu.edu/event/25250-room-to-imagine-125-years-of-carnegie-mellon
2025-10-24,The Art and Science of Rafael Lucas Rodríguez Caballero,All Day,"Hunt Institute for Botanical Documentation, 5th Floor, Hunt Library","This exhibition at the Hunt Institute for Botanical Documentation celebrates the extraordinary life and work of Rafael Lucas Rodríguez Caballero, Costa Rican botanist, artist and educator.",https://events.cmu.edu/event/14670-the-art-and-science-of-rafael-lucas-rodriguez
2025-10-25,32nd Annual Food Drive,All Day,,"Each year, the CMU community comes together to address hunger and food insecurity in our region through the highest-grossing food drive in the City of Pittsburgh. Help us keep the tradition alive in 2025!",https://events.cmu.edu/event/26163-32nd-annual-food-drive
2025-10-25,"Character: Lived, Tested, Exposed",All Day,"Cohon University Center, Kirr Commons",An exhibition by the third-year communication design students,https://events.cmu.edu/event/26243-character-lived-tested-exposed
2025-10-25,Here to Stay: Celebrating 40 Years at the Architecture Archives,All Day,"Hunt Library, Fourth Floor","This University Libraries’ exhibition celebrates the 40th anniversary of the Architecture Archives, which was founded to create, conserve and promote the rich history of Pittsburgh’s buildings and tell part of the story of this dynamic city.",https://events.cmu.edu/event/7307-here-to-stay-celebrating-40-years-at-the
2025-10-25,ISO Digital Scavenger Hunt,All Day,Online,,https://events.cmu.edu/event/26159-iso-digital-scavenger-hunt
2025-10-25,Room to Imagine: 125 Years of Carnegie Mellon University,All Day,Hunt Library Gallery,"This immersive exhibit celebrates 125 years of CMU students, faculty and staff who turned their imagination into reality.",https://events.cmu.edu/event/25250-room-to-imagine-125-years-of-carnegie-mellon
2025-10-25,The Art and Science of Rafael Lucas Rodríguez Caballero,All Day,"Hunt Institute for Botanical Documentation, 5th Floor, Hunt Library","This exhibition at the Hunt Institute for Botanical Documentation celebrates the extraordinary life and work of Rafael Lucas Rodríguez Caballero, Costa Rican botanist, artist and educator.",https://events.cmu.edu/event/14670-the-art-and-science-of-rafael-lucas-rodriguez
2025-10-26,32nd Annual Food Drive,All Day,,"Each year, the CMU community comes together to address hunger and food insecurity in our region through the highest-grossing food drive in the City of Pittsburgh. Help us keep the tradition alive in 2025!",https://events.cmu.edu/event/26163-32nd-annual-food-drive
2025-10-26,"Character: Lived, Tested, Exposed",All Day,"Cohon University Center, Kirr Commons",An exhibition by the third-year communication design students,https://events.cmu.edu/event/26243-character-lived-tested-exposed
2025-10-26,Here to Stay: Celebrating 40 Years at the Architecture Archives,All Day,"Hunt Library, Fourth Floor","This University Libraries’ exhibition celebrates the 40th anniversary of the Architecture Archives, which was founded to create, conserve and promote the rich history of Pittsburgh’s buildings and tell part of the story of this dynamic city.",https://events.cmu.edu/event/7307-here-to-stay-celebrating-40-years-at-the
2025-10-26,ISO Digital Scavenger Hunt,All Day,Online,,https://events.cmu.edu/event/26159-iso-digital-scavenger-hunt
2025-10-26,Room to Imagine: 125 Years of Carnegie Mellon University,All Day,Hunt Library Gallery,"This immersive exhibit celebrates 125 years of CMU students, faculty and staff who turned their imagination into reality.",https://events.cmu.edu/event/25250-room-to-imagine-125-years-of-carnegie-mellon
2025-10-26,The Art and Science of Rafael Lucas Rodríguez Caballero,All Day,"Hunt Institute for Botanical Documentation, 5th Floor, Hunt Library","This exhibition at the Hunt Institute for Botanical Documentation celebrates the extraordinary life and work of Rafael Lucas Rodríguez Caballero, Costa Rican botanist, artist and educator.",https://events.cmu.edu/event/14670-the-art-and-science-of-rafael-lucas-rodriguez
2025-10-27,32nd Annual Food Drive,All Day,,"Each year, the CMU community comes together to address hunger and food insecurity in our region through the highest-grossing food drive in the City of Pittsburgh. Help us keep the tradition alive in 2025!",https://events.cmu.edu/event/26163-32nd-annual-food-drive
2025-10-27,"Character: Lived, Tested, Exposed",All Day,"Cohon University Center, Kirr Commons",An exhibition by the third-year communication design students,https://events.cmu.edu/event/26243-character-lived-tested-exposed
2025-10-27,Here to Stay: Celebrating 40 Years at the Architecture Archives,All Day,"Hunt Library, Fourth Floor","This University Libraries’ exhibition celebrates the 40th anniversary of the Architecture Archives, which was founded to create, conserve and promote the rich history of Pittsburgh’s buildings and tell part of the story of this dynamic city.",https://events.cmu.edu/event/7307-here-to-stay-celebrating-40-years-at-the
2025-10-27,ISO Digital Scavenger Hunt,All Day,Online,,https://events.cmu.edu/event/26159-iso-digital-scavenger-hunt
2025-10-27,Room to Imagine: 125 Years of Carnegie Mellon University,All Day,Hunt Library Gallery,"This immersive exhibit celebrates 125 years of CMU students, faculty and staff who turned their imagination into reality.",https://events.cmu.edu/event/25250-room-to-imagine-125-years-of-carnegie-mellon
2025-10-27,The Art and Science of Rafael Lucas Rodríguez Caballero,All Day,"Hunt Institute for Botanical Documentation, 5th Floor, Hunt Library","This exhibition at the Hunt Institute for Botanical Documentation celebrates the extraordinary life and work of Rafael Lucas Rodríguez Caballero, Costa Rican botanist, artist and educator.",https://events.cmu.edu/event/14670-the-art-and-science-of-rafael-lucas-rodriguez
2025-10-28,Study Abroad Coffee Hour,1761663600,,All students are welcome to join and ask the Study Abroad team any questions they may have.,https://events.cmu.edu/event/25476-study-abroad-coffee-hour
2025-10-28,Libraries Workshop: Arts x EShip - Crafting a Business Plan &amp; Pitch,1761667200,Online,,https://events.cmu.edu/event/24851-libraries-workshop-arts-x-eship-crafting-a
2025-10-28,Swartz Center CONNECTS Seminar Series,1761669000,"Swartz Center for Entrepreneurship, Tepper Building, or Zoom",The Swartz Center for Entrepreneurship’s CONNECTS seminar series enhances the experiential education of any individual interested in innovation and entrepreneurship.,https://events.cmu.edu/event/23704-swartz-center-connects-seminar-series
2025-10-28,Film Screening: Bad Press,1761685800,Posner Hall (room TBD),"Join us for a screening of the Sundance award-winning documentary Bad Press, which follows Muscogee journalist Angel Ellis as she challenges her nation’s sudden censorship of the press.",https://events.cmu.edu/event/film-bad-press
2025-10-28,32nd Annual Food Drive,All Day,,"Each year, the CMU community comes together to address hunger and food insecurity in our region through the highest-grossing food drive in the City of Pittsburgh. Help us keep the tradition alive in 2025!",https://events.cmu.edu/event/26163-32nd-annual-food-drive
2025-10-28,"Character: Lived, Tested, Exposed",All Day,"Cohon University Center, Kirr Commons",An exhibition by the third-year communication design students,https://events.cmu.edu/event/26243-character-lived-tested-exposed
2025-10-28,Here to Stay: Celebrating 40 Years at the Architecture Archives,All Day,"Hunt Library, Fourth Floor","This University Libraries’ exhibition celebrates the 40th anniversary of the Architecture Archives, which was founded to create, conserve and promote the rich history of Pittsburgh’s buildings and tell part of the story of this dynamic city.",https://events.cmu.edu/event/7307-here-to-stay-celebrating-40-years-at-the
2025-10-28,ISO Digital Scavenger Hunt,All Day,Online,,https://events.cmu.edu/event/26159-iso-digital-scavenger-hunt
2025-10-28,Room to Imagine: 125 Years of Carnegie Mellon University,All Day,Hunt Library Gallery,"This immersive exhibit celebrates 125 years of CMU students, faculty and staff who turned their imagination into reality.",https://events.cmu.edu/event/25250-room-to-imagine-125-years-of-carnegie-mellon
2025-10-28,The Art and Science of Rafael Lucas Rodríguez Caballero,All Day,"Hunt Institute for Botanical Documentation, 5th Floor, Hunt Library","This exhibition at the Hunt Institute for Botanical Documentation celebrates the extraordinary life and work of Rafael Lucas Rodríguez Caballero, Costa Rican botanist, artist and educator.",https://events.cmu.edu/event/14670-the-art-and-science-of-rafael-lucas-rodriguez
2025-10-29,"Staff Supervisory Awareness Program: Session 402, Performance Management: Addressing Challenging Employee Issues",1761742800,,"This session will help supervisors communicate expectations and responsibilities, document and investigate employee performance, practice strategies for giving constructive feedback to team members with performance issues, learn when and how to reach out to your HR business partner, and understand progressive discipline and the corrective actions available for employees who are struggling to meet performance expectations.",https://events.cmu.edu/event/22345-staff-supervisory-awareness-program-session-402
2025-10-29,Libraries Workshop: Conducting Scoping Reviews to Understand the Research Landscape,1761750000,Online,,https://events.cmu.edu/event/24853-libraries-workshop-conducting-scoping-reviews-to
2025-10-29,AI-SDM Seminar Series: Doron Cohen,1761753600,Newell-Simon Hall 4305 or Zoom,,https://events.cmu.edu/event/25175-ai-sdm-seminar-series-doron-cohen
2025-10-29,Swartz Center CONNECTS Seminar Series,1761755400,"Swartz Center for Entrepreneurship, Tepper Building, or Zoom",The Swartz Center for Entrepreneurship’s CONNECTS seminar series enhances the experiential education of any individual interested in innovation and entrepreneurship.,https://events.cmu.edu/event/23702-swartz-center-connects-seminar-series
2025-10-29,CMIST’s Politics &amp; Pie,1761771600,"Posner Hall, Grand Room (Posner 340)","Stop by to talk with CMIST faculty, academic advisors and your peers to learn about the wide variety of international relations and political science courses offered by CMIST in spring 2026 - all while enjoying delicious pie from Piebird!",https://events.cmu.edu/event/25238-cmists-politics-pie
2025-10-29,Paws to Relax: Weekly Pet Therapy Program,1761777000,"Well-being Lab (Room 104), Wellness &amp; Meaning-Making Suite, First Floor, Highmark Center for Health, Wellness and Athletics","Volunteers through Animal Friend’s Therapet program will join us on Wednesdays, from 6:30-7:30 p.m., to offer some friendly dog companions for the hour.",https://events.cmu.edu/event/23773-paws-to-relax-weekly-pet-therapy-program
2025-10-29,32nd Annual Food Drive,All Day,,"Each year, the CMU community comes together to address hunger and food insecurity in our region through the highest-grossing food drive in the City of Pittsburgh. Help us keep the tradition alive in 2025!",https://events.cmu.edu/event/26163-32nd-annual-food-drive
2025-10-29,"Character: Lived, Tested, Exposed",All Day,"Cohon University Center, Kirr Commons",An exhibition by the third-year communication design students,https://events.cmu.edu/event/26243-character-lived-tested-exposed
2025-10-29,Here to Stay: Celebrating 40 Years at the Architecture Archives,All Day,"Hunt Library, Fourth Floor","This University Libraries’ exhibition celebrates the 40th anniversary of the Architecture Archives, which was founded to create, conserve and promote the rich history of Pittsburgh’s buildings and tell part of the story of this dynamic city.",https://events.cmu.edu/event/7307-here-to-stay-celebrating-40-years-at-the
2025-10-29,ISO Digital Scavenger Hunt,All Day,Online,,https://events.cmu.edu/event/26159-iso-digital-scavenger-hunt
2025-10-29,Room to Imagine: 125 Years of Carnegie Mellon University,All Day,Hunt Library Gallery,"This immersive exhibit celebrates 125 years of CMU students, faculty and staff who turned their imagination into reality.",https://events.cmu.edu/event/25250-room-to-imagine-125-years-of-carnegie-mellon
2025-10-29,The Art and Science of Rafael Lucas Rodríguez Caballero,All Day,"Hunt Institute for Botanical Documentation, 5th Floor, Hunt Library","This exhibition at the Hunt Institute for Botanical Documentation celebrates the extraordinary life and work of Rafael Lucas Rodríguez Caballero, Costa Rican botanist, artist and educator.",https://events.cmu.edu/event/14670-the-art-and-science-of-rafael-lucas-rodriguez
2025-10-30,Libraries Workshop: Communicating Data: R Shiny,1761840000,Online,,https://events.cmu.edu/event/24854-libraries-workshop-communicating-data-r-shiny
2025-10-30,Swartz Center CONNECTS Seminar Series,1761841800,"Swartz Center for Entrepreneurship, Tepper Building, or Zoom",The Swartz Center for Entrepreneurship’s CONNECTS seminar series enhances the experiential education of any individual interested in innovation and entrepreneurship.,https://events.cmu.edu/event/23701-swartz-center-connects-seminar-series
2025-10-30,Libraries Workshop: SQL Fundamentals,1761843600,"Sorrells Library Den, Wean Hall",,https://events.cmu.edu/event/24855-libraries-workshop-sql-fundamentals
2025-10-30,"Libraries Workshop: From Folklore to “Fact”: Researching urban legends, supernatural sightings, and haunted ecologies using primary source methods",1761854400,"Hunt Library, Room 308",,https://events.cmu.edu/event/24856-libraries-workshop-from-folklore-to-fact
2025-10-30,32nd Annual Food Drive,All Day,,"Each year, the CMU community comes together to address hunger and food insecurity in our region through the highest-grossing food drive in the City of Pittsburgh. Help us keep the tradition alive in 2025!",https://events.cmu.edu/event/26163-32nd-annual-food-drive
2025-10-30,"Character: Lived, Tested, Exposed",All Day,"Cohon University Center, Kirr Commons",An exhibition by the third-year communication design students,https://events.cmu.edu/event/26243-character-lived-tested-exposed
2025-10-30,Here to Stay: Celebrating 40 Years at the Architecture Archives,All Day,"Hunt Library, Fourth Floor","This University Libraries’ exhibition celebrates the 40th anniversary of the Architecture Archives, which was founded to create, conserve and promote the rich history of Pittsburgh’s buildings and tell part of the story of this dynamic city.",https://events.cmu.edu/event/7307-here-to-stay-celebrating-40-years-at-the
2025-10-30,ISO Digital Scavenger Hunt,All Day,Online,,https://events.cmu.edu/event/26159-iso-digital-scavenger-hunt
2025-10-30,Room to Imagine: 125 Years of Carnegie Mellon University,All Day,Hunt Library Gallery,"This immersive exhibit celebrates 125 years of CMU students, faculty and staff who turned their imagination into reality.",https://events.cmu.edu/event/25250-room-to-imagine-125-years-of-carnegie-mellon
2025-10-30,The Art and Science of Rafael Lucas Rodríguez Caballero,All Day,"Hunt Institute for Botanical Documentation, 5th Floor, Hunt Library","This exhibition at the Hunt Institute for Botanical Documentation celebrates the extraordinary life and work of Rafael Lucas Rodríguez Caballero, Costa Rican botanist, artist and educator.",https://events.cmu.edu/event/14670-the-art-and-science-of-rafael-lucas-rodriguez
2025-10-31,Libraries Workshop: Series: Getting Started with C/C++,1761917400,Online,,https://events.cmu.edu/event/24858-libraries-workshop-series-getting-started-with-cc
2025-10-31,Libraries Workshop: Advanced Research Note-Taking with Obsidian,1761930000,"Sorrells Library Den, Wean Hall",,https://events.cmu.edu/event/24861-libraries-workshop-advanced-research-note-taking
2025-10-31,32nd Annual Food Drive,All Day,,"Each year, the CMU community comes together to address hunger and food insecurity in our region through the highest-grossing food drive in the City of Pittsburgh. Help us keep the tradition alive in 2025!",https://events.cmu.edu/event/26163-32nd-annual-food-drive
2025-10-31,"Character: Lived, Tested, Exposed",All Day,"Cohon University Center, Kirr Commons",An exhibition by the third-year communication design students,https://events.cmu.edu/event/26243-character-lived-tested-exposed
2025-10-31,Here to Stay: Celebrating 40 Years at the Architecture Archives,All Day,"Hunt Library, Fourth Floor","This University Libraries’ exhibition celebrates the 40th anniversary of the Architecture Archives, which was founded to create, conserve and promote the rich history of Pittsburgh’s buildings and tell part of the story of this dynamic city.",https://events.cmu.edu/event/7307-here-to-stay-celebrating-40-years-at-the
2025-10-31,ISO Digital Scavenger Hunt,All Day,Online,,https://events.cmu.edu/event/26159-iso-digital-scavenger-hunt
2025-10-31,Room to Imagine: 125 Years of Carnegie Mellon University,All Day,Hunt Library Gallery,"This immersive exhibit celebrates 125 years of CMU students, faculty and staff who turned their imagination into reality.",https://events.cmu.edu/event/25250-room-to-imagine-125-years-of-carnegie-mellon
2025-10-31,Samhain Begins,All Day,,"Pronounced “saah-win,” Samhain is a Wiccan and Neo-pagan harvest celebration with spiritual awareness of and connection with one’s departed ancestors.",https://events.cmu.edu/event/22033-samhain-begins
2025-10-31,The Art and Science of Rafael Lucas Rodríguez Caballero,All Day,"Hunt Institute for Botanical Documentation, 5th Floor, Hunt Library","This exhibition at the Hunt Institute for Botanical Documentation celebrates the extraordinary life and work of Rafael Lucas Rodríguez Caballero, Costa Rican botanist, artist and educator.",https://events.cmu.edu/event/14670-the-art-and-science-of-rafael-lucas-rodriguez
2025-11-01,(Men’s Soccer) Rochester (N.Y.) vs. Carnegie Mellon,1762009200,,,https://events.cmu.edu/event/23863-mens-soccer-rochester-ny-vs-carnegie-mellon
2025-11-01,(Women’s Soccer) Rochester (N.Y.) vs. Carnegie Mellon,1762018200,,,https://events.cmu.edu/event/23862-womens-soccer-rochester-ny-vs-carnegie-mellon
2025-11-01,32nd Annual Food Drive,All Day,,"Each year, the CMU community comes together to address hunger and food insecurity in our region through the highest-grossing food drive in the City of Pittsburgh. Help us keep the tradition alive in 2025!",https://events.cmu.edu/event/26163-32nd-annual-food-drive
2025-11-01,All Saints’ Day,All Day,,"All Saints’ Day is honored by many Western Christians, in gratitude for saints who have gone before.",https://events.cmu.edu/event/22035-all-saints-day
2025-11-01,"Character: Lived, Tested, Exposed",All Day,"Cohon University Center, Kirr Commons",An exhibition by the third-year communication design students,https://events.cmu.edu/event/26243-character-lived-tested-exposed
2025-11-01,Día de Los Muertos Begins,All Day,,"Día de Los Muertos is a Mexican holiday associated with All Saints’ Day, celebrated by praying for and remembering departed friends and family members.",https://events.cmu.edu/event/22036-dia-de-los-muertos-begins
2025-11-01,Here to Stay: Celebrating 40 Years at the Architecture Archives,All Day,"Hunt Library, Fourth Floor","This University Libraries’ exhibition celebrates the 40th anniversary of the Architecture Archives, which was founded to create, conserve and promote the rich history of Pittsburgh’s buildings and tell part of the story of this dynamic city.",https://events.cmu.edu/event/7307-here-to-stay-celebrating-40-years-at-the
2025-11-01,Native American Heritage Month Begins,All Day,,,https://events.cmu.edu/event/25614-native-american-heritage-month-begins
2025-11-01,Room to Imagine: 125 Years of Carnegie Mellon University,All Day,Hunt Library Gallery,"This immersive exhibit celebrates 125 years of CMU students, faculty and staff who turned their imagination into reality.",https://events.cmu.edu/event/25250-room-to-imagine-125-years-of-carnegie-mellon
2025-11-01,Samhain Ends,All Day,,"Pronounced “saah-win,” Samhain is a Wiccan and Neo-pagan harvest celebration with spiritual awareness of and connection with one’s departed ancestors.",https://events.cmu.edu/event/22034-samhain-ends
2025-11-01,The Art and Science of Rafael Lucas Rodríguez Caballero,All Day,"Hunt Institute for Botanical Documentation, 5th Floor, Hunt Library","This exhibition at the Hunt Institute for Botanical Documentation celebrates the extraordinary life and work of Rafael Lucas Rodríguez Caballero, Costa Rican botanist, artist and educator.",https://events.cmu.edu/event/14670-the-art-and-science-of-rafael-lucas-rodriguez
2025-11-02,Carnegie Mellon Philharmonic,1762129800,"Carnegie Music Hall, Oakland @ 4400 Forbes Avenue, Pittsburgh, Pennsylvania, 15213, United States",,https://events.cmu.edu/https://events.time.ly/vdibqnd/43901187
2025-11-02,32nd Annual Food Drive,All Day,,"Each year, the CMU community comes together to address hunger and food insecurity in our region through the highest-grossing food drive in the City of Pittsburgh. Help us keep the tradition alive in 2025!",https://events.cmu.edu/event/26163-32nd-annual-food-drive
2025-11-02,Anniversary of the Crowning of Haile Salassie,All Day,,,https://events.cmu.edu/event/22038-anniversary-of-the-crowning-of-haile-salassie
2025-11-02,"Character: Lived, Tested, Exposed",All Day,"Cohon University Center, Kirr Commons",An exhibition by the third-year communication design students,https://events.cmu.edu/event/26243-character-lived-tested-exposed
2025-11-02,Día de Los Muertos Ends,All Day,,"Día de Los Muertos is a Mexican holiday associated with All Saints’ Day, celebrated by praying for and remembering departed friends and family members.",https://events.cmu.edu/event/22037-dia-de-los-muertos-ends
2025-11-02,Here to Stay: Celebrating 40 Years at the Architecture Archives,All Day,"Hunt Library, Fourth Floor","This University Libraries’ exhibition celebrates the 40th anniversary of the Architecture Archives, which was founded to create, conserve and promote the rich history of Pittsburgh’s buildings and tell part of the story of this dynamic city.",https://events.cmu.edu/event/7307-here-to-stay-celebrating-40-years-at-the
2025-11-02,Room to Imagine: 125 Years of Carnegie Mellon University,All Day,Hunt Library Gallery,"This immersive exhibit celebrates 125 years of CMU students, faculty and staff who turned their imagination into reality.",https://events.cmu.edu/event/25250-room-to-imagine-125-years-of-carnegie-mellon
2025-11-02,The Art and Science of Rafael Lucas Rodríguez Caballero,All Day,"Hunt Institute for Botanical Documentation, 5th Floor, Hunt Library","This exhibition at the Hunt Institute for Botanical Documentation celebrates the extraordinary life and work of Rafael Lucas Rodríguez Caballero, Costa Rican botanist, artist and educator.",https://events.cmu.edu/event/14670-the-art-and-science-of-rafael-lucas-rodriguez
2025-11-03,32nd Annual Food Drive,All Day,,"Each year, the CMU community comes together to address hunger and food insecurity in our region through the highest-grossing food drive in the City of Pittsburgh. Help us keep the tradition alive in 2025!",https://events.cmu.edu/event/26163-32nd-annual-food-drive
2025-11-03,"Character: Lived, Tested, Exposed",All Day,"Cohon University Center, Kirr Commons",An exhibition by the third-year communication design students,https://events.cmu.edu/event/26243-character-lived-tested-exposed
2025-11-03,Here to Stay: Celebrating 40 Years at the Architecture Archives,All Day,"Hunt Library, Fourth Floor","This University Libraries’ exhibition celebrates the 40th anniversary of the Architecture Archives, which was founded to create, conserve and promote the rich history of Pittsburgh’s buildings and tell part of the story of this dynamic city.",https://events.cmu.edu/event/7307-here-to-stay-celebrating-40-years-at-the
2025-11-03,Room to Imagine: 125 Years of Carnegie Mellon University,All Day,Hunt Library Gallery,"This immersive exhibit celebrates 125 years of CMU students, faculty and staff who turned their imagination into reality.",https://events.cmu.edu/event/25250-room-to-imagine-125-years-of-carnegie-mellon
2025-11-03,The Art and Science of Rafael Lucas Rodríguez Caballero,All Day,"Hunt Institute for Botanical Documentation, 5th Floor, Hunt Library","This exhibition at the Hunt Institute for Botanical Documentation celebrates the extraordinary life and work of Rafael Lucas Rodríguez Caballero, Costa Rican botanist, artist and educator.",https://events.cmu.edu/event/14670-the-art-and-science-of-rafael-lucas-rodriguez
2025-11-04,Employee Retention,1762270200,,High staff turnover presents significant challenges for supervisors. In this session you will gain an in-depth understanding of one employee retention tool – the stay interview – and explore additional strategies to promote employee engagement.,https://events.cmu.edu/event/22333-employee-retention
2025-11-04,Monthly Gratitude Gathering,1762275600,,"Join us for a virtual gratitude gathering on the last Tuesday of every month to pause, reflect and appreciate the goodness in our lives.",https://events.cmu.edu/event/23782-monthly-gratitude-gathering
2025-11-04,Libraries Workshop: Mining Microhistories: How to Extract Data from Historical Print Sources [Hybrid],1762288200,"Hybrid — Hunt Library, Room 308 and Online",,https://events.cmu.edu/event/24863-libraries-workshop-mining-microhistories-how-to
2025-11-04,32nd Annual Food Drive,All Day,,"Each year, the CMU community comes together to address hunger and food insecurity in our region through the highest-grossing food drive in the City of Pittsburgh. Help us keep the tradition alive in 2025!",https://events.cmu.edu/event/26163-32nd-annual-food-drive
2025-11-04,Democracy Day; No Classes (evening classes after 5pm will still meet),All Day,,,https://events.cmu.edu/event/21994-democracy-day-no-classes-evening-classes-after-5pm
2025-11-04,Here to Stay: Celebrating 40 Years at the Architecture Archives,All Day,"Hunt Library, Fourth Floor","This University Libraries’ exhibition celebrates the 40th anniversary of the Architecture Archives, which was founded to create, conserve and promote the rich history of Pittsburgh’s buildings and tell part of the story of this dynamic city.",https://events.cmu.edu/event/7307-here-to-stay-celebrating-40-years-at-the
2025-11-04,Room to Imagine: 125 Years of Carnegie Mellon University,All Day,Hunt Library Gallery,"This immersive exhibit celebrates 125 years of CMU students, faculty and staff who turned their imagination into reality.",https://events.cmu.edu/event/25250-room-to-imagine-125-years-of-carnegie-mellon
2025-11-04,The Art and Science of Rafael Lucas Rodríguez Caballero,All Day,"Hunt Institute for Botanical Documentation, 5th Floor, Hunt Library","This exhibition at the Hunt Institute for Botanical Documentation celebrates the extraordinary life and work of Rafael Lucas Rodríguez Caballero, Costa Rican botanist, artist and educator.",https://events.cmu.edu/event/14670-the-art-and-science-of-rafael-lucas-rodriguez
2025-11-05,"Staff Supervisory Awareness Program: Session 403, Employee Retention",1762351200,,High staff turnover presents significant challenges for supervisors. In this session you will gain an in-depth understanding of one employee retention tool – the stay interview – and explore additional strategies to promote employee engagement.,https://events.cmu.edu/event/22346-staff-supervisory-awareness-program-session-403
2025-11-05,Benefits &amp; Fitness Fair,1762354800,Cohon University Center,The Benefits & Fitness Fair is an opportunity to meet with CMU’s benefit providers and representatives from the Office of Human Resources to learn about your 2026 benefits options.,https://events.cmu.edu/event/23529-benefits-fitness-fair
2025-11-05,"Libraries Workshop: Breathe, Reset, and Connect with Your Heart [Virtual]",1762362000,Online,,https://events.cmu.edu/event/24862-libraries-workshop-breathe-reset-and-connect-with
2025-11-05,Study Abroad Pre-Departure Session,1762362000,"Cohon University Center, Danforth Conference Room",Attending one pre-departure orientation is required for all study abroad students.,https://events.cmu.edu/event/25477-study-abroad-pre-departure-session
2025-11-05,Swartz Center CONNECTS Seminar Series,1762363800,"Swartz Center for Entrepreneurship, Tepper Building, or Zoom",The Swartz Center for Entrepreneurship’s CONNECTS seminar series enhances the experiential education of any individual interested in innovation and entrepreneurship.,https://events.cmu.edu/event/23700-swartz-center-connects-seminar-series
2025-11-05,Spring Courses to Get You Out of the Classroom,1762381800,Baker Hall A36 - Adamson Wing,"Interested in undergraduate research, gaining hands-on experience, or learning in a more exciting or nontraditional setting?",https://events.cmu.edu/event/26155-spring-courses-to-get-you-out-of-the-classroom
2025-11-05,Paws to Relax: Weekly Pet Therapy Program,1762385400,"Well-being Lab (Room 104), Wellness &amp; Meaning-Making Suite, First Floor, Highmark Center for Health, Wellness and Athletics","Volunteers through Animal Friend’s Therapet program will join us on Wednesdays, from 6:30-7:30 p.m., to offer some friendly dog companions for the hour.",https://events.cmu.edu/event/23774-paws-to-relax-weekly-pet-therapy-program
2025-11-05,32nd Annual Food Drive,All Day,,"Each year, the CMU community comes together to address hunger and food insecurity in our region through the highest-grossing food drive in the City of Pittsburgh. Help us keep the tradition alive in 2025!",https://events.cmu.edu/event/26163-32nd-annual-food-drive
2025-11-05,Guru Nanak Ji’s Birthday,All Day,,,https://events.cmu.edu/event/22039-guru-nanak-jis-birthday
2025-11-05,Here to Stay: Celebrating 40 Years at the Architecture Archives,All Day,"Hunt Library, Fourth Floor","This University Libraries’ exhibition celebrates the 40th anniversary of the Architecture Archives, which was founded to create, conserve and promote the rich history of Pittsburgh’s buildings and tell part of the story of this dynamic city.",https://events.cmu.edu/event/7307-here-to-stay-celebrating-40-years-at-the
2025-11-05,Room to Imagine: 125 Years of Carnegie Mellon University,All Day,Hunt Library Gallery,"This immersive exhibit celebrates 125 years of CMU students, faculty and staff who turned their imagination into reality.",https://events.cmu.edu/event/25250-room-to-imagine-125-years-of-carnegie-mellon
2025-11-05,The Art and Science of Rafael Lucas Rodríguez Caballero,All Day,"Hunt Institute for Botanical Documentation, 5th Floor, Hunt Library","This exhibition at the Hunt Institute for Botanical Documentation celebrates the extraordinary life and work of Rafael Lucas Rodríguez Caballero, Costa Rican botanist, artist and educator.",https://events.cmu.edu/event/14670-the-art-and-science-of-rafael-lucas-rodriguez
2025-11-06,CMU Mobile Polar Plunge,1762444800,Donner Ditch,"The Polar Plunge is coming to CMU’s campus! Kick off homecoming weekend and support Special Olympics Pennsylvania by jumping into the mobile plunge unit, Bear Force One!",https://events.cmu.edu/event/25560-cmu-mobile-polar-plunge
2025-11-06,Libraries Workshop: Communicating Data: Power BI,1762448400,Online,,https://events.cmu.edu/event/24864-libraries-workshop-communicating-data-power-bi
2025-11-06,Power of Possibilities President’s Lecture and 125th Anniversary Kickoff,1762462800,TBD,"A CMU125 at Homecoming Weekend event featuring CMU alumnus Luis von Ahn, CEO and co-founder of Duolingo.",https://events.cmu.edu/event/26145-power-of-possibilities-presidents-lecture-and
2025-11-06,Study Abroad Pre-Departure Session,1762464600,TBD,Attending one pre-departure orientation is required for all study abroad students.,https://events.cmu.edu/event/25478-study-abroad-pre-departure-session
2025-11-06,32nd Annual Food Drive,All Day,,"Each year, the CMU community comes together to address hunger and food insecurity in our region through the highest-grossing food drive in the City of Pittsburgh. Help us keep the tradition alive in 2025!",https://events.cmu.edu/event/26163-32nd-annual-food-drive
2025-11-06,CMU125 at Homecoming Weekend,All Day,CMU Main Campus,Tartans are coming home to celebrate Homecoming Weekend and CMU’s 125th anniversary with a full slate of family-friendly events!,https://events.cmu.edu/event/26166-cmu125-at-homecoming-weekend
2025-11-06,Here to Stay: Celebrating 40 Years at the Architecture Archives,All Day,"Hunt Library, Fourth Floor","This University Libraries’ exhibition celebrates the 40th anniversary of the Architecture Archives, which was founded to create, conserve and promote the rich history of Pittsburgh’s buildings and tell part of the story of this dynamic city.",https://events.cmu.edu/event/7307-here-to-stay-celebrating-40-years-at-the
2025-11-06,Room to Imagine: 125 Years of Carnegie Mellon University,All Day,Hunt Library Gallery,"This immersive exhibit celebrates 125 years of CMU students, faculty and staff who turned their imagination into reality.",https://events.cmu.edu/event/25250-room-to-imagine-125-years-of-carnegie-mellon
2025-11-06,The Art and Science of Rafael Lucas Rodríguez Caballero,All Day,"Hunt Institute for Botanical Documentation, 5th Floor, Hunt Library","This exhibition at the Hunt Institute for Botanical Documentation celebrates the extraordinary life and work of Rafael Lucas Rodríguez Caballero, Costa Rican botanist, artist and educator.",https://events.cmu.edu/event/14670-the-art-and-science-of-rafael-lucas-rodriguez
2025-11-07,Heartfulness Weekly Meditation,1762523100,"Well-being Lab (Room 104), Wellness &amp; Meaning-Making Suite, First Floor, Highmark Center for Health, Wellness and Athletics",,https://events.cmu.edu/event/23787-heartfulness-weekly-meditation
2025-11-07,Libraries Workshop: Series: Getting Started with C/C++,1762525800,Online,,https://events.cmu.edu/event/24865-libraries-workshop-series-getting-started-with-cc
2025-11-07,Astro Lunch Seminar: Gabe Freedman (PSU),1762534800,Wean Hall (8330),,https://events.cmu.edu/event/26152-astro-lunch-seminar-gabe-freedman-psu
2025-11-07,Beyond the Intersection of Art and Technology,1762549200,"IDeATe Studios A &amp; B, Hunt Library",Learn more about IDeATe’s interdisciplinary student work and unique immersive course events during Homecoming 2025.,https://events.cmu.edu/event/26119-beyond-the-intersection-of-art-and-technology
2025-11-07,"Hands-On: Cake &amp; Crafts, a 125th Birthday Celebration with the University Archives",1762549200,"Hunt Library, IDeATe Studios A &amp; B","Celebrate 125 years of Carnegie Mellon University with cake, crafts, and a journey through campus life across the decades.",https://events.cmu.edu/event/26120-hands-on-cake-crafts-a-125th-birthday-celebration-with
2025-11-07,32nd Annual Food Drive,All Day,,"Each year, the CMU community comes together to address hunger and food insecurity in our region through the highest-grossing food drive in the City of Pittsburgh. Help us keep the tradition alive in 2025!",https://events.cmu.edu/event/26163-32nd-annual-food-drive
2025-11-07,CMU125 at Homecoming Weekend,All Day,CMU Main Campus,Tartans are coming home to celebrate Homecoming Weekend and CMU’s 125th anniversary with a full slate of family-friendly events!,https://events.cmu.edu/event/26166-cmu125-at-homecoming-weekend
2025-11-07,Here to Stay: Celebrating 40 Years at the Architecture Archives,All Day,"Hunt Library, Fourth Floor","This University Libraries’ exhibition celebrates the 40th anniversary of the Architecture Archives, which was founded to create, conserve and promote the rich history of Pittsburgh’s buildings and tell part of the story of this dynamic city.",https://events.cmu.edu/event/7307-here-to-stay-celebrating-40-years-at-the
2025-11-07,Rare Books &amp; Ancestral Machines: The Inaugural Exhibition of the Posner Center for Special Collections,All Day,Posner Center,"This exhibition inaugurates University Libraries’ newly renovated Posner Center, surveying its collections and tracing more than four centuries of scientific inquiry and learning.",https://events.cmu.edu/event/26118-rare-books-ancestral-machines-the-inaugural
2025-11-07,Room to Imagine: 125 Years of Carnegie Mellon University,All Day,Hunt Library Gallery,"This immersive exhibit celebrates 125 years of CMU students, faculty and staff who turned their imagination into reality.",https://events.cmu.edu/event/25250-room-to-imagine-125-years-of-carnegie-mellon
2025-11-07,The Art and Science of Rafael Lucas Rodríguez Caballero,All Day,"Hunt Institute for Botanical Documentation, 5th Floor, Hunt Library","This exhibition at the Hunt Institute for Botanical Documentation celebrates the extraordinary life and work of Rafael Lucas Rodríguez Caballero, Costa Rican botanist, artist and educator.",https://events.cmu.edu/event/14670-the-art-and-science-of-rafael-lucas-rodriguez
2025-11-08,Beyond the Intersection of Art and Technology,1762614000,"Studios A &amp; B, Hunt Library",Learn more about IDeATe’s interdisciplinary student work and unique immersive course events during Homecoming 2025.,https://events.cmu.edu/event/26122-beyond-the-intersection-of-art-and-technology
2025-11-08,"Hands-On: Cake &amp; Crafts, a 125th Birthday Celebration with the University Archives",1762614000,"Hunt Library, IDeATe Studios A &amp; B","Celebrate 125 years of Carnegie Mellon University with cake, crafts, and a journey through campus life across the decades.",https://events.cmu.edu/event/26126-hands-on-cake-crafts-a-125th-birthday-celebration-with
2025-11-08,(Football) Franklin &amp; Marshall vs. Carnegie Mellon,1762621200,,,https://events.cmu.edu/event/23859-football-franklin-marshall-vs-carnegie-mellon
2025-11-08,(Women’s Volleyball) Penn St.-Altoona vs. Carnegie Mellon,1762630200,"Juniata College - Huntingdon, Pa.",,https://events.cmu.edu/event/23858-womens-volleyball-penn-st-altoona-vs-carnegie
2025-11-08,(Men’s Soccer) Case Western Reserve vs. Carnegie Mellon,1762635600,,,https://events.cmu.edu/event/23857-mens-soccer-case-western-reserve-vs-carnegie
2025-11-08,(Women’s Soccer) Case Western Reserve vs. Carnegie Mellon,1762644600,,,https://events.cmu.edu/event/23855-womens-soccer-case-western-reserve-vs-carnegie
2025-11-08,32nd Annual Food Drive,All Day,,"Each year, the CMU community comes together to address hunger and food insecurity in our region through the highest-grossing food drive in the City of Pittsburgh. Help us keep the tradition alive in 2025!",https://events.cmu.edu/event/26163-32nd-annual-food-drive
2025-11-08,CMU125 at Homecoming Weekend,All Day,CMU Main Campus,Tartans are coming home to celebrate Homecoming Weekend and CMU’s 125th anniversary with a full slate of family-friendly events!,https://events.cmu.edu/event/26166-cmu125-at-homecoming-weekend
2025-11-08,Here to Stay: Celebrating 40 Years at the Architecture Archives,All Day,"Hunt Library, Fourth Floor","This University Libraries’ exhibition celebrates the 40th anniversary of the Architecture Archives, which was founded to create, conserve and promote the rich history of Pittsburgh’s buildings and tell part of the story of this dynamic city.",https://events.cmu.edu/event/7307-here-to-stay-celebrating-40-years-at-the
2025-11-08,Rare Books &amp; Ancestral Machines: The Inaugural Exhibition of the Posner Center for Special Collections,All Day,Posner Center,"This exhibition inaugurates University Libraries’ newly renovated Posner Center, surveying its collections and tracing more than four centuries of scientific inquiry and learning.",https://events.cmu.edu/event/26118-rare-books-ancestral-machines-the-inaugural
2025-11-08,Room to Imagine: 125 Years of Carnegie Mellon University,All Day,Hunt Library Gallery,"This immersive exhibit celebrates 125 years of CMU students, faculty and staff who turned their imagination into reality.",https://events.cmu.edu/event/25250-room-to-imagine-125-years-of-carnegie-mellon
2025-11-08,The Art and Science of Rafael Lucas Rodríguez Caballero,All Day,"Hunt Institute for Botanical Documentation, 5th Floor, Hunt Library","This exhibition at the Hunt Institute for Botanical Documentation celebrates the extraordinary life and work of Rafael Lucas Rodríguez Caballero, Costa Rican botanist, artist and educator.",https://events.cmu.edu/event/14670-the-art-and-science-of-rafael-lucas-rodriguez
2025-11-09,(Men’s Basketball) Chatham vs. Carnegie Mellon,1762718400,,,https://events.cmu.edu/event/23854-mens-basketball-chatham-vs-carnegie-mellon
2025-11-09,Carl Sagan Day,All Day,,,https://events.cmu.edu/event/22040-carl-sagan-day
2025-11-09,Here to Stay: Celebrating 40 Years at the Architecture Archives,All Day,"Hunt Library, Fourth Floor","This University Libraries’ exhibition celebrates the 40th anniversary of the Architecture Archives, which was founded to create, conserve and promote the rich history of Pittsburgh’s buildings and tell part of the story of this dynamic city.",https://events.cmu.edu/event/7307-here-to-stay-celebrating-40-years-at-the
2025-11-09,Rare Books &amp; Ancestral Machines: The Inaugural Exhibition of the Posner Center for Special Collections,All Day,Posner Center,"This exhibition inaugurates University Libraries’ newly renovated Posner Center, surveying its collections and tracing more than four centuries of scientific inquiry and learning.",https://events.cmu.edu/event/26118-rare-books-ancestral-machines-the-inaugural
2025-11-09,Room to Imagine: 125 Years of Carnegie Mellon University,All Day,Hunt Library Gallery,"This immersive exhibit celebrates 125 years of CMU students, faculty and staff who turned their imagination into reality.",https://events.cmu.edu/event/25250-room-to-imagine-125-years-of-carnegie-mellon
2025-11-09,The Art and Science of Rafael Lucas Rodríguez Caballero,All Day,"Hunt Institute for Botanical Documentation, 5th Floor, Hunt Library","This exhibition at the Hunt Institute for Botanical Documentation celebrates the extraordinary life and work of Rafael Lucas Rodríguez Caballero, Costa Rican botanist, artist and educator.",https://events.cmu.edu/event/14670-the-art-and-science-of-rafael-lucas-rodriguez
2025-11-10,Here to Stay: Celebrating 40 Years at the Architecture Archives,All Day,"Hunt Library, Fourth Floor","This University Libraries’ exhibition celebrates the 40th anniversary of the Architecture Archives, which was founded to create, conserve and promote the rich history of Pittsburgh’s buildings and tell part of the story of this dynamic city.",https://events.cmu.edu/event/7307-here-to-stay-celebrating-40-years-at-the
2025-11-10,Rare Books &amp; Ancestral Machines: The Inaugural Exhibition of the Posner Center for Special Collections,All Day,Posner Center,"This exhibition inaugurates University Libraries’ newly renovated Posner Center, surveying its collections and tracing more than four centuries of scientific inquiry and learning.",https://events.cmu.edu/event/26118-rare-books-ancestral-machines-the-inaugural
2025-11-10,Room to Imagine: 125 Years of Carnegie Mellon University,All Day,Hunt Library Gallery,"This immersive exhibit celebrates 125 years of CMU students, faculty and staff who turned their imagination into reality.",https://events.cmu.edu/event/25250-room-to-imagine-125-years-of-carnegie-mellon
2025-11-10,Semester Pass/No Pass &amp; Withdrawal Deadline,All Day,,,https://events.cmu.edu/event/21993-semester-passno-pass-withdrawal-deadline
2025-11-10,The Art and Science of Rafael Lucas Rodríguez Caballero,All Day,"Hunt Institute for Botanical Documentation, 5th Floor, Hunt Library","This exhibition at the Hunt Institute for Botanical Documentation celebrates the extraordinary life and work of Rafael Lucas Rodríguez Caballero, Costa Rican botanist, artist and educator.",https://events.cmu.edu/event/14670-the-art-and-science-of-rafael-lucas-rodriguez
2025-11-11,Libraries Workshop: Stats Essentials for Lab Researchers,1762880400,"Sorrells Library Den, Wean Hall",,https://events.cmu.edu/event/24866-libraries-workshop-stats-essentials-for-lab
2025-11-11,"Towards a Deeper Solidarity: Understanding the Impact of Antisemitism, Anti-Arab Racism and Islamophobia",1762898400,"Peter/Wright/McKenna Rooms, Cohon University Center","Join us for a workshop that fosters understanding, healing and builds bridges. We will explore the shared and distinct experiences of Jewish, Muslim and Arab communities in the U.S.",https://events.cmu.edu/event/25684-towards-a-deeper-solidarity-understanding-the-impact-o
2025-11-11,(Men’s Basketball) Muskingum vs. Carnegie Mellon,1762900200,,,https://events.cmu.edu/event/23853-mens-basketball-muskingum-vs-carnegie-mellon
2025-11-11,Here to Stay: Celebrating 40 Years at the Architecture Archives,All Day,"Hunt Library, Fourth Floor","This University Libraries’ exhibition celebrates the 40th anniversary of the Architecture Archives, which was founded to create, conserve and promote the rich history of Pittsburgh’s buildings and tell part of the story of this dynamic city.",https://events.cmu.edu/event/7307-here-to-stay-celebrating-40-years-at-the
2025-11-11,Rare Books &amp; Ancestral Machines: The Inaugural Exhibition of the Posner Center for Special Collections,All Day,Posner Center,"This exhibition inaugurates University Libraries’ newly renovated Posner Center, surveying its collections and tracing more than four centuries of scientific inquiry and learning.",https://events.cmu.edu/event/26118-rare-books-ancestral-machines-the-inaugural
2025-11-11,Room to Imagine: 125 Years of Carnegie Mellon University,All Day,Hunt Library Gallery,"This immersive exhibit celebrates 125 years of CMU students, faculty and staff who turned their imagination into reality.",https://events.cmu.edu/event/25250-room-to-imagine-125-years-of-carnegie-mellon
2025-11-11,The Art and Science of Rafael Lucas Rodríguez Caballero,All Day,"Hunt Institute for Botanical Documentation, 5th Floor, Hunt Library","This exhibition at the Hunt Institute for Botanical Documentation celebrates the extraordinary life and work of Rafael Lucas Rodríguez Caballero, Costa Rican botanist, artist and educator.",https://events.cmu.edu/event/14670-the-art-and-science-of-rafael-lucas-rodriguez
2025-11-12,Swartz Center CONNECTS Seminar Series,1762968600,"Swartz Center for Entrepreneurship, Tepper Building, or Zoom",The Swartz Center for Entrepreneurship’s CONNECTS seminar series enhances the experiential education of any individual interested in innovation and entrepreneurship.,https://events.cmu.edu/event/23699-swartz-center-connects-seminar-series
2025-11-12,Paws to Relax: Weekly Pet Therapy Program,1762990200,"Well-being Lab (Room 104), Wellness &amp; Meaning-Making Suite, First Floor, Highmark Center for Health, Wellness and Athletics","Volunteers through Animal Friend’s Therapet program will join us on Wednesdays, from 6:30-7:30 p.m., to offer some friendly dog companions for the hour.",https://events.cmu.edu/event/23775-paws-to-relax-weekly-pet-therapy-program
2025-11-12,Here to Stay: Celebrating 40 Years at the Architecture Archives,All Day,"Hunt Library, Fourth Floor","This University Libraries’ exhibition celebrates the 40th anniversary of the Architecture Archives, which was founded to create, conserve and promote the rich history of Pittsburgh’s buildings and tell part of the story of this dynamic city.",https://events.cmu.edu/event/7307-here-to-stay-celebrating-40-years-at-the
2025-11-12,Mini-2 drop deadline; withdrawal grade assigned after this date,All Day,,,https://events.cmu.edu/event/21992-mini-2-drop-deadline-withdrawal-grade-assigned
2025-11-12,Rare Books &amp; Ancestral Machines: The Inaugural Exhibition of the Posner Center for Special Collections,All Day,Posner Center,"This exhibition inaugurates University Libraries’ newly renovated Posner Center, surveying its collections and tracing more than four centuries of scientific inquiry and learning.",https://events.cmu.edu/event/26118-rare-books-ancestral-machines-the-inaugural
2025-11-12,Room to Imagine: 125 Years of Carnegie Mellon University,All Day,Hunt Library Gallery,"This immersive exhibit celebrates 125 years of CMU students, faculty and staff who turned their imagination into reality.",https://events.cmu.edu/event/25250-room-to-imagine-125-years-of-carnegie-mellon
2025-11-12,The Art and Science of Rafael Lucas Rodríguez Caballero,All Day,"Hunt Institute for Botanical Documentation, 5th Floor, Hunt Library","This exhibition at the Hunt Institute for Botanical Documentation celebrates the extraordinary life and work of Rafael Lucas Rodríguez Caballero, Costa Rican botanist, artist and educator.",https://events.cmu.edu/event/14670-the-art-and-science-of-rafael-lucas-rodriguez
2025-11-13,Staff Supervisory Essentials Session,1763042400,University Technology Development Center,"Transitioning to a supervisory role is a mindset shift requiring new skills and responsibilities. Understanding your role, communicating effectively, managing performance, and awareness of legal responsibilities are key to your success. This session will introduce you to the essential concepts in each of these areas.",https://events.cmu.edu/event/22332-staff-supervisory-essentials-session
2025-11-13,Community Crafternoon,1763049600,"Well-being Lab (Room 104), Wellness &amp; Meaning-Making Suite, First Floor, Highmark Center for Health, Wellness and Athletics",,https://events.cmu.edu/event/23785-community-crafternoon
2025-11-13,AI-SDM Seminar Series: Akshay Krishnamurthy,1763053200,Newell-Simon Hall 4305 or Zoom,,https://events.cmu.edu/event/25176-ai-sdm-seminar-series-akshay-krishnamurthy
2025-11-13,Study Abroad Pre-Departure Session,1763053200,"Cohon University Center, Danforth Conference Room",Attending one pre-departure orientation is required for all study abroad students.,https://events.cmu.edu/event/25479-study-abroad-pre-departure-session
2025-11-13,Swartz Center CONNECTS Seminar Series,1763055000,"Swartz Center for Entrepreneurship, Tepper Building, or Zoom",The Swartz Center for Entrepreneurship’s CONNECTS seminar series enhances the experiential education of any individual interested in innovation and entrepreneurship.,https://events.cmu.edu/event/23698-swartz-center-connects-seminar-series
2025-11-13,Keep Growing: Reflecting on Profess &amp; Planning Next Steps (In Person Peer Connect Gathering),1763074800,"Room 5403, Wean Hall",Take time to reflect on your progress with your goals.,https://events.cmu.edu/event/25310-keep-growing-reflecting-on-profess-planning
2025-11-13,Here to Stay: Celebrating 40 Years at the Architecture Archives,All Day,"Hunt Library, Fourth Floor","This University Libraries’ exhibition celebrates the 40th anniversary of the Architecture Archives, which was founded to create, conserve and promote the rich history of Pittsburgh’s buildings and tell part of the story of this dynamic city.",https://events.cmu.edu/event/7307-here-to-stay-celebrating-40-years-at-the
2025-11-13,Rare Books &amp; Ancestral Machines: The Inaugural Exhibition of the Posner Center for Special Collections,All Day,Posner Center,"This exhibition inaugurates University Libraries’ newly renovated Posner Center, surveying its collections and tracing more than four centuries of scientific inquiry and learning.",https://events.cmu.edu/event/26118-rare-books-ancestral-machines-the-inaugural
2025-11-13,Room to Imagine: 125 Years of Carnegie Mellon University,All Day,Hunt Library Gallery,"This immersive exhibit celebrates 125 years of CMU students, faculty and staff who turned their imagination into reality.",https://events.cmu.edu/event/25250-room-to-imagine-125-years-of-carnegie-mellon
2025-11-13,The Art and Science of Rafael Lucas Rodríguez Caballero,All Day,"Hunt Institute for Botanical Documentation, 5th Floor, Hunt Library","This exhibition at the Hunt Institute for Botanical Documentation celebrates the extraordinary life and work of Rafael Lucas Rodríguez Caballero, Costa Rican botanist, artist and educator.",https://events.cmu.edu/event/14670-the-art-and-science-of-rafael-lucas-rodriguez
2025-11-14,Heartfulness Weekly Meditation,1763127900,"Well-being Lab (Room 104), Wellness &amp; Meaning-Making Suite, First Floor, Highmark Center for Health, Wellness and Athletics",,https://events.cmu.edu/event/23788-heartfulness-weekly-meditation
2025-11-14,Libraries Workshop: Series: Getting Started with C/C++,1763130600,Online,,https://events.cmu.edu/event/24867-libraries-workshop-series-getting-started-with-cc
2025-11-14,(Women’s Basketball) John Carroll vs. Carnegie Mellon,1763161200,,,https://events.cmu.edu/event/23851-womens-basketball-john-carroll-vs-carnegie-mellon
2025-11-14,Here to Stay: Celebrating 40 Years at the Architecture Archives,All Day,"Hunt Library, Fourth Floor","This University Libraries’ exhibition celebrates the 40th anniversary of the Architecture Archives, which was founded to create, conserve and promote the rich history of Pittsburgh’s buildings and tell part of the story of this dynamic city.",https://events.cmu.edu/event/7307-here-to-stay-celebrating-40-years-at-the
2025-11-14,Rare Books &amp; Ancestral Machines: The Inaugural Exhibition of the Posner Center for Special Collections,All Day,Posner Center,"This exhibition inaugurates University Libraries’ newly renovated Posner Center, surveying its collections and tracing more than four centuries of scientific inquiry and learning.",https://events.cmu.edu/event/26118-rare-books-ancestral-machines-the-inaugural
2025-11-14,Room to Imagine: 125 Years of Carnegie Mellon University,All Day,Hunt Library Gallery,"This immersive exhibit celebrates 125 years of CMU students, faculty and staff who turned their imagination into reality.",https://events.cmu.edu/event/25250-room-to-imagine-125-years-of-carnegie-mellon
2025-11-14,The Art and Science of Rafael Lucas Rodríguez Caballero,All Day,"Hunt Institute for Botanical Documentation, 5th Floor, Hunt Library","This exhibition at the Hunt Institute for Botanical Documentation celebrates the extraordinary life and work of Rafael Lucas Rodríguez Caballero, Costa Rican botanist, artist and educator.",https://events.cmu.edu/event/14670-the-art-and-science-of-rafael-lucas-rodriguez
2025-11-15,Here to Stay: Celebrating 40 Years at the Architecture Archives,All Day,"Hunt Library, Fourth Floor","This University Libraries’ exhibition celebrates the 40th anniversary of the Architecture Archives, which was founded to create, conserve and promote the rich history of Pittsburgh’s buildings and tell part of the story of this dynamic city.",https://events.cmu.edu/event/7307-here-to-stay-celebrating-40-years-at-the
2025-11-15,Nativity Fast Begins,All Day,,"This day begins the traditional season of fasting for Eastern Orthodox Christians, in preparation for the Nativity of Christ.",https://events.cmu.edu/event/22041-nativity-fast-begins
2025-11-15,Rare Books &amp; Ancestral Machines: The Inaugural Exhibition of the Posner Center for Special Collections,All Day,Posner Center,"This exhibition inaugurates University Libraries’ newly renovated Posner Center, surveying its collections and tracing more than four centuries of scientific inquiry and learning.",https://events.cmu.edu/event/26118-rare-books-ancestral-machines-the-inaugural
2025-11-15,Room to Imagine: 125 Years of Carnegie Mellon University,All Day,Hunt Library Gallery,"This immersive exhibit celebrates 125 years of CMU students, faculty and staff who turned their imagination into reality.",https://events.cmu.edu/event/25250-room-to-imagine-125-years-of-carnegie-mellon
2025-11-15,The Art and Science of Rafael Lucas Rodríguez Caballero,All Day,"Hunt Institute for Botanical Documentation, 5th Floor, Hunt Library","This exhibition at the Hunt Institute for Botanical Documentation celebrates the extraordinary life and work of Rafael Lucas Rodríguez Caballero, Costa Rican botanist, artist and educator.",https://events.cmu.edu/event/14670-the-art-and-science-of-rafael-lucas-rodriguez
2025-11-16,Carnegie Mellon Wind Ensemble,1763321400,"Kresge Theatre, College of Fine Arts @ 5000 Forbes Avenue, Pittsburgh, Pennsylvania, 15213, United States",,https://events.cmu.edu/https://events.time.ly/vdibqnd/43901194
2025-11-16,(Men’s Basketball) Denison vs. Carnegie Mellon,1763323200,,,https://events.cmu.edu/event/23846-mens-basketball-denison-vs-carnegie-mellon
2025-11-16,Here to Stay: Celebrating 40 Years at the Architecture Archives,All Day,"Hunt Library, Fourth Floor","This University Libraries’ exhibition celebrates the 40th anniversary of the Architecture Archives, which was founded to create, conserve and promote the rich history of Pittsburgh’s buildings and tell part of the story of this dynamic city.",https://events.cmu.edu/event/7307-here-to-stay-celebrating-40-years-at-the
2025-11-16,Rare Books &amp; Ancestral Machines: The Inaugural Exhibition of the Posner Center for Special Collections,All Day,Posner Center,"This exhibition inaugurates University Libraries’ newly renovated Posner Center, surveying its collections and tracing more than four centuries of scientific inquiry and learning.",https://events.cmu.edu/event/26118-rare-books-ancestral-machines-the-inaugural
2025-11-16,Room to Imagine: 125 Years of Carnegie Mellon University,All Day,Hunt Library Gallery,"This immersive exhibit celebrates 125 years of CMU students, faculty and staff who turned their imagination into reality.",https://events.cmu.edu/event/25250-room-to-imagine-125-years-of-carnegie-mellon
2025-11-16,The Art and Science of Rafael Lucas Rodríguez Caballero,All Day,"Hunt Institute for Botanical Documentation, 5th Floor, Hunt Library","This exhibition at the Hunt Institute for Botanical Documentation celebrates the extraordinary life and work of Rafael Lucas Rodríguez Caballero, Costa Rican botanist, artist and educator.",https://events.cmu.edu/event/14670-the-art-and-science-of-rafael-lucas-rodriguez
2025-11-17,Here to Stay: Celebrating 40 Years at the Architecture Archives,All Day,"Hunt Library, Fourth Floor","This University Libraries’ exhibition celebrates the 40th anniversary of the Architecture Archives, which was founded to create, conserve and promote the rich history of Pittsburgh’s buildings and tell part of the story of this dynamic city.",https://events.cmu.edu/event/7307-here-to-stay-celebrating-40-years-at-the
2025-11-17,Rare Books &amp; Ancestral Machines: The Inaugural Exhibition of the Posner Center for Special Collections,All Day,Posner Center,"This exhibition inaugurates University Libraries’ newly renovated Posner Center, surveying its collections and tracing more than four centuries of scientific inquiry and learning.",https://events.cmu.edu/event/26118-rare-books-ancestral-machines-the-inaugural
2025-11-17,Room to Imagine: 125 Years of Carnegie Mellon University,All Day,Hunt Library Gallery,"This immersive exhibit celebrates 125 years of CMU students, faculty and staff who turned their imagination into reality.",https://events.cmu.edu/event/25250-room-to-imagine-125-years-of-carnegie-mellon
2025-11-17,Spring 2026 Registration,All Day,,,https://events.cmu.edu/
2025-11-17,The Art and Science of Rafael Lucas Rodríguez Caballero,All Day,"Hunt Institute for Botanical Documentation, 5th Floor, Hunt Library","This exhibition at the Hunt Institute for Botanical Documentation celebrates the extraordinary life and work of Rafael Lucas Rodríguez Caballero, Costa Rican botanist, artist and educator.",https://events.cmu.edu/event/14670-the-art-and-science-of-rafael-lucas-rodriguez
2025-11-18,Libraries Workshop: Analyzing Scholarly Literature using Bibliometrics,1763481600,Online,,https://events.cmu.edu/event/24868-libraries-workshop-analyzing-scholarly-literature
2025-11-18,Libraries Workshop: Tips for Writing Literature Reviews: Part 1,1763488800,Online,,https://events.cmu.edu/event/24869-libraries-workshop-tips-for-writing-literature
2025-11-18,How to Find &amp; Apply for Summer Internships,1763505000,Baker Hall A36 - Adamson Wing,Join us for the Experiential Learning team’s overview on summer internship opportunities!,https://events.cmu.edu/event/26153-how-to-find-apply-for-summer-internships
2025-11-18,Here to Stay: Celebrating 40 Years at the Architecture Archives,All Day,"Hunt Library, Fourth Floor","This University Libraries’ exhibition celebrates the 40th anniversary of the Architecture Archives, which was founded to create, conserve and promote the rich history of Pittsburgh’s buildings and tell part of the story of this dynamic city.",https://events.cmu.edu/event/7307-here-to-stay-celebrating-40-years-at-the
2025-11-18,Rare Books &amp; Ancestral Machines: The Inaugural Exhibition of the Posner Center for Special Collections,All Day,Posner Center,"This exhibition inaugurates University Libraries’ newly renovated Posner Center, surveying its collections and tracing more than four centuries of scientific inquiry and learning.",https://events.cmu.edu/event/26118-rare-books-ancestral-machines-the-inaugural
2025-11-18,Room to Imagine: 125 Years of Carnegie Mellon University,All Day,Hunt Library Gallery,"This immersive exhibit celebrates 125 years of CMU students, faculty and staff who turned their imagination into reality.",https://events.cmu.edu/event/25250-room-to-imagine-125-years-of-carnegie-mellon
2025-11-18,Spring 2026 Registration,All Day,,,https://events.cmu.edu/
2025-11-18,The Art and Science of Rafael Lucas Rodríguez Caballero,All Day,"Hunt Institute for Botanical Documentation, 5th Floor, Hunt Library","This exhibition at the Hunt Institute for Botanical Documentation celebrates the extraordinary life and work of Rafael Lucas Rodríguez Caballero, Costa Rican botanist, artist and educator.",https://events.cmu.edu/event/14670-the-art-and-science-of-rafael-lucas-rodriguez
2025-11-19,University Lecture Series: David Yeager,1763589600,"McConomy Auditorium, Cohon University Center",,https://events.cmu.edu/event/26147-university-lecture-series-david-yeager
2025-11-19,Paws to Relax: Weekly Pet Therapy Program,1763595000,"Well-being Lab (Room 104), Wellness &amp; Meaning-Making Suite, First Floor, Highmark Center for Health, Wellness and Athletics","Volunteers through Animal Friend’s Therapet program will join us on Wednesdays, from 6:30-7:30 p.m., to offer some friendly dog companions for the hour.",https://events.cmu.edu/event/23776-paws-to-relax-weekly-pet-therapy-program
2025-11-19,Carnegie Mellon Guitar Ensemble,1763600400,"Kresge Theatre, College of Fine Arts @ 5000 Forbes Avenue, Pittsburgh, Pennsylvania, 15213, United States",,https://events.cmu.edu/https://events.time.ly/vdibqnd/43901220
2025-11-19,Here to Stay: Celebrating 40 Years at the Architecture Archives,All Day,"Hunt Library, Fourth Floor","This University Libraries’ exhibition celebrates the 40th anniversary of the Architecture Archives, which was founded to create, conserve and promote the rich history of Pittsburgh’s buildings and tell part of the story of this dynamic city.",https://events.cmu.edu/event/7307-here-to-stay-celebrating-40-years-at-the
2025-11-19,Rare Books &amp; Ancestral Machines: The Inaugural Exhibition of the Posner Center for Special Collections,All Day,Posner Center,"This exhibition inaugurates University Libraries’ newly renovated Posner Center, surveying its collections and tracing more than four centuries of scientific inquiry and learning.",https://events.cmu.edu/event/26118-rare-books-ancestral-machines-the-inaugural
2025-11-19,Room to Imagine: 125 Years of Carnegie Mellon University,All Day,Hunt Library Gallery,"This immersive exhibit celebrates 125 years of CMU students, faculty and staff who turned their imagination into reality.",https://events.cmu.edu/event/25250-room-to-imagine-125-years-of-carnegie-mellon
2025-11-19,Spring 2026 Registration,All Day,,,https://events.cmu.edu/
2025-11-19,The Art and Science of Rafael Lucas Rodríguez Caballero,All Day,"Hunt Institute for Botanical Documentation, 5th Floor, Hunt Library","This exhibition at the Hunt Institute for Botanical Documentation celebrates the extraordinary life and work of Rafael Lucas Rodríguez Caballero, Costa Rican botanist, artist and educator.",https://events.cmu.edu/event/14670-the-art-and-science-of-rafael-lucas-rodriguez
2025-11-20,Study Abroad Coffee Hour,1763650800,,All students are welcome to join and ask the Study Abroad team any questions they may have.,https://events.cmu.edu/event/25480-study-abroad-coffee-hour
2025-11-20,Staff Council General Body Meeting,1763658000,"Danforth Conference Room, CUC, or Zoom",Staff Council general body meetings are held on the third Thursday of each month and are open to all CMU staff.,https://events.cmu.edu/event/26263-staff-council-general-body-meeting
2025-11-20,AI-SDM Seminar Series: Tom Manzini,1763658000,Newell-Simon Hall 4305 or Zoom,,https://events.cmu.edu/event/25177-ai-sdm-seminar-series-tom-manzini
2025-11-20,Hilliard Talk: Ned Augenblick,1763659800,Tepper Building Room 4242,"The CMU Department of Social & Decision Sciences presents the Hilliard Family Speaker Series on Behavioral Economics with Ned Augenblick, University of California-Berkeley.",https://events.cmu.edu/event/25124-hilliard-talk-ned-augenblick
2025-11-20,CMU Chorus &amp; Singers,1763685000,"Kresge Theatre, College of Fine Arts @ 5000 Forbes Avenue, Pittsburgh, Pennsylvania, 15213, United States",,https://events.cmu.edu/https://events.time.ly/vdibqnd/43901225
2025-11-20,Here to Stay: Celebrating 40 Years at the Architecture Archives,All Day,"Hunt Library, Fourth Floor","This University Libraries’ exhibition celebrates the 40th anniversary of the Architecture Archives, which was founded to create, conserve and promote the rich history of Pittsburgh’s buildings and tell part of the story of this dynamic city.",https://events.cmu.edu/event/7307-here-to-stay-celebrating-40-years-at-the
2025-11-20,Rare Books &amp; Ancestral Machines: The Inaugural Exhibition of the Posner Center for Special Collections,All Day,Posner Center,"This exhibition inaugurates University Libraries’ newly renovated Posner Center, surveying its collections and tracing more than four centuries of scientific inquiry and learning.",https://events.cmu.edu/event/26118-rare-books-ancestral-machines-the-inaugural
2025-11-20,Room to Imagine: 125 Years of Carnegie Mellon University,All Day,Hunt Library Gallery,"This immersive exhibit celebrates 125 years of CMU students, faculty and staff who turned their imagination into reality.",https://events.cmu.edu/event/25250-room-to-imagine-125-years-of-carnegie-mellon
2025-11-20,Spring 2026 Registration,All Day,,,https://events.cmu.edu/
2025-11-20,The Art and Science of Rafael Lucas Rodríguez Caballero,All Day,"Hunt Institute for Botanical Documentation, 5th Floor, Hunt Library","This exhibition at the Hunt Institute for Botanical Documentation celebrates the extraordinary life and work of Rafael Lucas Rodríguez Caballero, Costa Rican botanist, artist and educator.",https://events.cmu.edu/event/14670-the-art-and-science-of-rafael-lucas-rodriguez
2025-11-21,Heartfulness Weekly Meditation,1763732700,"Well-being Lab (Room 104), Wellness &amp; Meaning-Making Suite, First Floor, Highmark Center for Health, Wellness and Athletics",,https://events.cmu.edu/event/23789-heartfulness-weekly-meditation
2025-11-21,CMIST Graduate Program Open House,1763733600,,Join us for a virtual information session to learn more about the graduate programs that CMIST offers.,https://events.cmu.edu/event/25251-cmist-graduate-program-open-house
2025-11-21,Astro Lunch Seminar: Andrea Antoni (CCA),1763744400,Wean Hall (8330),,https://events.cmu.edu/event/26157-astro-lunch-seminar-andrea-antoni-cca
2025-11-21,Libraries Workshop: Creating Websites and Portfolios with GitPages,1763748000,"Sorrells Library Den, Wean Hall",,https://events.cmu.edu/event/24870-libraries-workshop-creating-websites-and
2025-11-21,Here to Stay: Celebrating 40 Years at the Architecture Archives,All Day,"Hunt Library, Fourth Floor","This University Libraries’ exhibition celebrates the 40th anniversary of the Architecture Archives, which was founded to create, conserve and promote the rich history of Pittsburgh’s buildings and tell part of the story of this dynamic city.",https://events.cmu.edu/event/7307-here-to-stay-celebrating-40-years-at-the
2025-11-21,Rare Books &amp; Ancestral Machines: The Inaugural Exhibition of the Posner Center for Special Collections,All Day,Posner Center,"This exhibition inaugurates University Libraries’ newly renovated Posner Center, surveying its collections and tracing more than four centuries of scientific inquiry and learning.",https://events.cmu.edu/event/26118-rare-books-ancestral-machines-the-inaugural
2025-11-21,Room to Imagine: 125 Years of Carnegie Mellon University,All Day,Hunt Library Gallery,"This immersive exhibit celebrates 125 years of CMU students, faculty and staff who turned their imagination into reality.",https://events.cmu.edu/event/25250-room-to-imagine-125-years-of-carnegie-mellon
2025-11-21,Spring 2026 Registration,All Day,,,https://events.cmu.edu/
2025-11-21,The Art and Science of Rafael Lucas Rodríguez Caballero,All Day,"Hunt Institute for Botanical Documentation, 5th Floor, Hunt Library","This exhibition at the Hunt Institute for Botanical Documentation celebrates the extraordinary life and work of Rafael Lucas Rodríguez Caballero, Costa Rican botanist, artist and educator.",https://events.cmu.edu/event/14670-the-art-and-science-of-rafael-lucas-rodriguez
2025-11-22,Here to Stay: Celebrating 40 Years at the Architecture Archives,All Day,"Hunt Library, Fourth Floor","This University Libraries’ exhibition celebrates the 40th anniversary of the Architecture Archives, which was founded to create, conserve and promote the rich history of Pittsburgh’s buildings and tell part of the story of this dynamic city.",https://events.cmu.edu/event/7307-here-to-stay-celebrating-40-years-at-the
2025-11-22,Rare Books &amp; Ancestral Machines: The Inaugural Exhibition of the Posner Center for Special Collections,All Day,Posner Center,"This exhibition inaugurates University Libraries’ newly renovated Posner Center, surveying its collections and tracing more than four centuries of scientific inquiry and learning.",https://events.cmu.edu/event/26118-rare-books-ancestral-machines-the-inaugural
2025-11-22,Room to Imagine: 125 Years of Carnegie Mellon University,All Day,Hunt Library Gallery,"This immersive exhibit celebrates 125 years of CMU students, faculty and staff who turned their imagination into reality.",https://events.cmu.edu/event/25250-room-to-imagine-125-years-of-carnegie-mellon
2025-11-22,The Art and Science of Rafael Lucas Rodríguez Caballero,All Day,"Hunt Institute for Botanical Documentation, 5th Floor, Hunt Library","This exhibition at the Hunt Institute for Botanical Documentation celebrates the extraordinary life and work of Rafael Lucas Rodríguez Caballero, Costa Rican botanist, artist and educator.",https://events.cmu.edu/event/14670-the-art-and-science-of-rafael-lucas-rodriguez
2025-11-23,Here to Stay: Celebrating 40 Years at the Architecture Archives,All Day,"Hunt Library, Fourth Floor","This University Libraries’ exhibition celebrates the 40th anniversary of the Architecture Archives, which was founded to create, conserve and promote the rich history of Pittsburgh’s buildings and tell part of the story of this dynamic city.",https://events.cmu.edu/event/7307-here-to-stay-celebrating-40-years-at-the
2025-11-23,Rare Books &amp; Ancestral Machines: The Inaugural Exhibition of the Posner Center for Special Collections,All Day,Posner Center,"This exhibition inaugurates University Libraries’ newly renovated Posner Center, surveying its collections and tracing more than four centuries of scientific inquiry and learning.",https://events.cmu.edu/event/26118-rare-books-ancestral-machines-the-inaugural
2025-11-23,Room to Imagine: 125 Years of Carnegie Mellon University,All Day,Hunt Library Gallery,"This immersive exhibit celebrates 125 years of CMU students, faculty and staff who turned their imagination into reality.",https://events.cmu.edu/event/25250-room-to-imagine-125-years-of-carnegie-mellon
2025-11-23,The Art and Science of Rafael Lucas Rodríguez Caballero,All Day,"Hunt Institute for Botanical Documentation, 5th Floor, Hunt Library","This exhibition at the Hunt Institute for Botanical Documentation celebrates the extraordinary life and work of Rafael Lucas Rodríguez Caballero, Costa Rican botanist, artist and educator.",https://events.cmu.edu/event/14670-the-art-and-science-of-rafael-lucas-rodriguez
2025-11-24,Here to Stay: Celebrating 40 Years at the Architecture Archives,All Day,"Hunt Library, Fourth Floor","This University Libraries’ exhibition celebrates the 40th anniversary of the Architecture Archives, which was founded to create, conserve and promote the rich history of Pittsburgh’s buildings and tell part of the story of this dynamic city.",https://events.cmu.edu/event/7307-here-to-stay-celebrating-40-years-at-the
2025-11-24,Mini-2 Pass/No Pass &amp; Withdrawal Deadline,All Day,,,https://events.cmu.edu/event/21989-mini-2-passno-pass-withdrawal-deadline
2025-11-24,Rare Books &amp; Ancestral Machines: The Inaugural Exhibition of the Posner Center for Special Collections,All Day,Posner Center,"This exhibition inaugurates University Libraries’ newly renovated Posner Center, surveying its collections and tracing more than four centuries of scientific inquiry and learning.",https://events.cmu.edu/event/26118-rare-books-ancestral-machines-the-inaugural
2025-11-24,Room to Imagine: 125 Years of Carnegie Mellon University,All Day,Hunt Library Gallery,"This immersive exhibit celebrates 125 years of CMU students, faculty and staff who turned their imagination into reality.",https://events.cmu.edu/event/25250-room-to-imagine-125-years-of-carnegie-mellon
2025-11-24,Semester &amp; Mini-2 Faculty Course Evaluations open,All Day,,,https://events.cmu.edu/event/21990-semester-mini-2-faculty-course-evaluations
2025-11-24,The Art and Science of Rafael Lucas Rodríguez Caballero,All Day,"Hunt Institute for Botanical Documentation, 5th Floor, Hunt Library","This exhibition at the Hunt Institute for Botanical Documentation celebrates the extraordinary life and work of Rafael Lucas Rodríguez Caballero, Costa Rican botanist, artist and educator.",https://events.cmu.edu/event/14670-the-art-and-science-of-rafael-lucas-rodriguez
2025-11-25,Libraries Workshop: Tips for Writing Literature Reviews: Part 2,1764093600,Online,,https://events.cmu.edu/event/24871-libraries-workshop-tips-for-writing-literature
2025-11-25,(Women’s Basketball) Carlow vs. Carnegie Mellon,1764097200,,,https://events.cmu.edu/event/23836-womens-basketball-carlow-vs-carnegie-mellon
2025-11-25,Day of the Covenant,All Day,,"On the Day of the Covenant, Baha’is remember the appointment of Abdu’l-Baha as the center of Baha’u’llah’s covenant.",https://events.cmu.edu/event/22042-day-of-the-covenant
2025-11-25,Here to Stay: Celebrating 40 Years at the Architecture Archives,All Day,"Hunt Library, Fourth Floor","This University Libraries’ exhibition celebrates the 40th anniversary of the Architecture Archives, which was founded to create, conserve and promote the rich history of Pittsburgh’s buildings and tell part of the story of this dynamic city.",https://events.cmu.edu/event/7307-here-to-stay-celebrating-40-years-at-the
2025-11-25,Rare Books &amp; Ancestral Machines: The Inaugural Exhibition of the Posner Center for Special Collections,All Day,Posner Center,"This exhibition inaugurates University Libraries’ newly renovated Posner Center, surveying its collections and tracing more than four centuries of scientific inquiry and learning.",https://events.cmu.edu/event/26118-rare-books-ancestral-machines-the-inaugural
2025-11-25,Room to Imagine: 125 Years of Carnegie Mellon University,All Day,Hunt Library Gallery,"This immersive exhibit celebrates 125 years of CMU students, faculty and staff who turned their imagination into reality.",https://events.cmu.edu/event/25250-room-to-imagine-125-years-of-carnegie-mellon
2025-11-25,The Art and Science of Rafael Lucas Rodríguez Caballero,All Day,"Hunt Institute for Botanical Documentation, 5th Floor, Hunt Library","This exhibition at the Hunt Institute for Botanical Documentation celebrates the extraordinary life and work of Rafael Lucas Rodríguez Caballero, Costa Rican botanist, artist and educator.",https://events.cmu.edu/event/14670-the-art-and-science-of-rafael-lucas-rodriguez
2025-11-26,Paws to Relax: Weekly Pet Therapy Program,1764199800,"Well-being Lab (Room 104), Wellness &amp; Meaning-Making Suite, First Floor, Highmark Center for Health, Wellness and Athletics","Volunteers through Animal Friend’s Therapet program will join us on Wednesdays, from 6:30-7:30 p.m., to offer some friendly dog companions for the hour.",https://events.cmu.edu/event/23777-paws-to-relax-weekly-pet-therapy-program
2025-11-26,Here to Stay: Celebrating 40 Years at the Architecture Archives,All Day,"Hunt Library, Fourth Floor","This University Libraries’ exhibition celebrates the 40th anniversary of the Architecture Archives, which was founded to create, conserve and promote the rich history of Pittsburgh’s buildings and tell part of the story of this dynamic city.",https://events.cmu.edu/event/7307-here-to-stay-celebrating-40-years-at-the
2025-11-26,Rare Books &amp; Ancestral Machines: The Inaugural Exhibition of the Posner Center for Special Collections,All Day,Posner Center,"This exhibition inaugurates University Libraries’ newly renovated Posner Center, surveying its collections and tracing more than four centuries of scientific inquiry and learning.",https://events.cmu.edu/event/26118-rare-books-ancestral-machines-the-inaugural
2025-11-26,Room to Imagine: 125 Years of Carnegie Mellon University,All Day,Hunt Library Gallery,"This immersive exhibit celebrates 125 years of CMU students, faculty and staff who turned their imagination into reality.",https://events.cmu.edu/event/25250-room-to-imagine-125-years-of-carnegie-mellon
2025-11-26,Thanksgiving Break; No Classes,All Day,,,https://events.cmu.edu/
2025-11-26,The Art and Science of Rafael Lucas Rodríguez Caballero,All Day,"Hunt Institute for Botanical Documentation, 5th Floor, Hunt Library","This exhibition at the Hunt Institute for Botanical Documentation celebrates the extraordinary life and work of Rafael Lucas Rodríguez Caballero, Costa Rican botanist, artist and educator.",https://events.cmu.edu/event/14670-the-art-and-science-of-rafael-lucas-rodriguez
2025-11-27,Here to Stay: Celebrating 40 Years at the Architecture Archives,All Day,"Hunt Library, Fourth Floor","This University Libraries’ exhibition celebrates the 40th anniversary of the Architecture Archives, which was founded to create, conserve and promote the rich history of Pittsburgh’s buildings and tell part of the story of this dynamic city.",https://events.cmu.edu/event/7307-here-to-stay-celebrating-40-years-at-the
2025-11-27,Rare Books &amp; Ancestral Machines: The Inaugural Exhibition of the Posner Center for Special Collections,All Day,Posner Center,"This exhibition inaugurates University Libraries’ newly renovated Posner Center, surveying its collections and tracing more than four centuries of scientific inquiry and learning.",https://events.cmu.edu/event/26118-rare-books-ancestral-machines-the-inaugural
2025-11-27,Room to Imagine: 125 Years of Carnegie Mellon University,All Day,Hunt Library Gallery,"This immersive exhibit celebrates 125 years of CMU students, faculty and staff who turned their imagination into reality.",https://events.cmu.edu/event/25250-room-to-imagine-125-years-of-carnegie-mellon
2025-11-27,Thanksgiving Break; No Classes,All Day,,,https://events.cmu.edu/
2025-11-27,Thanksgiving Day (Official University Holiday),All Day,,"Carnegie Mellon’s U.S. campuses observe 11 official holidays. The university is closed on these days, and all non-essential personnel are not expected to report to work.",https://events.cmu.edu/event/25099-thanksgiving-day-official-university-holiday
2025-11-27,The Art and Science of Rafael Lucas Rodríguez Caballero,All Day,"Hunt Institute for Botanical Documentation, 5th Floor, Hunt Library","This exhibition at the Hunt Institute for Botanical Documentation celebrates the extraordinary life and work of Rafael Lucas Rodríguez Caballero, Costa Rican botanist, artist and educator.",https://events.cmu.edu/event/14670-the-art-and-science-of-rafael-lucas-rodriguez
2025-11-28,Heartfulness Weekly Meditation,1764337500,"Well-being Lab (Room 104), Wellness &amp; Meaning-Making Suite, First Floor, Highmark Center for Health, Wellness and Athletics",,https://events.cmu.edu/event/23790-heartfulness-weekly-meditation
2025-11-28,Day After Thanksgiving (Official University Holiday),All Day,,"Carnegie Mellon’s U.S. campuses observe 11 official holidays. The university is closed on these days, and all non-essential personnel are not expected to report to work.",https://events.cmu.edu/event/25100-day-after-thanksgiving-official-university-holiday
2025-11-28,Here to Stay: Celebrating 40 Years at the Architecture Archives,All Day,"Hunt Library, Fourth Floor","This University Libraries’ exhibition celebrates the 40th anniversary of the Architecture Archives, which was founded to create, conserve and promote the rich history of Pittsburgh’s buildings and tell part of the story of this dynamic city.",https://events.cmu.edu/event/7307-here-to-stay-celebrating-40-years-at-the
2025-11-28,Rare Books &amp; Ancestral Machines: The Inaugural Exhibition of the Posner Center for Special Collections,All Day,Posner Center,"This exhibition inaugurates University Libraries’ newly renovated Posner Center, surveying its collections and tracing more than four centuries of scientific inquiry and learning.",https://events.cmu.edu/event/26118-rare-books-ancestral-machines-the-inaugural
2025-11-28,Room to Imagine: 125 Years of Carnegie Mellon University,All Day,Hunt Library Gallery,"This immersive exhibit celebrates 125 years of CMU students, faculty and staff who turned their imagination into reality.",https://events.cmu.edu/event/25250-room-to-imagine-125-years-of-carnegie-mellon
2025-11-28,Thanksgiving Break; No Classes,All Day,,,https://events.cmu.edu/
2025-11-28,The Art and Science of Rafael Lucas Rodríguez Caballero,All Day,"Hunt Institute for Botanical Documentation, 5th Floor, Hunt Library","This exhibition at the Hunt Institute for Botanical Documentation celebrates the extraordinary life and work of Rafael Lucas Rodríguez Caballero, Costa Rican botanist, artist and educator.",https://events.cmu.edu/event/14670-the-art-and-science-of-rafael-lucas-rodriguez
2025-11-29,Here to Stay: Celebrating 40 Years at the Architecture Archives,All Day,"Hunt Library, Fourth Floor","This University Libraries’ exhibition celebrates the 40th anniversary of the Architecture Archives, which was founded to create, conserve and promote the rich history of Pittsburgh’s buildings and tell part of the story of this dynamic city.",https://events.cmu.edu/event/7307-here-to-stay-celebrating-40-years-at-the
2025-11-29,Rare Books &amp; Ancestral Machines: The Inaugural Exhibition of the Posner Center for Special Collections,All Day,Posner Center,"This exhibition inaugurates University Libraries’ newly renovated Posner Center, surveying its collections and tracing more than four centuries of scientific inquiry and learning.",https://events.cmu.edu/event/26118-rare-books-ancestral-machines-the-inaugural
2025-11-29,Room to Imagine: 125 Years of Carnegie Mellon University,All Day,Hunt Library Gallery,"This immersive exhibit celebrates 125 years of CMU students, faculty and staff who turned their imagination into reality.",https://events.cmu.edu/event/25250-room-to-imagine-125-years-of-carnegie-mellon
2025-11-29,The Art and Science of Rafael Lucas Rodríguez Caballero,All Day,"Hunt Institute for Botanical Documentation, 5th Floor, Hunt Library","This exhibition at the Hunt Institute for Botanical Documentation celebrates the extraordinary life and work of Rafael Lucas Rodríguez Caballero, Costa Rican botanist, artist and educator.",https://events.cmu.edu/event/14670-the-art-and-science-of-rafael-lucas-rodriguez
2025-11-30,Here to Stay: Celebrating 40 Years at the Architecture Archives,All Day,"Hunt Library, Fourth Floor","This University Libraries’ exhibition celebrates the 40th anniversary of the Architecture Archives, which was founded to create, conserve and promote the rich history of Pittsburgh’s buildings and tell part of the story of this dynamic city.",https://events.cmu.edu/event/7307-here-to-stay-celebrating-40-years-at-the
2025-11-30,Rare Books &amp; Ancestral Machines: The Inaugural Exhibition of the Posner Center for Special Collections,All Day,Posner Center,"This exhibition inaugurates University Libraries’ newly renovated Posner Center, surveying its collections and tracing more than four centuries of scientific inquiry and learning.",https://events.cmu.edu/event/26118-rare-books-ancestral-machines-the-inaugural
2025-11-30,Room to Imagine: 125 Years of Carnegie Mellon University,All Day,Hunt Library Gallery,"This immersive exhibit celebrates 125 years of CMU students, faculty and staff who turned their imagination into reality.",https://events.cmu.edu/event/25250-room-to-imagine-125-years-of-carnegie-mellon
2025-11-30,The Art and Science of Rafael Lucas Rodríguez Caballero,All Day,"Hunt Institute for Botanical Documentation, 5th Floor, Hunt Library","This exhibition at the Hunt Institute for Botanical Documentation celebrates the extraordinary life and work of Rafael Lucas Rodríguez Caballero, Costa Rican botanist, artist and educator.",https://events.cmu.edu/event/14670-the-art-and-science-of-rafael-lucas-rodriguez
2025-12-01,The Experiential Learning Requirement &amp; You,1764628200,Baker Hall A36 - Adamson Wing,"Beginning with the class of 2028, Dietrich College students have to complete at least one Experiential Learning activity, engaging in goal setting and reflection.",https://events.cmu.edu/event/26154-the-experiential-learning-requirement-you
2025-12-01,Here to Stay: Celebrating 40 Years at the Architecture Archives,All Day,"Hunt Library, Fourth Floor","This University Libraries’ exhibition celebrates the 40th anniversary of the Architecture Archives, which was founded to create, conserve and promote the rich history of Pittsburgh’s buildings and tell part of the story of this dynamic city.",https://events.cmu.edu/event/7307-here-to-stay-celebrating-40-years-at-the
2025-12-01,Rare Books &amp; Ancestral Machines: The Inaugural Exhibition of the Posner Center for Special Collections,All Day,Posner Center,"This exhibition inaugurates University Libraries’ newly renovated Posner Center, surveying its collections and tracing more than four centuries of scientific inquiry and learning.",https://events.cmu.edu/event/26118-rare-books-ancestral-machines-the-inaugural
2025-12-01,Room to Imagine: 125 Years of Carnegie Mellon University,All Day,Hunt Library Gallery,"This immersive exhibit celebrates 125 years of CMU students, faculty and staff who turned their imagination into reality.",https://events.cmu.edu/event/25250-room-to-imagine-125-years-of-carnegie-mellon
2025-12-01,The Art and Science of Rafael Lucas Rodríguez Caballero,All Day,"Hunt Institute for Botanical Documentation, 5th Floor, Hunt Library","This exhibition at the Hunt Institute for Botanical Documentation celebrates the extraordinary life and work of Rafael Lucas Rodríguez Caballero, Costa Rican botanist, artist and educator.",https://events.cmu.edu/event/14670-the-art-and-science-of-rafael-lucas-rodriguez
2025-12-02,Monthly Gratitude Gathering,1764694800,,"Join us for a virtual gratitude gathering on the last Tuesday of every month to pause, reflect and appreciate the goodness in our lives.",https://events.cmu.edu/event/23783-monthly-gratitude-gathering
2025-12-02,(Women’s Basketball) Otterbein vs. Carnegie Mellon,1764716400,,,https://events.cmu.edu/event/23835-womens-basketball-otterbein-vs-carnegie-mellon
2025-12-02,Here to Stay: Celebrating 40 Years at the Architecture Archives,All Day,"Hunt Library, Fourth Floor","This University Libraries’ exhibition celebrates the 40th anniversary of the Architecture Archives, which was founded to create, conserve and promote the rich history of Pittsburgh’s buildings and tell part of the story of this dynamic city.",https://events.cmu.edu/event/7307-here-to-stay-celebrating-40-years-at-the
2025-12-02,Rare Books &amp; Ancestral Machines: The Inaugural Exhibition of the Posner Center for Special Collections,All Day,Posner Center,"This exhibition inaugurates University Libraries’ newly renovated Posner Center, surveying its collections and tracing more than four centuries of scientific inquiry and learning.",https://events.cmu.edu/event/26118-rare-books-ancestral-machines-the-inaugural
2025-12-02,Room to Imagine: 125 Years of Carnegie Mellon University,All Day,Hunt Library Gallery,"This immersive exhibit celebrates 125 years of CMU students, faculty and staff who turned their imagination into reality.",https://events.cmu.edu/event/25250-room-to-imagine-125-years-of-carnegie-mellon
2025-12-02,The Art and Science of Rafael Lucas Rodríguez Caballero,All Day,"Hunt Institute for Botanical Documentation, 5th Floor, Hunt Library","This exhibition at the Hunt Institute for Botanical Documentation celebrates the extraordinary life and work of Rafael Lucas Rodríguez Caballero, Costa Rican botanist, artist and educator.",https://events.cmu.edu/event/14670-the-art-and-science-of-rafael-lucas-rodriguez
2025-12-03,Civil Treatment for Employees,1764770400,,The Civil Treatment for Employees virtual training program simulates realistic workplace scenarios offering insights and practical skills relevant to your organization’s success.,https://events.cmu.edu/event/22334-civil-treatment-for-employees
2025-12-03,"Libraries Workshop: Breathe, Reset, and Connect with Your Heart [Virtual]",1764781200,Online,,https://events.cmu.edu/event/24872-libraries-workshop-breathe-reset-and-connect-with
2025-12-03,Paws to Relax: Weekly Pet Therapy Program,1764804600,"Well-being Lab (Room 104), Wellness &amp; Meaning-Making Suite, First Floor, Highmark Center for Health, Wellness and Athletics","Volunteers through Animal Friend’s Therapet program will join us on Wednesdays, from 6:30-7:30 p.m., to offer some friendly dog companions for the hour.",https://events.cmu.edu/event/23778-paws-to-relax-weekly-pet-therapy-program
2025-12-03,Here to Stay: Celebrating 40 Years at the Architecture Archives,All Day,"Hunt Library, Fourth Floor","This University Libraries’ exhibition celebrates the 40th anniversary of the Architecture Archives, which was founded to create, conserve and promote the rich history of Pittsburgh’s buildings and tell part of the story of this dynamic city.",https://events.cmu.edu/event/7307-here-to-stay-celebrating-40-years-at-the
2025-12-03,Rare Books &amp; Ancestral Machines: The Inaugural Exhibition of the Posner Center for Special Collections,All Day,Posner Center,"This exhibition inaugurates University Libraries’ newly renovated Posner Center, surveying its collections and tracing more than four centuries of scientific inquiry and learning.",https://events.cmu.edu/event/26118-rare-books-ancestral-machines-the-inaugural
2025-12-03,Room to Imagine: 125 Years of Carnegie Mellon University,All Day,Hunt Library Gallery,"This immersive exhibit celebrates 125 years of CMU students, faculty and staff who turned their imagination into reality.",https://events.cmu.edu/event/25250-room-to-imagine-125-years-of-carnegie-mellon
2025-12-03,The Art and Science of Rafael Lucas Rodríguez Caballero,All Day,"Hunt Institute for Botanical Documentation, 5th Floor, Hunt Library","This exhibition at the Hunt Institute for Botanical Documentation celebrates the extraordinary life and work of Rafael Lucas Rodríguez Caballero, Costa Rican botanist, artist and educator.",https://events.cmu.edu/event/14670-the-art-and-science-of-rafael-lucas-rodriguez
2025-12-04,AI-SDM Seminar Series: Ann Bostrom,1764867600,Newell-Simon Hall 4305 or Zoom,,https://events.cmu.edu/event/25178-ai-sdm-seminar-series-ann-bostrom
2025-12-04,Carnegie Mellon Philharmonic &amp; Chorus,1764867600,"Great Hall, College of Fine Arts @ 5000 Forbes Avenue, Pittsburgh, Pennsylvania, 15213, United States",,https://events.cmu.edu/https://events.time.ly/vdibqnd/43901189
2025-12-04,Study Abroad Coffee Hour,1764874800,,All students are welcome to join and ask the Study Abroad team any questions they may have.,https://events.cmu.edu/event/25482-study-abroad-coffee-hour
2025-12-04,Here to Stay: Celebrating 40 Years at the Architecture Archives,All Day,"Hunt Library, Fourth Floor","This University Libraries’ exhibition celebrates the 40th anniversary of the Architecture Archives, which was founded to create, conserve and promote the rich history of Pittsburgh’s buildings and tell part of the story of this dynamic city.",https://events.cmu.edu/event/7307-here-to-stay-celebrating-40-years-at-the
2025-12-04,Rare Books &amp; Ancestral Machines: The Inaugural Exhibition of the Posner Center for Special Collections,All Day,Posner Center,"This exhibition inaugurates University Libraries’ newly renovated Posner Center, surveying its collections and tracing more than four centuries of scientific inquiry and learning.",https://events.cmu.edu/event/26118-rare-books-ancestral-machines-the-inaugural
2025-12-04,Room to Imagine: 125 Years of Carnegie Mellon University,All Day,Hunt Library Gallery,"This immersive exhibit celebrates 125 years of CMU students, faculty and staff who turned their imagination into reality.",https://events.cmu.edu/event/25250-room-to-imagine-125-years-of-carnegie-mellon
2025-12-04,The Art and Science of Rafael Lucas Rodríguez Caballero,All Day,"Hunt Institute for Botanical Documentation, 5th Floor, Hunt Library","This exhibition at the Hunt Institute for Botanical Documentation celebrates the extraordinary life and work of Rafael Lucas Rodríguez Caballero, Costa Rican botanist, artist and educator.",https://events.cmu.edu/event/14670-the-art-and-science-of-rafael-lucas-rodriguez
2025-12-05,Community Crafternoon,1764950400,"Well-being Lab (Room 104), Wellness &amp; Meaning-Making Suite, First Floor, Highmark Center for Health, Wellness and Athletics",,https://events.cmu.edu/event/23786-community-crafternoon
2025-12-05,Carnegie Mellon Philharmonic &amp; Chorus,1764982800,"Carnegie Music Hall, Oakland @ 4400 Forbes Avenue, Pittsburgh, Pennsylvania, 15213, United States",,https://events.cmu.edu/https://events.time.ly/vdibqnd/43901188
2025-12-05,Here to Stay: Celebrating 40 Years at the Architecture Archives,All Day,"Hunt Library, Fourth Floor","This University Libraries’ exhibition celebrates the 40th anniversary of the Architecture Archives, which was founded to create, conserve and promote the rich history of Pittsburgh’s buildings and tell part of the story of this dynamic city.",https://events.cmu.edu/event/7307-here-to-stay-celebrating-40-years-at-the
2025-12-05,Rare Books &amp; Ancestral Machines: The Inaugural Exhibition of the Posner Center for Special Collections,All Day,Posner Center,"This exhibition inaugurates University Libraries’ newly renovated Posner Center, surveying its collections and tracing more than four centuries of scientific inquiry and learning.",https://events.cmu.edu/event/26118-rare-books-ancestral-machines-the-inaugural
2025-12-05,Room to Imagine: 125 Years of Carnegie Mellon University,All Day,Hunt Library Gallery,"This immersive exhibit celebrates 125 years of CMU students, faculty and staff who turned their imagination into reality.",https://events.cmu.edu/event/25250-room-to-imagine-125-years-of-carnegie-mellon
2025-12-05,Semester &amp; Mini-2 Last Day of Classes,All Day,,,https://events.cmu.edu/event/21986-semester-mini-2-last-day-of-classes
2025-12-05,Semester &amp; Mini-2 Voucher Deadline,All Day,,,https://events.cmu.edu/event/21987-semester-mini-2-voucher-deadline
2025-12-05,The Art and Science of Rafael Lucas Rodríguez Caballero,All Day,"Hunt Institute for Botanical Documentation, 5th Floor, Hunt Library","This exhibition at the Hunt Institute for Botanical Documentation celebrates the extraordinary life and work of Rafael Lucas Rodríguez Caballero, Costa Rican botanist, artist and educator.",https://events.cmu.edu/event/14670-the-art-and-science-of-rafael-lucas-rodriguez
2025-12-06,(Women’s Basketball) Alvernia vs. Carnegie Mellon,1765047600,,,https://events.cmu.edu/event/23833-womens-basketball-alvernia-vs-carnegie-mellon
2025-12-06,Here to Stay: Celebrating 40 Years at the Architecture Archives,All Day,"Hunt Library, Fourth Floor","This University Libraries’ exhibition celebrates the 40th anniversary of the Architecture Archives, which was founded to create, conserve and promote the rich history of Pittsburgh’s buildings and tell part of the story of this dynamic city.",https://events.cmu.edu/event/7307-here-to-stay-celebrating-40-years-at-the
2025-12-06,Rare Books &amp; Ancestral Machines: The Inaugural Exhibition of the Posner Center for Special Collections,All Day,Posner Center,"This exhibition inaugurates University Libraries’ newly renovated Posner Center, surveying its collections and tracing more than four centuries of scientific inquiry and learning.",https://events.cmu.edu/event/26118-rare-books-ancestral-machines-the-inaugural
2025-12-06,Room to Imagine: 125 Years of Carnegie Mellon University,All Day,Hunt Library Gallery,"This immersive exhibit celebrates 125 years of CMU students, faculty and staff who turned their imagination into reality.",https://events.cmu.edu/event/25250-room-to-imagine-125-years-of-carnegie-mellon
2025-12-06,The Art and Science of Rafael Lucas Rodríguez Caballero,All Day,"Hunt Institute for Botanical Documentation, 5th Floor, Hunt Library","This exhibition at the Hunt Institute for Botanical Documentation celebrates the extraordinary life and work of Rafael Lucas Rodríguez Caballero, Costa Rican botanist, artist and educator.",https://events.cmu.edu/event/14670-the-art-and-science-of-rafael-lucas-rodriguez
2025-12-07,Here to Stay: Celebrating 40 Years at the Architecture Archives,All Day,"Hunt Library, Fourth Floor","This University Libraries’ exhibition celebrates the 40th anniversary of the Architecture Archives, which was founded to create, conserve and promote the rich history of Pittsburgh’s buildings and tell part of the story of this dynamic city.",https://events.cmu.edu/event/7307-here-to-stay-celebrating-40-years-at-the
2025-12-07,Rare Books &amp; Ancestral Machines: The Inaugural Exhibition of the Posner Center for Special Collections,All Day,Posner Center,"This exhibition inaugurates University Libraries’ newly renovated Posner Center, surveying its collections and tracing more than four centuries of scientific inquiry and learning.",https://events.cmu.edu/event/26118-rare-books-ancestral-machines-the-inaugural
2025-12-07,Room to Imagine: 125 Years of Carnegie Mellon University,All Day,Hunt Library Gallery,"This immersive exhibit celebrates 125 years of CMU students, faculty and staff who turned their imagination into reality.",https://events.cmu.edu/event/25250-room-to-imagine-125-years-of-carnegie-mellon
2025-12-07,The Art and Science of Rafael Lucas Rodríguez Caballero,All Day,"Hunt Institute for Botanical Documentation, 5th Floor, Hunt Library","This exhibition at the Hunt Institute for Botanical Documentation celebrates the extraordinary life and work of Rafael Lucas Rodríguez Caballero, Costa Rican botanist, artist and educator.",https://events.cmu.edu/event/14670-the-art-and-science-of-rafael-lucas-rodriguez
2025-12-08,Final Exams,All Day,,,https://events.cmu.edu/
2025-12-08,Here to Stay: Celebrating 40 Years at the Architecture Archives,All Day,"Hunt Library, Fourth Floor","This University Libraries’ exhibition celebrates the 40th anniversary of the Architecture Archives, which was founded to create, conserve and promote the rich history of Pittsburgh’s buildings and tell part of the story of this dynamic city.",https://events.cmu.edu/event/7307-here-to-stay-celebrating-40-years-at-the
2025-12-08,Rare Books &amp; Ancestral Machines: The Inaugural Exhibition of the Posner Center for Special Collections,All Day,Posner Center,"This exhibition inaugurates University Libraries’ newly renovated Posner Center, surveying its collections and tracing more than four centuries of scientific inquiry and learning.",https://events.cmu.edu/event/26118-rare-books-ancestral-machines-the-inaugural
2025-12-08,Room to Imagine: 125 Years of Carnegie Mellon University,All Day,Hunt Library Gallery,"This immersive exhibit celebrates 125 years of CMU students, faculty and staff who turned their imagination into reality.",https://events.cmu.edu/event/25250-room-to-imagine-125-years-of-carnegie-mellon
2025-12-08,The Art and Science of Rafael Lucas Rodríguez Caballero,All Day,"Hunt Institute for Botanical Documentation, 5th Floor, Hunt Library","This exhibition at the Hunt Institute for Botanical Documentation celebrates the extraordinary life and work of Rafael Lucas Rodríguez Caballero, Costa Rican botanist, artist and educator.",https://events.cmu.edu/event/14670-the-art-and-science-of-rafael-lucas-rodriguez
2025-12-09,Final Exams,All Day,,,https://events.cmu.edu/
2025-12-09,Here to Stay: Celebrating 40 Years at the Architecture Archives,All Day,"Hunt Library, Fourth Floor","This University Libraries’ exhibition celebrates the 40th anniversary of the Architecture Archives, which was founded to create, conserve and promote the rich history of Pittsburgh’s buildings and tell part of the story of this dynamic city.",https://events.cmu.edu/event/7307-here-to-stay-celebrating-40-years-at-the
2025-12-09,Rare Books &amp; Ancestral Machines: The Inaugural Exhibition of the Posner Center for Special Collections,All Day,Posner Center,"This exhibition inaugurates University Libraries’ newly renovated Posner Center, surveying its collections and tracing more than four centuries of scientific inquiry and learning.",https://events.cmu.edu/event/26118-rare-books-ancestral-machines-the-inaugural
2025-12-09,Room to Imagine: 125 Years of Carnegie Mellon University,All Day,Hunt Library Gallery,"This immersive exhibit celebrates 125 years of CMU students, faculty and staff who turned their imagination into reality.",https://events.cmu.edu/event/25250-room-to-imagine-125-years-of-carnegie-mellon
2025-12-09,The Art and Science of Rafael Lucas Rodríguez Caballero,All Day,"Hunt Institute for Botanical Documentation, 5th Floor, Hunt Library","This exhibition at the Hunt Institute for Botanical Documentation celebrates the extraordinary life and work of Rafael Lucas Rodríguez Caballero, Costa Rican botanist, artist and educator.",https://events.cmu.edu/event/14670-the-art-and-science-of-rafael-lucas-rodriguez
2025-12-10,Paws to Relax: Weekly Pet Therapy Program,1765409400,"Well-being Lab (Room 104), Wellness &amp; Meaning-Making Suite, First Floor, Highmark Center for Health, Wellness and Athletics","Volunteers through Animal Friend’s Therapet program will join us on Wednesdays, from 6:30-7:30 p.m., to offer some friendly dog companions for the hour.",https://events.cmu.edu/event/23779-paws-to-relax-weekly-pet-therapy-program
2025-12-10,Here to Stay: Celebrating 40 Years at the Architecture Archives,All Day,"Hunt Library, Fourth Floor","This University Libraries’ exhibition celebrates the 40th anniversary of the Architecture Archives, which was founded to create, conserve and promote the rich history of Pittsburgh’s buildings and tell part of the story of this dynamic city.",https://events.cmu.edu/event/7307-here-to-stay-celebrating-40-years-at-the
2025-12-10,Rare Books &amp; Ancestral Machines: The Inaugural Exhibition of the Posner Center for Special Collections,All Day,Posner Center,"This exhibition inaugurates University Libraries’ newly renovated Posner Center, surveying its collections and tracing more than four centuries of scientific inquiry and learning.",https://events.cmu.edu/event/26118-rare-books-ancestral-machines-the-inaugural
2025-12-10,Reading Day,All Day,,,https://events.cmu.edu/event/21984-reading-day
2025-12-10,Room to Imagine: 125 Years of Carnegie Mellon University,All Day,Hunt Library Gallery,"This immersive exhibit celebrates 125 years of CMU students, faculty and staff who turned their imagination into reality.",https://events.cmu.edu/event/25250-room-to-imagine-125-years-of-carnegie-mellon
2025-12-10,The Art and Science of Rafael Lucas Rodríguez Caballero,All Day,"Hunt Institute for Botanical Documentation, 5th Floor, Hunt Library","This exhibition at the Hunt Institute for Botanical Documentation celebrates the extraordinary life and work of Rafael Lucas Rodríguez Caballero, Costa Rican botanist, artist and educator.",https://events.cmu.edu/event/14670-the-art-and-science-of-rafael-lucas-rodriguez
2025-12-11,Staff Council General Body Meeting,1765472400,Zoom only,Staff Council general body meetings are held monthly and open to all CMU staff.,https://events.cmu.edu/event/26264-staff-council-general-body-meeting
2025-12-11,Final Exams,All Day,,,https://events.cmu.edu/
2025-12-11,Here to Stay: Celebrating 40 Years at the Architecture Archives,All Day,"Hunt Library, Fourth Floor","This University Libraries’ exhibition celebrates the 40th anniversary of the Architecture Archives, which was founded to create, conserve and promote the rich history of Pittsburgh’s buildings and tell part of the story of this dynamic city.",https://events.cmu.edu/event/7307-here-to-stay-celebrating-40-years-at-the
2025-12-11,Rare Books &amp; Ancestral Machines: The Inaugural Exhibition of the Posner Center for Special Collections,All Day,Posner Center,"This exhibition inaugurates University Libraries’ newly renovated Posner Center, surveying its collections and tracing more than four centuries of scientific inquiry and learning.",https://events.cmu.edu/event/26118-rare-books-ancestral-machines-the-inaugural
2025-12-11,Room to Imagine: 125 Years of Carnegie Mellon University,All Day,Hunt Library Gallery,"This immersive exhibit celebrates 125 years of CMU students, faculty and staff who turned their imagination into reality.",https://events.cmu.edu/event/25250-room-to-imagine-125-years-of-carnegie-mellon
2025-12-11,The Art and Science of Rafael Lucas Rodríguez Caballero,All Day,"Hunt Institute for Botanical Documentation, 5th Floor, Hunt Library","This exhibition at the Hunt Institute for Botanical Documentation celebrates the extraordinary life and work of Rafael Lucas Rodríguez Caballero, Costa Rican botanist, artist and educator.",https://events.cmu.edu/event/14670-the-art-and-science-of-rafael-lucas-rodriguez
2025-12-12,Final Exams,All Day,,,https://events.cmu.edu/
2025-12-12,Here to Stay: Celebrating 40 Years at the Architecture Archives,All Day,"Hunt Library, Fourth Floor","This University Libraries’ exhibition celebrates the 40th anniversary of the Architecture Archives, which was founded to create, conserve and promote the rich history of Pittsburgh’s buildings and tell part of the story of this dynamic city.",https://events.cmu.edu/event/7307-here-to-stay-celebrating-40-years-at-the
2025-12-12,Rare Books &amp; Ancestral Machines: The Inaugural Exhibition of the Posner Center for Special Collections,All Day,Posner Center,"This exhibition inaugurates University Libraries’ newly renovated Posner Center, surveying its collections and tracing more than four centuries of scientific inquiry and learning.",https://events.cmu.edu/event/26118-rare-books-ancestral-machines-the-inaugural
2025-12-12,Room to Imagine: 125 Years of Carnegie Mellon University,All Day,Hunt Library Gallery,"This immersive exhibit celebrates 125 years of CMU students, faculty and staff who turned their imagination into reality.",https://events.cmu.edu/event/25250-room-to-imagine-125-years-of-carnegie-mellon
2025-12-12,The Art and Science of Rafael Lucas Rodríguez Caballero,All Day,"Hunt Institute for Botanical Documentation, 5th Floor, Hunt Library","This exhibition at the Hunt Institute for Botanical Documentation celebrates the extraordinary life and work of Rafael Lucas Rodríguez Caballero, Costa Rican botanist, artist and educator.",https://events.cmu.edu/event/14670-the-art-and-science-of-rafael-lucas-rodriguez
2025-12-13,Here to Stay: Celebrating 40 Years at the Architecture Archives,All Day,"Hunt Library, Fourth Floor","This University Libraries’ exhibition celebrates the 40th anniversary of the Architecture Archives, which was founded to create, conserve and promote the rich history of Pittsburgh’s buildings and tell part of the story of this dynamic city.",https://events.cmu.edu/event/7307-here-to-stay-celebrating-40-years-at-the
2025-12-13,Rare Books &amp; Ancestral Machines: The Inaugural Exhibition of the Posner Center for Special Collections,All Day,Posner Center,"This exhibition inaugurates University Libraries’ newly renovated Posner Center, surveying its collections and tracing more than four centuries of scientific inquiry and learning.",https://events.cmu.edu/event/26118-rare-books-ancestral-machines-the-inaugural
2025-12-13,Reading Day,All Day,,,https://events.cmu.edu/event/21982-reading-day
2025-12-13,Room to Imagine: 125 Years of Carnegie Mellon University,All Day,Hunt Library Gallery,"This immersive exhibit celebrates 125 years of CMU students, faculty and staff who turned their imagination into reality.",https://events.cmu.edu/event/25250-room-to-imagine-125-years-of-carnegie-mellon
2025-12-13,The Art and Science of Rafael Lucas Rodríguez Caballero,All Day,"Hunt Institute for Botanical Documentation, 5th Floor, Hunt Library","This exhibition at the Hunt Institute for Botanical Documentation celebrates the extraordinary life and work of Rafael Lucas Rodríguez Caballero, Costa Rican botanist, artist and educator.",https://events.cmu.edu/event/14670-the-art-and-science-of-rafael-lucas-rodriguez
2025-12-14,Channukah Begins,All Day,,"Also known as the Festival of Lights, Channukah is an eight-day Jewish holiday celebrating the rededication of the Second Temple in Jerusalem in the second century A.D.",https://events.cmu.edu/event/22043-channukah-begins
2025-12-14,Final Exam,All Day,,,https://events.cmu.edu/event/21980-final-exam
2025-12-14,Here to Stay: Celebrating 40 Years at the Architecture Archives,All Day,"Hunt Library, Fourth Floor","This University Libraries’ exhibition celebrates the 40th anniversary of the Architecture Archives, which was founded to create, conserve and promote the rich history of Pittsburgh’s buildings and tell part of the story of this dynamic city.",https://events.cmu.edu/event/7307-here-to-stay-celebrating-40-years-at-the
2025-12-14,Rare Books &amp; Ancestral Machines: The Inaugural Exhibition of the Posner Center for Special Collections,All Day,Posner Center,"This exhibition inaugurates University Libraries’ newly renovated Posner Center, surveying its collections and tracing more than four centuries of scientific inquiry and learning.",https://events.cmu.edu/event/26118-rare-books-ancestral-machines-the-inaugural
2025-12-14,Room to Imagine: 125 Years of Carnegie Mellon University,All Day,Hunt Library Gallery,"This immersive exhibit celebrates 125 years of CMU students, faculty and staff who turned their imagination into reality.",https://events.cmu.edu/event/25250-room-to-imagine-125-years-of-carnegie-mellon
2025-12-14,Semester &amp; Mini-2 FCEs Close,All Day,,,https://events.cmu.edu/event/21981-semester-mini-2-fces-close
2025-12-14,The Art and Science of Rafael Lucas Rodríguez Caballero,All Day,"Hunt Institute for Botanical Documentation, 5th Floor, Hunt Library","This exhibition at the Hunt Institute for Botanical Documentation celebrates the extraordinary life and work of Rafael Lucas Rodríguez Caballero, Costa Rican botanist, artist and educator.",https://events.cmu.edu/event/14670-the-art-and-science-of-rafael-lucas-rodriguez
2025-12-15,Here to Stay: Celebrating 40 Years at the Architecture Archives,All Day,"Hunt Library, Fourth Floor","This University Libraries’ exhibition celebrates the 40th anniversary of the Architecture Archives, which was founded to create, conserve and promote the rich history of Pittsburgh’s buildings and tell part of the story of this dynamic city.",https://events.cmu.edu/event/7307-here-to-stay-celebrating-40-years-at-the
2025-12-15,Make Up Final Exams,All Day,,,https://events.cmu.edu/event/21979-make-up-final-exams
2025-12-15,Rare Books &amp; Ancestral Machines: The Inaugural Exhibition of the Posner Center for Special Collections,All Day,Posner Center,"This exhibition inaugurates University Libraries’ newly renovated Posner Center, surveying its collections and tracing more than four centuries of scientific inquiry and learning.",https://events.cmu.edu/event/26118-rare-books-ancestral-machines-the-inaugural
2025-12-15,Room to Imagine: 125 Years of Carnegie Mellon University,All Day,Hunt Library Gallery,"This immersive exhibit celebrates 125 years of CMU students, faculty and staff who turned their imagination into reality.",https://events.cmu.edu/event/25250-room-to-imagine-125-years-of-carnegie-mellon
2025-12-15,The Art and Science of Rafael Lucas Rodríguez Caballero,All Day,"Hunt Institute for Botanical Documentation, 5th Floor, Hunt Library","This exhibition at the Hunt Institute for Botanical Documentation celebrates the extraordinary life and work of Rafael Lucas Rodríguez Caballero, Costa Rican botanist, artist and educator.",https://events.cmu.edu/event/14670-the-art-and-science-of-rafael-lucas-rodriguez
2025-12-16,Here to Stay: Celebrating 40 Years at the Architecture Archives,All Day,"Hunt Library, Fourth Floor","This University Libraries’ exhibition celebrates the 40th anniversary of the Architecture Archives, which was founded to create, conserve and promote the rich history of Pittsburgh’s buildings and tell part of the story of this dynamic city.",https://events.cmu.edu/event/7307-here-to-stay-celebrating-40-years-at-the
2025-12-16,Rare Books &amp; Ancestral Machines: The Inaugural Exhibition of the Posner Center for Special Collections,All Day,Posner Center,"This exhibition inaugurates University Libraries’ newly renovated Posner Center, surveying its collections and tracing more than four centuries of scientific inquiry and learning.",https://events.cmu.edu/event/26118-rare-books-ancestral-machines-the-inaugural
2025-12-16,Room to Imagine: 125 Years of Carnegie Mellon University,All Day,Hunt Library Gallery,"This immersive exhibit celebrates 125 years of CMU students, faculty and staff who turned their imagination into reality.",https://events.cmu.edu/event/25250-room-to-imagine-125-years-of-carnegie-mellon
2025-12-16,The Art and Science of Rafael Lucas Rodríguez Caballero,All Day,"Hunt Institute for Botanical Documentation, 5th Floor, Hunt Library","This exhibition at the Hunt Institute for Botanical Documentation celebrates the extraordinary life and work of Rafael Lucas Rodríguez Caballero, Costa Rican botanist, artist and educator.",https://events.cmu.edu/event/14670-the-art-and-science-of-rafael-lucas-rodriguez
2025-12-17,Final Grade Due at 4pm,All Day,,,https://events.cmu.edu/event/21978-final-grade-due-at-4pm
2025-12-17,Here to Stay: Celebrating 40 Years at the Architecture Archives,All Day,"Hunt Library, Fourth Floor","This University Libraries’ exhibition celebrates the 40th anniversary of the Architecture Archives, which was founded to create, conserve and promote the rich history of Pittsburgh’s buildings and tell part of the story of this dynamic city.",https://events.cmu.edu/event/7307-here-to-stay-celebrating-40-years-at-the
2025-12-17,Rare Books &amp; Ancestral Machines: The Inaugural Exhibition of the Posner Center for Special Collections,All Day,Posner Center,"This exhibition inaugurates University Libraries’ newly renovated Posner Center, surveying its collections and tracing more than four centuries of scientific inquiry and learning.",https://events.cmu.edu/event/26118-rare-books-ancestral-machines-the-inaugural
2025-12-17,Room to Imagine: 125 Years of Carnegie Mellon University,All Day,Hunt Library Gallery,"This immersive exhibit celebrates 125 years of CMU students, faculty and staff who turned their imagination into reality.",https://events.cmu.edu/event/25250-room-to-imagine-125-years-of-carnegie-mellon
2025-12-17,The Art and Science of Rafael Lucas Rodríguez Caballero,All Day,"Hunt Institute for Botanical Documentation, 5th Floor, Hunt Library","This exhibition at the Hunt Institute for Botanical Documentation celebrates the extraordinary life and work of Rafael Lucas Rodríguez Caballero, Costa Rican botanist, artist and educator.",https://events.cmu.edu/event/14670-the-art-and-science-of-rafael-lucas-rodriguez
2025-12-18,CMIST Graduate Program Open House,1766066400,,Join us for a virtual information session to learn more about the graduate programs that CMIST offers.,https://events.cmu.edu/event/25255-cmist-graduate-program-open-house
2025-12-18,(Men’s Basketball) Allegheny vs. Carnegie Mellon,1766091600,,,https://events.cmu.edu/event/23830-mens-basketball-allegheny-vs-carnegie-mellon
2025-12-18,Here to Stay: Celebrating 40 Years at the Architecture Archives,All Day,"Hunt Library, Fourth Floor","This University Libraries’ exhibition celebrates the 40th anniversary of the Architecture Archives, which was founded to create, conserve and promote the rich history of Pittsburgh’s buildings and tell part of the story of this dynamic city.",https://events.cmu.edu/event/7307-here-to-stay-celebrating-40-years-at-the
2025-12-18,Rare Books &amp; Ancestral Machines: The Inaugural Exhibition of the Posner Center for Special Collections,All Day,Posner Center,"This exhibition inaugurates University Libraries’ newly renovated Posner Center, surveying its collections and tracing more than four centuries of scientific inquiry and learning.",https://events.cmu.edu/event/26118-rare-books-ancestral-machines-the-inaugural
2025-12-18,Room to Imagine: 125 Years of Carnegie Mellon University,All Day,Hunt Library Gallery,"This immersive exhibit celebrates 125 years of CMU students, faculty and staff who turned their imagination into reality.",https://events.cmu.edu/event/25250-room-to-imagine-125-years-of-carnegie-mellon
2025-12-19,Here to Stay: Celebrating 40 Years at the Architecture Archives,All Day,"Hunt Library, Fourth Floor","This University Libraries’ exhibition celebrates the 40th anniversary of the Architecture Archives, which was founded to create, conserve and promote the rich history of Pittsburgh’s buildings and tell part of the story of this dynamic city.",https://events.cmu.edu/event/7307-here-to-stay-celebrating-40-years-at-the
2025-12-19,Rare Books &amp; Ancestral Machines: The Inaugural Exhibition of the Posner Center for Special Collections,All Day,Posner Center,"This exhibition inaugurates University Libraries’ newly renovated Posner Center, surveying its collections and tracing more than four centuries of scientific inquiry and learning.",https://events.cmu.edu/event/26118-rare-books-ancestral-machines-the-inaugural
2025-12-19,Room to Imagine: 125 Years of Carnegie Mellon University,All Day,Hunt Library Gallery,"This immersive exhibit celebrates 125 years of CMU students, faculty and staff who turned their imagination into reality.",https://events.cmu.edu/event/25250-room-to-imagine-125-years-of-carnegie-mellon
2025-12-20,Here to Stay: Celebrating 40 Years at the Architecture Archives,All Day,"Hunt Library, Fourth Floor","This University Libraries’ exhibition celebrates the 40th anniversary of the Architecture Archives, which was founded to create, conserve and promote the rich history of Pittsburgh’s buildings and tell part of the story of this dynamic city.",https://events.cmu.edu/event/7307-here-to-stay-celebrating-40-years-at-the
2025-12-20,Rare Books &amp; Ancestral Machines: The Inaugural Exhibition of the Posner Center for Special Collections,All Day,Posner Center,"This exhibition inaugurates University Libraries’ newly renovated Posner Center, surveying its collections and tracing more than four centuries of scientific inquiry and learning.",https://events.cmu.edu/event/26118-rare-books-ancestral-machines-the-inaugural
2025-12-20,Room to Imagine: 125 Years of Carnegie Mellon University,All Day,Hunt Library Gallery,"This immersive exhibit celebrates 125 years of CMU students, faculty and staff who turned their imagination into reality.",https://events.cmu.edu/event/25250-room-to-imagine-125-years-of-carnegie-mellon
2025-12-21,Here to Stay: Celebrating 40 Years at the Architecture Archives,All Day,"Hunt Library, Fourth Floor","This University Libraries’ exhibition celebrates the 40th anniversary of the Architecture Archives, which was founded to create, conserve and promote the rich history of Pittsburgh’s buildings and tell part of the story of this dynamic city.",https://events.cmu.edu/event/7307-here-to-stay-celebrating-40-years-at-the
2025-12-21,Rare Books &amp; Ancestral Machines: The Inaugural Exhibition of the Posner Center for Special Collections,All Day,Posner Center,"This exhibition inaugurates University Libraries’ newly renovated Posner Center, surveying its collections and tracing more than four centuries of scientific inquiry and learning.",https://events.cmu.edu/event/26118-rare-books-ancestral-machines-the-inaugural
2025-12-21,Room to Imagine: 125 Years of Carnegie Mellon University,All Day,Hunt Library Gallery,"This immersive exhibit celebrates 125 years of CMU students, faculty and staff who turned their imagination into reality.",https://events.cmu.edu/event/25250-room-to-imagine-125-years-of-carnegie-mellon
2025-12-21,Yalda Night / Chelleh Night,All Day,,"Known as Yalda Night or Chelleh Night, this Iranian festival marks the winter solstice, which is the longest night of the year.",https://events.cmu.edu/event/22044-yalda-night-chelleh-night
2025-12-21,Yule,All Day,,,https://events.cmu.edu/event/22045-yule
2025-12-22,Channukah Ends,All Day,,"Also known as the Festival of Lights, Channukah is an eight-day Jewish holiday celebrating the rededication of the Second Temple in Jerusalem in the second century A.D.",https://events.cmu.edu/event/22046-channukah-ends
2025-12-22,Here to Stay: Celebrating 40 Years at the Architecture Archives,All Day,"Hunt Library, Fourth Floor","This University Libraries’ exhibition celebrates the 40th anniversary of the Architecture Archives, which was founded to create, conserve and promote the rich history of Pittsburgh’s buildings and tell part of the story of this dynamic city.",https://events.cmu.edu/event/7307-here-to-stay-celebrating-40-years-at-the
2025-12-22,Rare Books &amp; Ancestral Machines: The Inaugural Exhibition of the Posner Center for Special Collections,All Day,Posner Center,"This exhibition inaugurates University Libraries’ newly renovated Posner Center, surveying its collections and tracing more than four centuries of scientific inquiry and learning.",https://events.cmu.edu/event/26118-rare-books-ancestral-machines-the-inaugural
2025-12-22,Room to Imagine: 125 Years of Carnegie Mellon University,All Day,Hunt Library Gallery,"This immersive exhibit celebrates 125 years of CMU students, faculty and staff who turned their imagination into reality.",https://events.cmu.edu/event/25250-room-to-imagine-125-years-of-carnegie-mellon
2025-12-23,Here to Stay: Celebrating 40 Years at the Architecture Archives,All Day,"Hunt Library, Fourth Floor","This University Libraries’ exhibition celebrates the 40th anniversary of the Architecture Archives, which was founded to create, conserve and promote the rich history of Pittsburgh’s buildings and tell part of the story of this dynamic city.",https://events.cmu.edu/event/7307-here-to-stay-celebrating-40-years-at-the
2025-12-23,Rare Books &amp; Ancestral Machines: The Inaugural Exhibition of the Posner Center for Special Collections,All Day,Posner Center,"This exhibition inaugurates University Libraries’ newly renovated Posner Center, surveying its collections and tracing more than four centuries of scientific inquiry and learning.",https://events.cmu.edu/event/26118-rare-books-ancestral-machines-the-inaugural
2025-12-23,Room to Imagine: 125 Years of Carnegie Mellon University,All Day,Hunt Library Gallery,"This immersive exhibit celebrates 125 years of CMU students, faculty and staff who turned their imagination into reality.",https://events.cmu.edu/event/25250-room-to-imagine-125-years-of-carnegie-mellon
2025-12-24,Christmas Eve (Official University Holiday),All Day,,"Carnegie Mellon’s U.S. campuses observe 11 official holidays. The university is closed on these days, and all non-essential personnel are not expected to report to work.",https://events.cmu.edu/event/25101-christmas-eve-official-university-holiday
2025-12-24,Here to Stay: Celebrating 40 Years at the Architecture Archives,All Day,"Hunt Library, Fourth Floor","This University Libraries’ exhibition celebrates the 40th anniversary of the Architecture Archives, which was founded to create, conserve and promote the rich history of Pittsburgh’s buildings and tell part of the story of this dynamic city.",https://events.cmu.edu/event/7307-here-to-stay-celebrating-40-years-at-the
2025-12-24,Nativity Fast Ends,All Day,,"This day marks the end of the traditional season of fasting for Eastern Orthodox Christians, in preparation for the Nativity of Christ.",https://events.cmu.edu/event/22047-nativity-fast-ends
2025-12-24,Rare Books &amp; Ancestral Machines: The Inaugural Exhibition of the Posner Center for Special Collections,All Day,Posner Center,"This exhibition inaugurates University Libraries’ newly renovated Posner Center, surveying its collections and tracing more than four centuries of scientific inquiry and learning.",https://events.cmu.edu/event/26118-rare-books-ancestral-machines-the-inaugural
2025-12-24,Room to Imagine: 125 Years of Carnegie Mellon University,All Day,Hunt Library Gallery,"This immersive exhibit celebrates 125 years of CMU students, faculty and staff who turned their imagination into reality.",https://events.cmu.edu/event/25250-room-to-imagine-125-years-of-carnegie-mellon
2025-12-24,University Closed,All Day,,,https://events.cmu.edu/
2025-12-25,Christmas Day (Official University Holiday),All Day,,"Carnegie Mellon’s U.S. campuses observe 11 official holidays. The university is closed on these days, and all non-essential personnel are not expected to report to work.",https://events.cmu.edu/event/25102-christmas-day-official-university-holiday
2025-12-25,Christmas Day / The Feast of the Nativity,All Day,,,https://events.cmu.edu/event/22048-christmas-day-the-feast-of-the-nativity
2025-12-25,Here to Stay: Celebrating 40 Years at the Architecture Archives,All Day,"Hunt Library, Fourth Floor","This University Libraries’ exhibition celebrates the 40th anniversary of the Architecture Archives, which was founded to create, conserve and promote the rich history of Pittsburgh’s buildings and tell part of the story of this dynamic city.",https://events.cmu.edu/event/7307-here-to-stay-celebrating-40-years-at-the
2025-12-25,Newton’s Day,All Day,,,https://events.cmu.edu/event/22049-newtons-day
2025-12-25,Rare Books &amp; Ancestral Machines: The Inaugural Exhibition of the Posner Center for Special Collections,All Day,Posner Center,"This exhibition inaugurates University Libraries’ newly renovated Posner Center, surveying its collections and tracing more than four centuries of scientific inquiry and learning.",https://events.cmu.edu/event/26118-rare-books-ancestral-machines-the-inaugural
2025-12-25,Room to Imagine: 125 Years of Carnegie Mellon University,All Day,Hunt Library Gallery,"This immersive exhibit celebrates 125 years of CMU students, faculty and staff who turned their imagination into reality.",https://events.cmu.edu/event/25250-room-to-imagine-125-years-of-carnegie-mellon
2025-12-25,University Closed,All Day,,,https://events.cmu.edu/
2025-12-26,Here to Stay: Celebrating 40 Years at the Architecture Archives,All Day,"Hunt Library, Fourth Floor","This University Libraries’ exhibition celebrates the 40th anniversary of the Architecture Archives, which was founded to create, conserve and promote the rich history of Pittsburgh’s buildings and tell part of the story of this dynamic city.",https://events.cmu.edu/event/7307-here-to-stay-celebrating-40-years-at-the
2025-12-26,Kwanzaa Begins,All Day,,"An African-American and Pan-African holiday celebrating family, community, and culture, Kwanzaa is a secular observance with some religious participation",https://events.cmu.edu/event/22050-kwanzaa-begins
2025-12-26,Rare Books &amp; Ancestral Machines: The Inaugural Exhibition of the Posner Center for Special Collections,All Day,Posner Center,"This exhibition inaugurates University Libraries’ newly renovated Posner Center, surveying its collections and tracing more than four centuries of scientific inquiry and learning.",https://events.cmu.edu/event/26118-rare-books-ancestral-machines-the-inaugural
2025-12-26,Room to Imagine: 125 Years of Carnegie Mellon University,All Day,Hunt Library Gallery,"This immersive exhibit celebrates 125 years of CMU students, faculty and staff who turned their imagination into reality.",https://events.cmu.edu/event/25250-room-to-imagine-125-years-of-carnegie-mellon
2025-12-26,University Closed,All Day,,,https://events.cmu.edu/
2025-12-26,Winter Break,All Day,,"Winter Break provides the campus community with additional time off during the winter holidays. Carnegie Mellon University is closed during Winter Break, and non-essential personnel should not report to work. In 2025, Winter Break will occur on December 26, 29 and 30.",https://events.cmu.edu/event/25110-winter-break
2025-12-27,Here to Stay: Celebrating 40 Years at the Architecture Archives,All Day,"Hunt Library, Fourth Floor","This University Libraries’ exhibition celebrates the 40th anniversary of the Architecture Archives, which was founded to create, conserve and promote the rich history of Pittsburgh’s buildings and tell part of the story of this dynamic city.",https://events.cmu.edu/event/7307-here-to-stay-celebrating-40-years-at-the
2025-12-27,Rare Books &amp; Ancestral Machines: The Inaugural Exhibition of the Posner Center for Special Collections,All Day,Posner Center,"This exhibition inaugurates University Libraries’ newly renovated Posner Center, surveying its collections and tracing more than four centuries of scientific inquiry and learning.",https://events.cmu.edu/event/26118-rare-books-ancestral-machines-the-inaugural
2025-12-27,Room to Imagine: 125 Years of Carnegie Mellon University,All Day,Hunt Library Gallery,"This immersive exhibit celebrates 125 years of CMU students, faculty and staff who turned their imagination into reality.",https://events.cmu.edu/event/25250-room-to-imagine-125-years-of-carnegie-mellon
2025-12-28,Here to Stay: Celebrating 40 Years at the Architecture Archives,All Day,"Hunt Library, Fourth Floor","This University Libraries’ exhibition celebrates the 40th anniversary of the Architecture Archives, which was founded to create, conserve and promote the rich history of Pittsburgh’s buildings and tell part of the story of this dynamic city.",https://events.cmu.edu/event/7307-here-to-stay-celebrating-40-years-at-the
2025-12-28,Rare Books &amp; Ancestral Machines: The Inaugural Exhibition of the Posner Center for Special Collections,All Day,Posner Center,"This exhibition inaugurates University Libraries’ newly renovated Posner Center, surveying its collections and tracing more than four centuries of scientific inquiry and learning.",https://events.cmu.edu/event/26118-rare-books-ancestral-machines-the-inaugural
2025-12-28,Room to Imagine: 125 Years of Carnegie Mellon University,All Day,Hunt Library Gallery,"This immersive exhibit celebrates 125 years of CMU students, faculty and staff who turned their imagination into reality.",https://events.cmu.edu/event/25250-room-to-imagine-125-years-of-carnegie-mellon
2025-12-29,Here to Stay: Celebrating 40 Years at the Architecture Archives,All Day,"Hunt Library, Fourth Floor","This University Libraries’ exhibition celebrates the 40th anniversary of the Architecture Archives, which was founded to create, conserve and promote the rich history of Pittsburgh’s buildings and tell part of the story of this dynamic city.",https://events.cmu.edu/event/7307-here-to-stay-celebrating-40-years-at-the
2025-12-29,Rare Books &amp; Ancestral Machines: The Inaugural Exhibition of the Posner Center for Special Collections,All Day,Posner Center,"This exhibition inaugurates University Libraries’ newly renovated Posner Center, surveying its collections and tracing more than four centuries of scientific inquiry and learning.",https://events.cmu.edu/event/26118-rare-books-ancestral-machines-the-inaugural
2025-12-29,Room to Imagine: 125 Years of Carnegie Mellon University,All Day,Hunt Library Gallery,"This immersive exhibit celebrates 125 years of CMU students, faculty and staff who turned their imagination into reality.",https://events.cmu.edu/event/25250-room-to-imagine-125-years-of-carnegie-mellon
2025-12-29,University Closed,All Day,,,https://events.cmu.edu/
2025-12-29,Winter Break,All Day,,"Winter Break provides the campus community with additional time off during the winter holidays. Carnegie Mellon University is closed during Winter Break, and non-essential personnel should not report to work. In 2025, Winter Break will occur on December 26, 29 and 30.",https://events.cmu.edu/event/25111-winter-break
2025-12-30,Here to Stay: Celebrating 40 Years at the Architecture Archives,All Day,"Hunt Library, Fourth Floor","This University Libraries’ exhibition celebrates the 40th anniversary of the Architecture Archives, which was founded to create, conserve and promote the rich history of Pittsburgh’s buildings and tell part of the story of this dynamic city.",https://events.cmu.edu/event/7307-here-to-stay-celebrating-40-years-at-the
2025-12-30,Rare Books &amp; Ancestral Machines: The Inaugural Exhibition of the Posner Center for Special Collections,All Day,Posner Center,"This exhibition inaugurates University Libraries’ newly renovated Posner Center, surveying its collections and tracing more than four centuries of scientific inquiry and learning.",https://events.cmu.edu/event/26118-rare-books-ancestral-machines-the-inaugural
2025-12-30,Room to Imagine: 125 Years of Carnegie Mellon University,All Day,Hunt Library Gallery,"This immersive exhibit celebrates 125 years of CMU students, faculty and staff who turned their imagination into reality.",https://events.cmu.edu/event/25250-room-to-imagine-125-years-of-carnegie-mellon
2025-12-30,University Closed,All Day,,,https://events.cmu.edu/
2025-12-30,Winter Break,All Day,,"Winter Break provides the campus community with additional time off during the winter holidays. Carnegie Mellon University is closed during Winter Break, and non-essential personnel should not report to work. In 2025, Winter Break will occur on December 26, 29 and 30.",https://events.cmu.edu/event/25113-winter-break
2025-12-31,Here to Stay: Celebrating 40 Years at the Architecture Archives,All Day,"Hunt Library, Fourth Floor","This University Libraries’ exhibition celebrates the 40th anniversary of the Architecture Archives, which was founded to create, conserve and promote the rich history of Pittsburgh’s buildings and tell part of the story of this dynamic city.",https://events.cmu.edu/event/7307-here-to-stay-celebrating-40-years-at-the
2025-12-31,New Year’s Eve (Official University Holiday),All Day,,"Carnegie Mellon’s U.S. campuses observe 11 official holidays. The university is closed on these days, and all non-essential personnel are not expected to report to work.",https://events.cmu.edu/event/25103-new-years-eve-official-university-holiday
2025-12-31,Rare Books &amp; Ancestral Machines: The Inaugural Exhibition of the Posner Center for Special Collections,All Day,Posner Center,"This exhibition inaugurates University Libraries’ newly renovated Posner Center, surveying its collections and tracing more than four centuries of scientific inquiry and learning.",https://events.cmu.edu/event/26118-rare-books-ancestral-machines-the-inaugural
2025-12-31,Room to Imagine: 125 Years of Carnegie Mellon University,All Day,Hunt Library Gallery,"This immersive exhibit celebrates 125 years of CMU students, faculty and staff who turned their imagination into reality.",https://events.cmu.edu/event/25250-room-to-imagine-125-years-of-carnegie-mellon
2025-12-31,University Closed,All Day,,,https://events.cmu.edu/
