,Dealer or Individual?,Price,Year,Location,Mileage,Doors,Color,Engine,Description,Web Link
0,0,23890.0,2022,"Atlanta, GA ",31.0,4,Black,192 hp 1.5L I4,"Hennessy Lexus of Atlanta is proud to offer you this Exceptional 2022 Honda Accord! It comes well appointed, is exceptionally clean, and has undergone a rigorous mechanical and cosmetic reconditioning process. Come see why our cars are a cut above! Options include: **Local Trade-In!**, **Clean Carfax**, Black w/Perforated Leather Seat Trim, Adaptive Cruise Control: Adaptive Cruise Control (ACC) with Low-Speed Follow, Exterior Parking Camera Rear, Forward collision: Collision Mitigation Braking System (CMBS) + FCW mitigation, Front fog lights, Heated Front Bucket Seats, Lane Departure Warning System, Perforated Leather Seat Trim, Wheels: 19"" Machine-Finished Alloy w/Black Inserts. Clean CARFAX. Priced below KBB Fair Purchase Price! At Hennessy Lexus of Atlanta, we offer a tremendous selection of New & Pre-Owned vehicles, accompanied with outstanding deals and unparalleled service! We have a strong and committed sales staff with many years of experience satisfying our customers' needs. We take pride in standing above the competition with a solid reputation and our entire team will ensure your car buying experience exceeds your expectations! We are a proud part of the Hennessy family, the most trusted name for luxury vehicles in metro Atlanta for over 50 years! Hennessy operates 11 dealerships in the Atlanta market, which provides us with access to an over 2,500 vehicle network! No matter what you are interested in, we can help!  Additional Information 8 Speakers,AM/FM radio,Radio data system,Radio: 180-Watt AM/FM Audio System,Air Conditioning,Automatic temperature control,Front dual zone A/C,Rear window defroster,Power driver seat,Power steering,Power windows,Remote keyless entry,Steering wheel mounted audio controls,Four wheel independent suspension,Speed-sensing steering,Traction control,4-Wheel Disc Brakes,ABS brakes,Dual front impact airbags,Dual front side impact airbags,Emergency communication system: HondaLink,Front anti-roll bar,Knee airbag,Low tire pressure warning,Occupant sensing airbag,Overhead airbag,Rear anti-roll bar,Brake assist,Electronic Stability Control,Forward collision: Collision Mitigation Braking System (CMBS) + FCW mitigation,Lane Departure Warning System,Exterior Parking Camera Rear,Auto High-beam Headlights,Delay-off headlights,Front fog lights,Fully automatic headlights,Panic alarm,Security system,Adaptive Cruise Control: Adaptive Cruise Control (ACC) with Low-Speed Follow,Speed control,Bumpers: body-color,Heated door mirrors,Power door mirrors,Spoiler,Apple CarPlay/Android Auto,Driver door bin,Driver vanity mirror,Front reading lights,Illuminated entry,Leather Shift Knob,Leather steering wheel,Outside temperature display,Overhead console,Passenger vanity mirror,Rear seat center armrest,Tachometer,Telescoping steering wheel,Tilt steering wheel,Trip computer,Front Bucket Seats,Front Center Armrest,Heated Front Bucket Seats,Heated front seats,Perforated Leather Seat Trim,Power passenger seat,Split folding rear seat,Passenger door bin,Alloy wheels,Wheels: 19"" Machine-Finished Alloy w/Black Inserts,Speed-Sensitive Wipers,Variably intermittent wipers,**Local Trade-In!**,**Clean Carfax**",https://www.cargurus.com/Cars/l-Used-Honda-Accord-Atlanta-d585_L6054#listing=421324969/NONE/DEFAULT
1,0,23749.0,2022,"Atlanta, GA",75633.0,4,White,192 hp 1.5L I4,"#1 PRICE & #1 VALUE IN THE ATLANTA AREA!! HondaTrue CERTIFIED!! Receive a LIFETIME Limited Powertrain Warranty - FREE OF CHARGE!! New Price! CARFAX One-Owner. Certified. Platinum White Pearl 2022 Honda Accord Sport Special Edition FWD CVT LIFETIME POWERTRAIN WARRANTY, BLUETOOTH MP3, BACKUP CAMERA, REMOTE KEYLESS ENTRY, HEATED SEATS, ONE OWNER, Black w/Perforated Leather Seat Trim, 8 Speakers, ABS brakes, Adaptive Cruise Control: Adaptive Cruise Control (ACC) with Low-Speed Follow, Alloy wheels, AM/FM radio, Apple CarPlay/Android Auto, Auto High-beam Headlights, Automatic temperature control, Brake assist, Delay-off headlights, Dual front impact airbags, Dual front side impact airbags, Electronic Stability Control, Exterior Parking Camera Rear, Forward collision: Collision Mitigation Braking System (CMBS) + FCW mitigation, Front dual zone A/C, Front fog lights, Fully automatic headlights, Heated door mirrors, Heated Front Bucket Seats, Knee airbag, Lane Departure Warning System, Outside temperature display, Overhead airbag, Perforated Leather Seat Trim, Power door mirrors, Power driver seat, Power passenger seat, Radio data system, Radio: 180-Watt AM/FM Audio System, Remote keyless entry, Security system, Steering wheel mounted audio controls. Recent Arrival! 29/35 City/Highway MPG Certification Program Details: * Vehicles purchased within New Vehicle Limited Warranty period: extends New Vehicle Limited Warranty to 5 years*/100,000 miles* (whichever comes first) from original in-service date. * Powertrain Limited Warranty: 84 Month/100,000 Mile (whichever comes first) from original in-service date. * Limited Warranty: 24 Month/100,000 Mile (whichever comes first) after new car warranty expires or from certified purchase date. * Honda Care Motor Club Partner for 1 year/12,000 miles. Up to two complimentary oil changes within the first year of ownership. ..* SiriusXM 90-Day Trial * Roadside Assistance * Transferable Warranty * Vehicle History * 182 Point Inspection * Warranty Deductible: $0 Our vehicles are value priced and move quickly. Be sure to call us to confirm availability and to schedule a hassle free test drive! We are located at: 11085 Alpharetta Highway, Roswell, GA 30076. *Although every reasonable effort has been made to ensure the accuracy of the information contained on this site, absolute accuracy cannot be guaranteed. This site, and all information and materials appearing on it, are presented to the user ""as is"" without warranty of any kind, either express or implied. All vehicles are subject to prior sale. Price does not include applicable tax, title, license, processing and/or documentation fees, Warranty Rights Act fee and destination charges, vehicle price may not include Dealer installed equipment, and Reconditioning/Repair Charges. **Exclusive Limited Lifetime Non-Manufacturer's Powertrain Warranty available on New and Certified Pre-Owned Honda vehicles. See dealer for full details. Non-Transferable. Covered anywhere in the Continental United States.  Additional Information 8 Speakers,AM/FM radio,Radio data system,Radio: 180-Watt AM/FM Audio System,Air Conditioning,Automatic temperature control,Front dual zone A/C,Rear window defroster,Power driver seat,Power steering,Power windows,Remote keyless entry,Steering wheel mounted audio controls,Four wheel independent suspension,Speed-sensing steering,Traction control,4-Wheel Disc Brakes,ABS brakes,Dual front impact airbags,Dual front side impact airbags,Emergency communication system: HondaLink,Front anti-roll bar,Knee airbag,Low tire pressure warning,Occupant sensing airbag,Overhead airbag,Rear anti-roll bar,Brake assist,Electronic Stability Control,Forward collision: Collision Mitigation Braking System (CMBS) + FCW mitigation,Lane Departure Warning System,Exterior Parking Camera Rear,Auto High-beam Headlights,Delay-off headlights,Front fog lights,Fully automatic headlights,Panic alarm,Security system,Adaptive Cruise Control: Adaptive Cruise Control (ACC) with Low-Speed Follow,Speed control,Bumpers: body-color,Heated door mirrors,Power door mirrors,Spoiler,Apple CarPlay/Android Auto,Driver door bin,Driver vanity mirror,Front reading lights,Illuminated entry,Leather Shift Knob,Leather steering wheel,Outside temperature display,Overhead console,Passenger vanity mirror,Rear seat center armrest,Tachometer,Telescoping steering wheel,Tilt steering wheel,Trip computer,Front Bucket Seats,Front Center Armrest,Heated Front Bucket Seats,Perforated Leather Seat Trim,Power passenger seat,Split folding rear seat,Passenger door bin,Alloy wheels,Speed-Sensitive Wipers,Variably intermittent wipers,LIFETIME POWERTRAIN WARRANTY,BLUETOOTH MP3,BACKUP CAMERA,REMOTE KEYLESS ENTRY,HEATED SEATS,ONE OWNER,HondaTrue CERTIFIED",https://www.cargurus.com/Cars/l-Used-Honda-Accord-Atlanta-d585_L6054#listing=419149854/NONE/DEFAULT
2,0,23465.0,2022,"Marietta, GA",63411.0,4,Dark Blue,192 hp 1.5L I4,"At MEGA Motors your trusted used car dealership in Marietta! Were proud to offer a wide variety of high-quality vehicles to fit every need and budget. Whether youre searching for a fuel-efficient sedan a spacious SUV or a tough truck our vehicles are thoroughly inspected to ensure youre getting the best in reliability and performance.As a CARFAX Advantage Dealer all of our vehicles come with a free CARFAX Vehicle History Report and are backed by a 1-Year CARFAX Buyback Guarantee giving you peace of mind with your purchase.We go the extra mile to give you even more value and protection with every vehicle:1 Year Unlimited Roadside Assistance included drive with confidence knowing help is just a call away.5-Year Maintenance Plan keeping your vehicle in top condition has never been easier.Tire Repair or Replacement Coverage weve got you covered for lifes unexpected road hazards.Every vehicle comes with Nitrogen-Inflated Tires providing better tire life improved fuel efficiency enhanced driving performance and greater safety on the road..Financing is easy with us! We offer flexible solutions for both prime and subprime customers so no matter your credit situation were here to help you get behind the wheel. Additionally we provide extended warranty options to give you further protection and confidence on the road.At MEGA Motors were all about transparency quality and customer satisfaction. Come visit us today and find the perfect vehicle to match your lifestyle!  Additional Information Tilt Steering Column,Rear Window Defogger,Deep Tinted Glass,Super Sport,Power Brakes,Rain Sensing Wipers,Electrochromic Interior Rearview Mirror,Electrochromic Exterior Rearview Mirror,Front Air Dam,High Intensity Discharge Headlights,Second Row Folding Seat,Telematics System,Subwoofer,Second Row Side Airbag,Side Head Curtain Airbag,Xenon Headlights,Rear Airbags,Handsfree Wireless,Backup Camera,Bluetooth,Power Steering,MP3 CD Player,Aux Audio Jack,Alarm System,Anti-Lock Brakes,Side Airbags,Bucket Seats,Rear Defroster,Tinted Windows,Power Seats,Satellite Radio,Power Mirrors,Fog Lights,Rear Air,Automatic Climate Control,AM/FM,Tilt Wheel,Power Locks,CD,CD Changer,Child Safety Door Locks,Locking Pickup Truck Tailgate,Power Door Locks,Vehicle Anti-Theft,ABS Brakes,Electronic Brake Assistance,Traction Control,Vehicle Stability Control System,Driver Airbag,Front Side Airbag,Front Side Airbag with Head Protection,Passenger Airbag,Keyless Entry,Remote Ignition,Air Conditioning,Separate Driver/Front Passenger Climate Controls,Cruise Control,Tachometer,Tilt Steering,Leather Steering Wheel,Steering Wheel Mounted Controls,Telescopic Steering Column,Tire Pressure Monitor,Trip Computer,AM/FM Radio,Driver Multi-Adjustable Power Seat,Front Power Lumbar Support,Automatic Headlights,Daytime Running Lights,Alloy Wheels,Power Windows,Heated Exterior Mirror",https://www.cargurus.com/Cars/l-Used-Honda-Accord-Atlanta-d585_L6054#listing=423416515/HIGHLIGHT/DEFAULT
4,0,5800.0,2008,"Flint, MI",124145.0,4,gray,6 Cyl,"Last serviced at 122,605 miles in Livonia, MI on 09/01/24 • Vehicle serviced • Oil and filter changed.",https://www.carfax.com/vehicle/1HGCP36898A044545
8,0,19000.0,2017,"3269 Blinker Parkway, DuBois, PA 15801",60216.0,4,Champagne Frost Pearl, 2.4L I4 16V GDI DOHC,"Champagne Frost Pearl 2017 Honda Accord EX-L w/Navigation and Honda Sensing FWD CVT 2.4L I4 DOHC i-VTEC 16V Ivory Leather, 17 Alloy Wheels, 4-Wheel Disc Brakes, 7 Speakers, ABS brakes, Air Conditioning, Alloy wheels, AM/FM radio: SiriusXM, Apple CarPlay/Android Auto, Auto-dimming Rear-View mirror, Automatic temperature control, Brake assist, Bumpers: body-color, CD player, Compass, Delay-off headlights, Driver door bin, Driver vanity mirror, Dual front impact airbags, Dual front side impact airbags, Electronic Stability Control, Emergency communication system: HondaLink, Exterior Parking Camera Rear, Four wheel independent suspension, Front anti-roll bar, Front Bucket Seats, Front Center Armrest, Front dual zone A/C, Front fog lights, Front reading lights, Fully automatic headlights, Garage door transmitter: HomeLink, Heated door mirrors, Heated Front Bucket Seats, Heated front seats, Illuminated entry, Lane Departure Warning System, Leather-Trimmed Seats, Low tire pressure warning, Memory seat, Navigation System, Occupant sensing airbag, Outside temperature display, Overhead airbag, Overhead console, Panic alarm, Passenger door bin, Passenger vanity mirror, Power door mirrors, Power driver seat, Power moonroof, Power passenger seat, Power steering, Power windows, Radio data system, Radio: 360-Watt AM/FM/HD Premium Audio System, Rear anti-roll bar, Rear seat center armrest, Rear window defroster, Remote keyless entry, Security system, Speed control, Speed-sensing steering, Speed-Sensitive Wipers, Split folding rear seat, Steering wheel mounted audio controls, Tachometer, Telescoping steering wheel, Tilt steering wheel, Traction control, Trip computer, Turn signal indicator mirrors, Variably intermittent wipers, Ivory Leather. Odometer is 43819 miles below market average! 27/36 City/Highway MPG Awards: 2017 IIHS Top Safety Pick+ (When equipped with Honda Sensing and specific headlights) 2017 KBB.com Brand Image Awards 2017 KBB.com 10 Most Awarded Brands Kelley Blue Book Brand Image Awards are based on the Brand Watch(tm) study from Kelley Blue Book Market Intelligence. Award calculated among non-luxury shoppers.",https://www.cars.com/vehicledetail/a2020bcf-55a7-4a14-a2bc-4f36e49a332b/?attribution_type=se_rp
9,0,4959.0,2008,"1794 Maplelawn Road Troy, MI 48084",216671.0,4,Gray,4 Cyl,"Last serviced in Troy, MI on 07/23/25 • Vehicle serviced • Pre-delivery inspection completed • Maintenance inspection completed • A/C and heating system checked • Brakes checked • Front brake pads replaced • Front brake rotor(s) replaced • Nitrogen fill tires • Oil and filter changed • Rear wheel bearing(s)/hub(s) replaced • Vehicle washed/detailed.",https://www.carfax.com/vehicle/JHMCP26708C018886
11,0,11500.0,2008,"2800 Wildwood Ave Jackson, MI 49202",148914.0,4,Silver,6 Cyl,"Last serviced at 132,200 miles in Canton, MI on 03/05/23 • Vehicle serviced • Oil and filter changed.",https://www.carfax.com/vehicle/1HGCP368X8A031237
13,0,22000.0,2022,"13580 W Center St, Burton, OH 44021",127760.0,4,Platinum White Pearl, 1.5L I4 16V GDI DOHC Turbo,"JUST ARRIVED2022 HONDA ACCORD SPORT SPECIAL EDITIONLEATHER HEATED SEATSREMOTE KEYLESS ENTRYREMOTE STARTBACK UP CAMERALANE KEEPING ASSIST19 ALLOY WHEELS Clean CARFAX. CARFAX One-Owner. 29/35 City/Highway MPG INCLUDED FEATURES & OPTIONS: 4-Wheel Disc Brakes, 8 Speakers, ABS brakes, Adaptive Cruise Control: Adaptive Cruise Control (ACC) with Low-Speed Follow, Air Conditioning, Alloy wheels, AM/FM radio, Apple CarPlay/Android Auto, Auto High-beam Headlights, Automatic temperature control, Brake assist, Bumpers: body-color, Delay-off headlights, Driver door bin, Driver vanity mirror, Dual front impact airbags, Dual front side impact airbags, Electronic Stability Control, Emergency communication system: HondaLink, Exterior Parking Camera Rear, Forward collision: Collision Mitigation Braking System (CMBS) + FCW mitigation, Four wheel independent suspension, Front anti-roll bar, Front Bucket Seats, Front Center Armrest, Front dual zone A/C, Front fog lights, Front reading lights, Fully automatic headlights, Heated door mirrors, Heated Front Bucket Seats, Heated front seats, Illuminated entry, Knee airbag, Lane Departure Warning System, Leather Shift Knob, Leather steering wheel, Low tire pressure warning, Occupant sensing airbag. Outside temperature display, Overhead airbag, Overhead console, Panic alarm, Passenger door bin, Passenger vanity mirror, Perforated Leather Seat Trim, Power door mirrors, Power driver seat, Power passenger seat, Power steering, Power windows, Radio data system, Radio: 180-Watt AM/FM Audio System, Rear anti-roll bar, Rear seat center armrest, Rear window defroster, Remote keyless entry, Security system, Speed control, Speed-sensing steering, Speed-Sensitive Wipers, Split folding rear seat, Spoiler, Steering wheel mounted audio controls, Tachometer, Telescoping steering wheel, Tilt steering wheel, Traction control, Trip computer, Variably intermittent wipers, and Wheels: 19 Machine-Finished Alloy w/Black Inserts. ",https://www.cars.com/vehicledetail/fabd7614-fad9-4890-9f8b-1d2fbc268f8c/?attribution_type=se_rp
14,0,12977.0,2008,USA,55048.0,4,Nighthawk Black Pearl,"2.4L I-4 DOHC, i-VTEC variable valve control, regular unleaded,","LOW MILES, CLEAN CARFAX, 2008 HONDA ACCORD EX! This Accord only has 55k miles on it, no accidents or damage reported, good service history records showing in the CarFax, black exterior, tan cloth interior, 2.4L I4, automatic 5-speed, WE HAVE FINANCING AVAILABLE, CALL SARPY COUNTY MOTORS (402) 253-8500!",https://www.cars.com/vehicledetail/c674ba19-9eef-4131-beea-4dc9c1e7d148/
15,0,16393.0,2018,"6131 S Pennsylvania Ave Lansing, MI 48911",92189.0,4,black,4,"2018 Honda Civic EX-T CHRYSLER CERTIFIED, Apple CarPlay/Android Auto, Exterior Parking Camera Rear, Front dual zone A/C, Front fog lights, Heated door mirrors, Heated front seats, Power moonroof, Remote keyless entry. Certified. Certification Program Details: * Vehicles Up to 120,000 Miles and 10 Model Years Between 75,001 and 120,000 Miles. 3 Month/3,000 Mile Maximum Care Limited Warranty, Whichever Comes First, Measured From Certified Pre-Owned Purchase Date. Thorough Reconditioning Process Using Authentic Mopar Parts. Car Rental Allowance, 3-Month Trial Subscription for SiriusXM GuardianTM and Satellite Radio (Excluding Hellcat Vehicles) * Warranty Deductible: $100 * Roadside Assistance * 125 Point Inspection * Vehicle History CARFAX One-Owner. We use state-of-the-art software to price our vehicles to be the most competitive in the market. If you have found a better value, let us know about it. We would love the opportunity to keep giving the best values in the market. NOTE: All Equipment Listed May Not Be Available.",https://www.carfax.com/vehicle/2HGFC3B31JH354814
16,0,24998.0,2020,"Columbus, Easton",46000.0,4,black,"4-cyl, 1.5L",Single user owned,https://www.carmax.com/car/27487522
17,1,29445.0,2025,Columbus,12431.0,4,white,1.5T I4 DOHC 16V Turbocharged VTEC,29/37 City/Highway MPG,https://www.lindsayhonda.com/inventory/new-2025-honda-accord-lx-fwd-4d-sedan-1hgcy1f26sa019297/
18,0,22790.0,2024,"1875 Brittain Road, Akron, OH 44310",15590.0,4,Platinum White Pearl,"1.5L I-4 gasoline direct injection, DOHC, i-VTEC variable valve","CARFAX One-Owner. Priced below KBB Fair Purchase Price!Platinum White Pearl 2024 Honda Accord EX 4D Sedan CVT 1.5T I4 DOHC 16V Turbocharged VTEC FWDSTOP OVERPAYING!!! SAVE THOUSANDS ON BOTH - YOUR CAR PURCHASE AND A FINANCING TOGETHER!!! YOU CAN'T MISS THIS DEAL!!! JUST TAKE A LOOK!!! KBB prices reflects a value of the vehicle for the vehicle published by Kelly Blue Book within the last 60 days.Financing is available for all credit situations. The financing team at North Coast Auto Mall has decades of experience and wide-ranging lending relationships to get you financed on the vehicle of your dreams! Visit us online at www.AkronAutoMall.com Here, at North Coast Auto Mall, we are proud to offer low mile, late model inventory at incredible prices. All of our vehicles are inspected and reconditioned by ASE certified technicians. North Coast Auto Mall sets out to offer all clients great prices, flexible financing terms, high-quality vehicles, and a thoroughly transparent buying process. Please call us today to begin your purchase!Sunroof, Keyless start, Forward collision warning, Blind spot warning, Power driver seat, Black w/Fabric Seat Trim, ABS brakes, Adaptive Cruise Control: Adaptive Cruise Control (ACC) with Low-Speed Follow, Apple CarPlay/Android Auto, Auto High-beam Headlights, Automatic temperature control, Compass, Electronic Stability Control, Exterior Parking Camera Rear, Fully automatic headlights, Illuminated entry, Lane departure: Lane Keeping Assist System (LKAS) active, Low tire pressure warning, Remote keyless entry, Traction control, Wheels: 17'' x 7.5'' Blade Silver.",https://www.cars.com/vehicledetail/1453375d-a028-46e2-8467-0c8049b8fc37/?attribution_type=se_rp
19,0,18250.0,2016,"Madison, WI",74318.0,4,Black,6 Cyl,"CLEAN CAR, GOOD SERVICE RECORDS, DUAL POWER HEATED LEATHER SEATS, BLUE TOOTH , FACTORY NAVIGATION, POWER MOON ROOF, PUSH BUTTON START, AUTOMATIC HVAC, RUNS AND DRIVES VERY WELL. Visit our website http://www.Championmotorcar.Com for more information and photos on this or any of our other vehicles or call us today for a test drive at 815-636-2500.We try and price evrthing on our lot the best value between 40 and 50 miles on cars.com. We service everthing also, by trained tech's. Most of all we truly thank you for visiting and/or considering our vehicles. If there is anything we can do for you please let us know. Thanks again for visiting us.",https://www.carfax.com/vehicle/1HGCR3F90GA030146
21,0,8497.0,2014,"1794 Maplelawn Road Troy, MI 48084",194547.0,4,white,6 Cyl,"White Orchid Pearl 2014 Honda Accord Touring FWD 6-Speed Automatic 3.5L V6 SOHC i-VTEC 24V Ivory w/Perforated Leather-Trimmed Seats.  Price does not include licensing costs, registration fees, taxes, $899 reconditioning expense and dealer doc fee of $280, which are to be paid by the consumer. Recent Arrival! 21/34 City/Highway MPG  Awards: * 2014 IIHS Top Safety Pick+ * Green Car Journal 2014 Green Car of the Year * 2014 KBB.com Brand Image Awards Kelley Blue Book Brand Image Awards are based on the Brand Watch(tm) study from Kelley Blue Book Market Intelligence. Award calculated among non-luxury shoppers. For more information, visit www.kbb.com. Kelley Blue Book is a registered trademark of Kelley Blue Book Co., Inc. Based on 2017 EPA mileage ratings. Use for comparison purposes only. Your mileage will vary depending on how you drive and maintain your vehicle, driving conditions and other factors.   Reviews: * Beyond its history of reliability and high resale value, the Accord is now more varied than ever. Whether you want a no-fuss and highly economical sedan, a sporty V6-powered coupe or a hybrid that attains 50 mpg in the city, the 2014 Accord offers something for everyone. Source: KBB.com",https://www.carfax.com/vehicle/1HGCR3F98EA029937
22,0,23170.0,2022,"15100 Eureka Rd Southgate, MI 48195",71003.0,4,Gray,4 Cyl,"Sonic Gray Pearl **ANDROID AUTO**, **APPLE CAR PLAY**, **LOCAL TRADE**, **ONE OWNER**, NO ACCIDENT, 2.0L 4-Cylinder DOHC 16V i-VTEC. Certified. HondaTrue Certified Details:  * Vehicles purchased within New Vehicle Limited Warranty period: extends New Vehicle Limited Warranty to 5 years*/60,000 miles*. Honda Care Roadside Assistance for 2 year/100,000 miles (whichever occurs first). Up to two complimentary oil changes within the first year of ownership. SiriusXM 90-Day Trial. * Warranty Deductible: $0 * Transferable Warranty * Roadside Assistance * Limited Warranty: 24 Month/100,000 Mile (whichever comes first) after new car warranty expires or from certified purchase date * Vehicle History * 182 Point Inspection * Powertrain Limited Warranty: 84 Month/100,000 Mile (whichever comes first) from original in-service date",https://www.carfax.com/vehicle/1HGCV3F20NA030109
24,0,18990.0,2018,"3388 South Arlington Road, Akron, OH 44312",91285.0,4, Lunar Silver Metallic, 1.5L I4 16V GDI DOHC Turbo,"Reliable, Fuel-Efficient, and Tech-Ready - 2018 Honda Accord LX Sedan Near You in Akron, Ohio Drive with confidence in this 2018 Honda Accord LX near you in Akron, Ohio, a top choice for commuters and families alike. Powered by a 1.5L Turbocharged I4 engine paired with a smooth CVT, this Accord delivers an impressive 38 MPG highway while offering a refined and responsive ride. With 91,281 miles and a Clean CARFAX, it's a smart, efficient choice with Honda's legendary reputation for durability. Top Features for Comfort and Convenience: Backup Camera: Enhanced safety when reversing or parking Automatic Climate Control: Keeps cabin temperature just right without constant adjustment Dual-Zone A/C: Personalized comfort for both driver and front passenger Illuminated Entry: Convenient and welcoming lighting when approaching your Accord Bluetooth Connectivity: Hands-free calling and audio streaming for safer, smarter driving Push Button Start: Modern convenience at your fingertips Interior & Exterior Design: Finished in sleek Lunar Silver Metallic with a clean Black cloth interior, this Accord offers a spacious cabin, refined materials, and user-friendly controls making every commute or road trip in and around Akron, Ohio enjoyable. Why Buy This 2018 Honda Accord LX Near You in Akron, Ohio? With excellent fuel efficiency, advanced standard features, and proven reliability, this Accord delivers real value. It's a practical, comfortable sedan that checks all the boxes for everyday driving. Fred Martin Nissan Exclusive Benefits: Free 15-Day Love It or Leave It Guarantee Free Lifetime Powertrain Limited Warranty Free Carfax Buyback Guarantee Free Oil Changes for 3 Years Free No Lemon Guarantee Free Roadside Assistance for 3 Years (Some restrictions apply. See written documents for complete details.)",https://www.cars.com/vehicledetail/5f40ba31-1be2-48f1-b9e9-374e1251002d/?attribution_type=se_rp
25,0,18990.0,2013,"Bridgeville, PA",42012.0,4,gray,"4-Cyl, PZEV, 2.4 Liter","The 2013 Honda Accord EX-L Sedan offers a comfortable and reliable ride with a suite of features that still provide value today. This sedan provides a smooth driving experience and practical technology, making it a solid choice for those seeking a dependable and well-rounded vehicle. Its reputation for longevity and smart design ensures continued satisfaction for years to come.",https://www.carvana.com/vehicle/3782324?refSource=srp
26,0,12000.0,2018,,20256.0,4,blue,158 hp 2L I4,,https://www.cargurus.com/Cars/inventorylisting/vdp.action?listingId=415806287&entitySelectingHelper.selectedEntity=d585&zip=15237&pid=directVDPSimilarListing#listing=415806287
27,0,8911.0,2012,"475 Summit Dr Waterford, MI 48328",108467.0,4,Gray,4 Cyl,"Odometer is 17004 miles below market average! 23/34 City/Highway MPG  Polished Metal Metallic 2012 Honda Accord LX-P 2.4 FWD 5-Speed Automatic with Overdrive 2.4L I4 DOHC i-VTEC 16V  GOOD TIRES, GOOD BRAKES, REAR BACK UP CAMERA, RECENT TRADE IN, Accord LX-P 2.4, 4D Sedan, 2.4L I4 DOHC i-VTEC 16V, 5-Speed Automatic with Overdrive, FWD, Polished Metal Metallic, Gray w/Cloth Seat Trim, 16"" x 6.5"" Alloy Wheels, 160-Watt AM/FM/CD Audio System, 4-Wheel Disc Brakes, 6 Speakers, ABS brakes, Air Conditioning, Alloy wheels, AM/FM radio, Anti-whiplash front head restraints, Brake assist, Bumpers: body-color, CD player, Cloth Seat Trim, Delay-off headlights, Driver door bin, Driver vanity mirror, Dual front impact airbags, Dual front side impact airbags, Electronic Stability Control, Four wheel independent suspension, Front anti-roll bar, Front Bucket Seats, Front Center Armrest, Front reading lights, Illuminated entry, Low tire pressure warning, Occupant sensing airbag, Overhead airbag, Overhead console, Panic alarm, Passenger door bin, Passenger vanity mirror, Power door mirrors, Power driver seat, Power steering, Power windows, Radio data system, Rear anti-roll bar, Rear seat center armrest, Rear window defroster, Remote keyless entry, Security system, Speed control, Speed-sensing steering, Speed-Sensitive Wipers, Steering wheel mounted audio controls, Tachometer, Telescoping steering wheel, Tilt steering wheel, Traction control, Variably intermittent wipers, Accord LX-P 2.4, 4D Sedan, 2.4L I4 DOHC i-VTEC 16V, 5-Speed Automatic with Overdrive, FWD, Polished Metal Metallic, Gray w/Cloth Seat Trim, 16"" x 6.5"" Alloy Wheels, 160-Watt AM/FM/CD Audio System, 4-Wheel Disc Brakes, 6 Speakers, ABS brakes, Air Conditioning, Alloy wheels, AM/FM radio, Anti-whiplash front head restraints, Brake assist, Bumpers: body-color, CD player, Cloth Seat Trim, Delay-off headlights, Driver door bin, Driver vanity mirror, Dual front impact airbags, Dual front side impact airbags, Electronic Stability Control, Four wheel independent suspension, Front anti-roll bar, Front Bucket Seats, Front Center Armrest, Front reading lights, Illuminated entry, Low tire pressure warning, Occupant sensing airbag, Overhead airbag, Overhead console, Panic alarm, Passenger door bin, Passenger vanity mirror, Power door mirrors, Power driver seat, Power steering, Power windows, Radio data system, Rear anti-roll bar, Rear seat center armrest, Rear window defroster, Remote keyless entry, Security system, Speed control, Speed-sensing steering, Speed-Sensitive Wipers, Steering wheel mounted audio controls, Tachometer, Telescoping steering wheel, Tilt steering wheel, Traction control, Variably intermittent wipers.  Awards: * Car and Driver 10 Best Cars * 2012 IIHS Top Safety Pick * 2012 KBB.com Brand Image Awards Kelley Blue Book Brand Image Awards are based on the Brand Watch(tm) study from Kelley Blue Book Market Intelligence. Award calculated among non-luxury shoppers. For more information, visit www.kbb.com. Kelley Blue Book is a registered trademark of Kelley Blue Book Co., Inc. Car and Driver, January 2017.  Joe knows used cars. Reviews: * The 2012 Accord Sedan combines outstanding value, excellent driving dynamics, a roomy and comfortable passenger cabin, and sporty styling vaguely similar to some BMW sedans. If your budget says “simple family sedan,” but your brain says “I deserve better,” you’ll probably find the Accord sedan can satisfy both needs. Source: KBB.com",https://www.carfax.com/vehicle/1HGCP2F43CA063379
28,0,12000.0,2014,,107729.0,4,red,2.4L I4 DOHC i-VTEC 16V,na,https://www.cochransubaru.com/inventory/1HGCR2F53EA062884/?store=1CSUBM003&sd_campaign=00-SUB-NA_CNS_InMarket_New_VLA_PMAX_VLA%20New&sd_digadprov=dealerinspire&sd_channel=vehiclelisting&sd_campaign_type=google&sd_program=tier3&sd_adid=&sd_digadcid=21077359841&sd_adgroup=00-SUB-NA_CNS_InMarket_New_VLA_PMAX_VLA%20New&sd_keyword=&cars_ad_id=&cars_channel=vehiclelisting&cars_platform_account_id=4435164374&cars_platform=google&cars_fuel_id=6328&gaw_ad_group_id=&gaw_campaign_id=21077359841&gad_source=1&gad_campaignid=21080552824&gbraid=0AAAAAqq-jcXe7TFGvIxjd318_zVH4mhPa&gclid=Cj0KCQjw_L_FBhDmARIsAItqgt7rO6McWBhUOhlyakW0SsbaIzpq11QSilL2xGRDGeoXD4hSUe3NUTIaAlNmEALw_wcB
29,0,16995.0,2022,"Near Palos Hills, IL",116919.0,4,Silver,4 Cyl,"All advertised prices exclude documentary fee, taxes, title and registration. While we try to make sure that all prices posted here are accurate at all times, we cannot be responsible for typographical and other errors that may appear on the site. We make every effort to provide you the most accurate, up-to-the-minute information, however, it is your responsibility to verify with the Dealer that all details listed are accurate. The dealership is not responsible for typographical, pricing, product information, advertising or shipping errors. All rates and offers are dependent on bank approval, which varies based on applicant's credit as well as the vehicle. Any sale incentive online is contingent on financing through our lenders and purchasing add-on products.",https://www.carfax.com/vehicle/1HGCV1F19NA018455
30,0,24499.0,2021,"1395 E Market St, Akron, OH 44305",33831.0,4,Lunar Silver Metallic,"1.5L I-4 gasoline direct injection, DOHC, i-VTEC variable valve","Recent Arrival! 2021 Lunar Silver Metallic Honda Accord Sport FWD This Honda Accord has many features and is well equipped including. Leather Seats, Backup Camera, Adaptive Cruise Control, Collision Warning System, Collision Avoidance System, Touchscreen Controls, Automatic Headlights, Apple CarPlay, Android Auto, Voice Recognition, Bluetooth Hands-Free, New Tires, Power Seats.Priced below KBB Fair Purchase Price! 29/35 City/Highway MPG Odometer is 23494 miles below market average!https://www.kbb.com/kbbreport/vkqsiThank you for taking the time to look at this charming 2021 Honda Accord.",https://www.cars.com/vehicledetail/fb170f41-1786-4ec5-8ea8-459358d5e1fe/?attribution_type=se_rp
32,0,28523.0,2025,"18900 Hall Rd Clinton Township, MI 48038",4622.0,4,Gray,4 Cyl,"Looking for a great deal on a pre-owned vehicle? Jim Riehl's Friendly Automotive Group has a wide selection of quality used cars, trucks, and SUVs to meet your needs and budget. Whether you're in the market for a reliable sedan, a versatile SUV, or a rugged pickup truck, we have something for everyone! All of our used vehicles are thoroughly inspected by our expert technicians to ensure they meet our high standards for performance and safety. With a variety of makes and models available, you’re sure to find the perfect vehicle that fits your lifestyle.  2025 Honda Accord Urban Gray Pearl 1.5T I4 DOHC 16V Turbocharged VTEC FWD CVT  Certified. Clean CARFAX. CARFAX One-Owner. Odometer is 654 miles below market average! 29/37 City/Highway MPG Gray Cloth.  HondaTrue Certified Details:  * Powertrain Limited Warranty: 84 Month/100,000 Mile (whichever comes first) from original in-service date * 182 Point Inspection * Vehicle History * Vehicles purchased within New Vehicle Limited Warranty period: extends New Vehicle Limited Warranty to 5 years*/60,000 miles*. Honda Care Roadside Assistance for 2 year/100,000 miles (whichever occurs first). Up to two complimentary oil changes within the first year of ownership. SiriusXM 90-Day Trial. * Transferable Warranty * Limited Warranty: 24 Month/100,000 Mile (whichever comes first) after new car warranty expires or from certified purchase date * Roadside Assistance * Warranty Deductible: $0",https://www.carfax.com/vehicle/1HGCY1F47SA003420
34,0,22900.0,2022,,37490.0,4,blue,192 hp 1.5L I4,na,https://www.cargurus.com/Cars/inventorylisting/vdp.action?listingId=408635449&entitySelectingHelper.selectedEntity=d585&zip=26501&pid=directVDPSimilarListing#listing=408635449
35,0,29250.0,2025,"2651 Jolly Rd Okemos, MI 48864",2341.0,4,Black,4 Cyl,"Only 2,341 Miles! Delivers 37 Highway MPG and 29 City MPG! Dealer Certified Pre-Owned. This Honda Accord Sedan boasts a Intercooled Turbo Regular Unleaded I-4 1.5 L/91 engine powering this Variable transmission. .* Visit Us Today *For a must-own Honda Accord Sedan come see us at Capital Honda, 2651 Jolly Rd, Okemos, MI 48864. Just minutes away!",https://www.carfax.com/vehicle/1HGCY1F49SA024348
36,0,16590.0,2015,"Bridgeville, PA",89201.0,4,Black,"4-Cyl, i-VTEC, 2.4 Liter","The 2015 Honda Accord LX offers a comfortable and reliable ride with a reputation for longevity. This practical sedan provides a spacious interior, user-friendly technology, and a smooth driving experience, making it a dependable choice for daily commutes and family trips. Its classic design and enduring build quality ensure lasting value.",https://www.carvana.com/vehicle/3808585?refSource=srp
37,0,17949.0,2020,USA,28478.0,4, Lunar Silver Metallic," 1.5L I-4 gasoline direct injection, DOHC, i-VTEC variable valve","Please note that this vehicle has a branded title. Check out this very nice 2020 Honda Accord LX! This vehicle looks and drives great! It has great options including a 1.5L 4 Cylinder Engine, Dual Climate Controls, Backup Camera, Bluetooth, Lane Departure Alert, Collision Alert, Emergency Braking, Push to Start, Power Locks, Windows, Mirrors, and more! Overall this vehicle is in great shape inside and out! It's priced to sell ASAP!",https://www.cars.com/vehicledetail/f39faa59-6364-453f-8f84-5f4d3eb6a082/
38,0,11999.0,2014,USA,128978.0,4, Modern Steel Metallic," 2.4L I-4 gasoline direct injection, DOHC, i-VTEC variable valve","Come see us today! At Grace Auto we are making used car buying a Graceful experience. We have finance options for everyone, and one of the best vehicle warranties around!",https://www.cars.com/vehicledetail/2396bed8-2ddd-42f5-b372-9a4f1449b20a/
39,0,12545.0,2018,"18900 Hall Rd Clinton Township, MI 48038",170172.0,4,Gray,4 Cyl,"Looking for a great deal on a pre-owned vehicle? Jim Riehl's Friendly Automotive Group has a wide selection of quality used cars, trucks, and SUVs to meet your needs and budget. Whether you're in the market for a reliable sedan, a versatile SUV, or a rugged pickup truck, we have something for everyone! All of our used vehicles are thoroughly inspected by our expert technicians to ensure they meet our high standards for performance and safety. With a variety of makes and models available, you’re sure to find the perfect vehicle that fits your lifestyle.  2018 Honda Accord 1.5T I4 DOHC 16V Turbocharged VTEC FWD CVT  Clean CARFAX. CARFAX One-Owner. Priced below KBB Fair Purchase Price! 30/38 City/Highway MPG Cloth.",https://www.carfax.com/vehicle/1HGCV1F4XJA074781
40,0,15990.0,2014,,97659.0,4,gray,"4-Cyl, i-VTEC, 2.4 Liter","The 2014 Honda Accord Plug-In offers a practical and efficient solution for daily commuting. With its hybrid capabilities and comfortable interior, this sedan provides a blend of fuel savings and essential features that remain relevant for today's drivers. It's a smart choice for those seeking a reliable and economical vehicle.",https://www.carvana.com/vehicle/3831691?refSource=srp
42,0,14590.0,2013,,118263.0,2,Blue,"4-Cyl, i-VTEC, 2.4 Liter","The 2013 Honda Accord EX-L Coupe offers a blend of sporty styling and premium features that remain appealing. This coupe provides a comfortable ride and practical technology, making it a solid choice for those seeking a reliable and stylish vehicle. Its reputation for dependability ensures lasting value for years to come.",https://www.carvana.com/vehicle/3697463?refSource=vdp
43,0,12000.0,2013,"Spring Lake, MI",123695.0,4,White,4 Cyl,"2013 Honda Accord EX-L White CARFAX One-Owner. ***SUNROOF***, ***LEATHER***, ***GPS NAVIGATON***, ***BACKUP CAMERA***, ***BLUETOOTH/HANDS-FREE***, Accord EX-L, 4D Sedan, White, Black w/Perforated Leather-Trimmed Seats, Alloy wheels, Electronic Stability Control, Fully automatic headlights, Power driver seat, Power windows, Radio: 360-Watt AM/FM/CD Premium Audio System, Remote keyless entry, Variably intermittent wipers. 27/36 City/Highway MPG",https://www.carfax.com/vehicle/1HGCR2F86DA801951
45,0,22981.0,2020,USA,64502.0,4,Crystal Black Pearl," 1.5L I-4 gasoline direct injection, DOHC, i-VTEC variable valve","Scores 35 Highway MPG and 29 City MPG!  ALG Residual Value Awards, Residual Value Awards. This Honda Accord has a durable Intercooled Turbo Regular Unleaded I-4 1.5 L/91 engine powering this Variable transmission.Get Your Money's Worth for this Honda Accord with These Options VSA Electronic Stability Control (ESC), Valet Function, Trunk Rear Cargo Access, Trip Computer, Tires: 235/40R19 AS, Strut Front Suspension w/Coil Springs, Steel Spare Wheel, Speed Sensitive Variable Intermittent Wipers, Side Impact Beams, Seats w/Leatherette Back Material. Visit Us Today Test drive this must-see, must-drive, must-own beauty today at Sid Dillon Wahoo, 1750 County Rd J, Wahoo, NE 68066.Thank you for choosing to visit siddillon.com in Wahoo, NebraskaSid Dillon Wahoo is located close to Lincoln, Omaha, Elkhorn, Gretna, and Millard. We offer a great selection of New and Pre-Owned Vehicles on sale in Wahoo, NE. Call for more information on this vehicle (402) 443-4244.",https://www.cars.com/vehicledetail/22874edf-8a4e-4c28-9433-31b84f9c003d/
49,0,13590.0,2010,,87394.0,4,gray,"4-Cyl, i-VTEC, 2.4 Liter","The 2010 Honda Accord LX-P offers a comfortable and reliable driving experience with a design that still holds its own on the roads today. This sedan provides a spacious interior with practical features, making it a dependable choice for daily commutes and family needs. It's a smart pick for those seeking lasting value and peace of mind.",https://www.carvana.com/vehicle/3651175?refSource=srp
50,0,8988.0,2013,,185757.0,4,White Orchid Pearl,I-4 cyl,"The following items have been reconditioned on this vehicle: new brakes!  Black; Seat Trim White Orchid Pearl   This vehicle includes a Money-Back Guarantee* and passed our precise inspection process. Best of all the price you see is the price you pay. No haggling. No back and forth. No pressure. And this price is so good it is guaranteed. *Money-Back Guarantee is valid for 5 days or 250 miles, whichever comes first. Subject to certain terms and conditions. See store for details. Some restrictions apply.  This 2013 Honda Accord Sdn LX is proudly offered by Autonation Honda Columbus You could spend more on fuel each month than on your vehicle payments, so why not consider one with exceptional fuel economy like this 2013 Honda Accord Sdn. This is the one. Just what you've been looking for. There are many vehicles on the market but if you are looking for a vehicle that will perform as good as it looks then this Honda Accord Sdn LX is the one! More information about the 2013 Honda Accord Sdn: The Accord is a mid-sized car, competing against some of the best-selling vehicles in America. Prime targets for the Accord include the Camry and the Altima. The Accord is a solid value and the chassis is capable and sophisticated enough to be optioned up into a fairly luxurious vehicle, This versatility allows it to be either a spacious alternative to many economy cars or a less expensive alternative to many luxury cars. There is even a stylish coupe available with performance that matches many sports cars. This model sets itself apart with long history of reliability, interior space, Fuel efficiency, and large number of configurations available.",https://www.autonationhondacovingtonpike.com/used/Honda/2013-Honda-Accord-b464df93ac1850ce6cf4e5c11bbfaa2d.htm
51,0,28200.0,2022,USA,14933.0,4,Crystal Black Pearl," 1.5L I-4 gasoline direct injection, DOHC, i-VTEC variable valve","Priced below KBB Fair Purchase Price! 29/35 City/Highway MPGBlack 2022 Honda Accord Sport FWD CVT 1.5T I4 DOHC 16V Turbocharged VTEC Adaptive Cruise Control: Adaptive Cruise Control (ACC) with Low-Speed Follow, Apple CarPlay/Android Auto, Forward collision: Collision Mitigation Braking System (CMBS) + FCW mitigation, Lane Departure Warning System, Power driver seat, Remote keyless entry, Steering wheel mounted audio controls, Wheels: 19'' Machine-Finished Alloy w/Black Inserts, 4-Wheel Disc Brakes, 8 Speakers, ABS brakes, Air Conditioning, Alloy wheels, AM/FM radio, Auto High-beam Headlights, Automatic temperature control, Brake assist, Bumpers: body-color, Delay-off headlights, Driver door bin, Driver vanity mirror, Dual front impact airbags, Dual front side impact airbags, Electronic Stability Control, Emergency communication system: HondaLink, Exterior Parking Camera Rear, Fabric w/Synthetic Leather Seat Trim, Four wheel independent suspension, Front anti-roll bar, Front Bucket Seats, Front Center Armrest, Front dual zone A/C, Front fog lights, Front reading lights, Fully automatic headlights, Illuminated entry, Knee airbag, Leather Shift Knob, Leather steering wheel, Low tire pressure warning, Occupant sensing airbag, Outside temperature display, Overhead airbag, Overhead console, Panic alarm, Passenger door bin, Passenger vanity mirror, Power door mirrors, Power steering, Power windows, Radio data system, Radio: 180-Watt AM/FM Audio System, Rear anti-roll bar, Rear seat center armrest, Rear window defroster, Security system, Speed control, Speed-sensing steering, Speed-Sensitive Wipers, Split folding rear seat, Spoiler, Tachometer, Telescoping steering wheel, Tilt steering wheel, Traction control, Trip computer, Variably intermittent wipers, Adaptive Cruise Control: Adaptive Cruise Control (ACC) with Low-Speed Follow, Apple CarPlay/Android Auto, Forward collision: Collision Mitigation Braking System (CMBS) + FCW mitigation, Lane Departure Warning System, Power driver seat, Remote keyless entry, Steering wheel mounted audio controls, Wheels: 19'' Machine-Finished Alloy w/Black Inserts.Woodhouse Chevy in Omaha has been serving the metro and surrounding communities since 2023. Our pre-owned inventory is perfect for budget-conscious buyers seeking reliability and value. With models ranging from versatile SUVs to robust trucks, theres a wide selection of models to fit various lifestyles and preferences. Features like advanced infotainment systems and safety technologies found in popular models continue to provide modern conveniences at accessible price points.",https://www.cars.com/vehicledetail/2cc031e9-757b-4465-9dc1-99ed8ecd71f7/
52,0,18500.0,2018,usa,110067.0,4,Platinum White Pearl,"1.5L I-4 gasoline direct injection, DOHC, VTEC variable valve co","Certified. White 2018 Honda Accord EX-L FWD CVT 1.5T I4 DOHC 16V Turbocharged VTEC Beige Leather, 17' Machine-Finished Alloy Wheels, Apple CarPlay/Android Auto, Blind Spot Information (BSI) System warning, Power moonroof, Radio: 450-Watt AM/FM/HD Premium Audio System, Speed-Sensitive Wipers.Recent Arrival! 30/38 City/Highway MPGCertification Program Details: Passed a rigorous 130-pt inspection. 3k mile / 3 month powertrain warranty. 7-day return policy. Delivered to your door. Awards: JD Power Automotive Performance, Execution and Layout (APEAL) Study ALG Residual Value Awards, Residual Value Awards NACTOY 2018 North American Car of the Year 2018 KBB.com Brand Image Awards 2018 KBB.com 10 Most Awarded BrandsKelley Blue Book Brand Image Awards are based on the Brand Watch(tm) study from Kelley Blue Book Market Intelligence. Award calculated among non-luxury shoppers. For more information, visit www.kbb.com. Kelley Blue Book is a registered trademark of Kelley Blue Book Co., Inc.",https://www.cars.com/vehicledetail/bab95ed3-e330-408c-8991-19e42feab130/
53,0,13590.0,2011,,72848.0,4,Red,"4-Cyl, VTEC, 2.4 Liter","The 2011 Honda Accord LX-P offers a comfortable and reliable driving experience with a spacious interior and practical features. This sedan provides lasting value with its reputation for dependability and a smooth ride, making it a solid choice for daily commutes and family needs. Its classic design and well-rounded performance ensure continued satisfaction for years to come.",https://www.carvana.com/vehicle/3833026?refSource=srp
54,0,9999.0,2013,,163009.0,4,Gray,I-4 cyl,"Moonroof Keyless Start Gray; Seat Trim Modern Steel Metallic   This vehicle includes a Money-Back Guarantee* and passed our precise inspection process. Best of all the price you see is the price you pay. No haggling. No back and forth. No pressure. And this price is so good it is guaranteed. *Money-Back Guarantee is valid for 5 days or 250 miles, whichever comes first. Subject to certain terms and conditions. See store for details. Some restrictions apply.  AutoNation Honda Thornton Road has a wide selection of exceptional brand new and pre-owned vehicles to choose from. We appreciate the time you're taking to research in your car buying experience and we'll work hard in order to place you with the perfect vehicle to fit your needs. Why spend more money than you have to? This Honda Accord Sdn will help you keep the extra money you'd normally spend on gas. Rest assured, this vehicle was well care for. In fact, previous service records are included. AutoNation Honda Thornton Road ""Look for the Big Blue Honda Sign.....""",https://www.autonationhondacovingtonpike.com/used/Honda/2013-Honda-Accord-e7eb4ceeac1819acc11d1fff27669dbc.htm
55,0,13590.0,2012,,98962.0,4,white,"4-Cyl, VTEC, 2.4 Liter","The 2012 Honda Accord LX-P offers a comfortable and reliable ride with a reputation for longevity. This sedan provides a practical and spacious interior, making it a dependable choice for daily commutes and family needs. Its classic design and well-rounded features deliver lasting value.",https://www.carvana.com/vehicle/3835732?refSource=srp
56,0,24590.0,2023,,43461.0,4,white,"4-Cyl, i-VTEC, Turbo, 1.5 Liter","2023 Honda Accord LX Sedan 4D, 43,461 miles, $24,590, sold by Carvana, $0 cash down, $1,590 shipping",https://www.carvana.com/vehicle/lt/3822240?store=Carvpit&utm_source=google&utm_medium=vla&utm_campaign=22158939559&utm_content=&utm_target=&utm_creative=&utm_device=c&utm_adposition=&utm_location=9005925&gad_source=1&gad_campaignid=22148774553&gbraid=0AAAAADdUw5peXOYyMesB1aIVxnH9CLUa5&gclid=Cj0KCQjw_L_FBhDmARIsAItqgt6K7W-qAhwPaU3Sr2VS18EAQDYv0ty1y6Y6-cfMabkwoMcQLWx6nrwaAuBIEALw_wcB
57,0,26590.0,2023,,20794.0,4,silver,"4-Cyl, i-VTEC, Turbo, 1.5 Liter",The 2023 Honda Accord EX offers a comfortable and well-equipped ride with modern technology that integrates seamlessly into today's connected lifestyle. Its spacious interior and efficient engine make it a practical choice for families and commuters alike. This Accord provides lasting value with its reputation for reliability and enduring design.,https://www.carvana.com/vehicle/3786685?refSource=srp
59,0,4900.0,2009,"Moon Township, PA",205205.0,4,Ivory,3.5L V-6 Gas,Premium Sound System/Remote Keyless Entry/Power Locks/Front Aux Input,https://www.truecar.com/used-cars-for-sale/listing/1HGCP36809A029725/?position=0&sourceType=vla
60,0,28575.0,2022,USA,27614.0,4,Still Night Pearl, 1.5L I4 16V GDI DOHC Turbo,"Visit our website at http://www.acuraomaha.com. Give our pre-owned department a call at 402-408-2000 or 877-412-2872 to schedule a test drive. Acura of Omaha has received the prestigious Precision Team Dealer of Distinction Award for the past 10 consecutive years. The Dealership of Distiction status is the most prestigious and coveted honor that Acura can grant to any of their dealerships. The status recognizes those dealership teams that demonstrate superior achievement in customer satisfaction, sales and service training, customer follow-up, and business management during the calendar year. Acura of Omaha is proud to be one of the select few dealerships nationwide to have earned this coveted award every year since 2004. Stop in to experience the Acura of Omaha difference!",https://www.cars.com/vehicledetail/8cf8412c-4bd5-4f1f-b1de-fb1831e0057e/
61,0,29590.0,2024,,1566.0,4,red,"4-Cyl, i-VTEC, Turbo, 1.5 Liter","The 2024 Honda Accord EX offers a compelling blend of comfort, technology, and efficiency for everyday driving. This sedan provides a spacious interior with user-friendly features, making it a practical choice for families and commuters alike. Its reputation for reliability and lasting value ensures continued satisfaction.",https://www.carvana.com/vehicle/3826578?refSource=srp
62,0,6777.0,2010,"1860 Cobb Pkwy SE, Marietta, GA 30060",157459.0,2,Black,4,2010 Honda Accord LX-S 2.4Black Cloth.22/31 City/Highway MPGThis is a pure example of an used vehicle that you would be proud to own.,https://www.capitalone.com/cars/vehicle-details/2010/Honda/Accord/LX-S/1HGCS1A32AA007955
63,0,7500.0,2009,"Kent, OH",141620.0,4,Royal Blue Pearl,2.4L Inline-4 Gas,Daytime Running Lights (DRLs)/Front Heated Seats/Traction Control,https://www.truecar.com/used-cars-for-sale/listing/1HGCP26879A055216/?position=0&sourceType=vla
64,0,18990.0,2017,"1043 N Front St Philadelphia, PA 19123",88571.0,4,black,"4-Cyl, i-VTEC, 2.4 Liter","The 2017 Honda Accord Sport SE offers a compelling blend of sporty styling and practical features that remain desirable today. This sedan provides a comfortable ride, reliable performance, and a suite of driver-assistance technologies that enhance peace of mind for daily commutes and weekend trips.",https://www.carvana.com/vehicle/3810368
65,0,24590.0,2019,,19309.0,4,Red,"4-Cyl, i-VTEC, Turbo, 1.5 Liter","2019 Honda Accord, sold by Carvana, exterior color red, 4-Cyl, i-VTEC, Turbo, 1.5 Liter",https://www.carvana.com/vehicle/3772569?refSource=srp
66,0,9700.0,2014,,158963.0,4,Black,4 Cyl,1 Owner. No accidents. Excellent condtion. Auto headlights. Dual Zone Front Automatic Air Conditioning . Heated seats. Back-Up Camera. Remote Keyless Entry. Visit Citywide Auto Sales at 640 Pittsburgh St. Springdale PA 15144 to shop our great deals. You can also contact us by calling 412-407-2421 to schedule your test drive today.,https://www.carfax.com/vehicle/1HGCR2F55EA017669
67,0,9000.0,2017,,175029.0,4,Black,4,"REAR VIEW CAMERA, BLUETOOTH AUDIO STREAMING, USB INPUT, CD PLAYER, BLUETOOTH, STEERING WHEEL AUDIO CONTROLS, CRUISE CONTROL, DUAL ZONE CLIMATE CONTROL, XENON HEADLIGHTS, ALLOY WHEELS, TINTED WINDOWS, DYNAMIC STABILITY CONTROL, TRACTION CONTROL, TILT/TELESCOPIC STEERING WHEEL, ABS BRAKES, POWER STEERING, POWER WINDOWS, POWER MIRRORS, POWER LOCKS, DUAL AIR BAGS, SRS AIR BAGS, SIDE AIR BAGS, FRONT CENTER CONSOLE.",https://www.capitalone.com/cars/vehicle-details/2017/Honda/Accord/LX/1HGCR2F32HA180105
68,0,10995.0,2012,,89091.0,4,Gray,4 Cyl,"? 2012 Honda Accord LX-P Reliable, Efficient & Refined ? ?? Cash Price: $10,995 ?? PA AUTOSPORT LLC 1040 Pittsburgh Street, Springdale, PA 15144 ?? Call/Text: (412) 579-3535 | ?? www.paautosport.com ?? One Shop. All Solutions.?? Vehicle Highlights: ?? VIN: 1HGCP2F47CA217785 ?? Mileage: 84,091 miles ?? Engine: 2.4L 4-Cylinder VTEC Balanced Power & Efficiency ?? Transmission: 5-Speed Automatic ?? Drivetrain: FWD ?? Fuel Economy: 23 MPG City/34 MPG Highway ?? Exterior: Sophisticated Gray ?? Interior: Soft Gray ?? Body Style: 4-Door Sedan ?? Horsepower: 177 HP? Clean Title | CARFAX Available ?? Smooth, Comfortable Ride with Proven Honda Reliability ??? Fully Inspected PA Inspection Valid Through 8/2026?? Why Buy from PA AUTOSPORT? ????? 3 Full-Time In-House Mechanics Thoroughly Inspected ?? Financing Available All Credit Welcome ?? Family-Owned & Trusted Dealership ?? Reliable, Road-Ready Vehicles Honest Pricing? Dependable, Efficient, and Stylish This Honda Accord LX-P is perfect for commuting, families, or anyone looking for a fuel-efficient, reliable, and comfortable sedan.?? Call or visit PA Autosport today to schedule your test drive!#HondaAccord #UsedCarsPA #ReliableRides #PAAutosport #LowMileage #SoftGrayInterior #FamilyCar #SpringdalePA #CashPrice #CarDeals #DriveHappy",https://www.carfax.com/vehicle/1HGCP2F47CA217785
69,0,23990.0,2021,,62393.0,4,Red,"4-Cyl, i-VTEC, Turbo, 1.5 Liter","2021 Honda Accord, sold by Carvana, Sport Sedan 4D, 62,393 miles",https://www.carvana.com/vehicle/3835371?refSource=srp
70,0,16837.0,2018,,91008.0,4,Red,4,"2018 Honda Accord LXCloth, 4 Speakers, 4-Wheel Disc Brakes, ABS brakes, Air Conditioning, Alloy wheels, AM/FM radio, Auto High-beam Headlights, Automatic temperature control, Brake assist, Bumpers: body-color, Cloth Seat Trim, Delay-off headlights, Driver door bin, Driver vanity mirror, Dual front impact airbags, Dual front side impact airbags, Electronic Stability Control, Exterior Parking Camera Rear, Four wheel independent suspension, Front anti-roll bar, Front Bucket Seats, Front Center Armrest, Front dual zone A/C, Front reading lights, Fully automatic headlights, Illuminated entry, Knee airbag, Low tire pressure warning, Occupant sensing airbag, Outside temperature display, Overhead airbag, Overhead console, Panic alarm, Passenger door bin, Passenger vanity mirror, Power door mirrors, Power steering, Power windows, Radio data system, Radio: 160-Watt AM/FM Audio System, Rear anti-roll bar, Rear seat center armrest, Rear window defroster, Remote keyless entry, Security system, Speed control, Speed-sensing steering, Speed-Sensitive Wipers, Steering wheel mounted audio controls, Tachometer, Telescoping steering wheel, Tilt steering wheel, Traction control, Trip computer, Variably intermittent wipers, Wheels: 17 Silver-Painted Alloy, Cloth.Odometer is 16754 miles below market average!",https://www.capitalone.com/cars/vehicle-details/2018/Honda/Accord/LX+1.5T/1HGCV1F18JA039534
71,0,13990.0,2012,"1043 N Front St Philadelphia, PA 19123",94329.0,4,gray,"4-Cyl, VTEC, 2.4 Liter","The 2012 Honda Accord LX-P offers a comfortable and reliable ride with a reputation for longevity. This sedan provides a practical and spacious interior, making it a dependable choice for daily commutes and family needs. Its classic design and well-rounded features deliver lasting value.",https://www.carvana.com/vehicle/3841221
72,0,19107.0,2021,,109098.0,4,Silver,4 Cyl,,https://www.carfax.com/vehicle/1HGCV1F40MA078505
73,0,26590.0,2022,,28817.0,4,white,"4-Cyl, i-VTEC, Turbo, 1.5 Liter","The 2024 Honda Accord EX offers a compelling blend of comfort, technology, and efficiency for everyday driving. This sedan provides a spacious interior with user-friendly features, making it a practical choice for families and commuters alike. Its reputation for reliability and lasting value ensures continued satisfaction.",https://www.carvana.com/vehicle/3814866?refSource=srp
74,0,20000.0,2019,,90330.0,4,Gray,4,Save Time and Money purchasing your next vehicle. This dealership is committed to providing Atlanta customers the best choice of over 500+ late model vehicles at fair and excellent pricing while providing a superior customer experience.,https://www.capitalone.com/cars/vehicle-details/2019/Honda/Accord/Sport+1.5T/1HGCV1F3XKA006568
75,0,20000.0,2018,USA,110127.0,4,Radiant Red Metallic,"1.5L I-4 gasoline direct injection, DOHC, VTEC variable valve co","Recent Arrival! Certified. Radiant Red Metallic 2018 Honda Accord Touring CARFAX One-Owner. 29/35 City/Highway MPG Odometer is 2195 miles below market average!Gray w/Leather-Trimmed Seats.Certification Program Details: Passed a rigorous 130-pt inspection. 3k mile / 3 month powertrain warranty. 7-day return policy. Delivered to your door.Awards: JD Power Automotive Performance, Execution and Layout (APEAL) Study ALG Residual Value Awards, Residual Value Awards NACTOY 2018 North American Car of the Year 2018 KBB.com Brand Image Awards 2018 KBB.com 10 Most Awarded BrandsKelley Blue Book Brand Image Awards are based on the Brand Watch(tm) study from Kelley Blue Book Market Intelligence. Award calculated among non-luxury shoppers. For more information, visit www.kbb.com. Kelley Blue Book is a registered trademark of Kelley Blue Book Co., Inc.",https://www.cars.com/vehicledetail/7ff89b91-06e3-42d7-9fbb-74a023595faa/
76,0,12990.0,2012,"1043 N Front St Philadelphia, PA 19123",122490.0,4,white,"4-Cyl, VTEC, 2.4 Liter","The 2012 Honda Accord LX-P offers a comfortable and reliable ride with a reputation for longevity. This sedan provides a practical and spacious interior, making it a dependable choice for daily commutes and family needs. Its classic design and well-rounded features deliver lasting value.",https://www.carvana.com/vehicle/3782407
77,1,27901.0,2022,,36322.0,4, Black," 2L I-4 gasoline direct injection, DOHC, i-VTEC variable valve co VIN","Sonic Gray Pearl exterior and Black interior. Heated Seats, Dual Zone A/C, Remote Engine Start, Onboard Communications System, iPod/MP3 Input, Back-Up Camera, Moonroof, Turbo Charged Engine, Aluminum Wheels, Satellite Radio.",https://www.cars.com/vehicledetail/e23d96cf-a83e-4627-aaba-0edf42cffe14/?attribution_type=isa
78,2,27699.0,2024,,11258.0,4,Radiant Red," 1.5L I-4 gasoline direct injection, DOHC, i-VTEC variable valve","CarShop is completely free of the usual haggling because our salespeople are not paid on a commission basis. Our best price is already on the sticker, often hundreds lower than Kelley Blue Book. CarShop Certified vehicles have warranties on everything down to the wiper blades for 6 months or 6,000 miles. We also offer the unique Lifetime Engine Guarantee on every CarShop Certified vehicle. You can return your CarShop Certified vehicle up to five days after the sale - no questions asked. To answer any questions you may have on this vehicle please visit us at www.carshop.com.Only 11,258 Miles! Boasts 37 Highway MPG and 29 City MPG! Dealer Certified Pre-Owned. This Honda ACCORD boasts a Intercooled Turbo Regular Unleaded I-4 1.5 L/91 engine powering this Automatic transmission. Wheels: 17' x 7.5' Pewter Gray, Vehicle Stability Assist (VSA) Electronic Stability Control (ESC), Valet Function. This Honda ACCORD Features the Following Options Urethane Gear Shifter Material, Trunk Rear Cargo Access, Trip Computer, Transmission: Continuously Variable -inc: econ and normal modes, Traffic Jam Assist, Tires: 225/50R17 94V AS, Tire Specific Low Tire Pressure Warning, Strut Front Suspension w/Coil Springs, Steel Spare Wheel, Speed Sensitive Variable Intermittent Wipers.",https://www.cars.com/vehicledetail/1193f600-e421-4afd-8df2-e9bdfba6900a/
80,0,11000.0,2013,,124300.0,4,Blue,6,"2013 Honda Accord EX-L *Leather *, **FWD**, **BACK UP CAMERA**, **STEERING WHEEL CONTROLS**, **PREMUIM AUDIO**, **SUNROOF**, Parchment Leather. 21/34 City/Highway MPG 4D Sedan EX-L 6-Speed Automatic",https://www.capitalone.com/cars/vehicle-details/2013/Honda/Accord/EX-L/1HGCR3F89DA046879
81,0,12590.0,2010," 1043 N Front St Philadelphia, PA 19123",97367.0,4,black,"V6, i-VTEC, 3.5 Liter","The 2010 Honda Accord EX-L Sedan offers a comfortable and reliable ride with a design that has stood the test of time. This sedan provides a blend of practical features and a smooth driving experience, making it a solid choice for those seeking a dependable vehicle for daily commutes and beyond. The Accord's reputation for longevity and thoughtful engineering ensures continued value.",https://www.carvana.com/vehicle/3846425
84,0,31590.0,2022," 1043 N Front St Philadelphia, PA 19123",8133.0,4,dusty blue,"4-Cyl, VTEC, Turbo, 2.0 Liter","The 2022 Honda Accord Sport offers a compelling blend of practicality and sporty styling that continues to resonate with drivers today. This sedan provides a comfortable ride, spacious interior, and user-friendly technology, making it a smart choice for daily commutes and weekend adventures. Its reputation for reliability and efficiency ensures lasting value for years to come.",https://www.carvana.com/vehicle/3833033
87,0,10000.0,2011,,97908.0,4, Taffeta White, 2.4L I4 DOHC i-VTEC 16V,"AS-IS VEHICLE DISCLAIMER PLEASE READ BEFORE CONTACTING US All Sales Are Final. This vehicle is offered strictly AS-IS with no warranties express or implied. We do not guarantee its current condition or future performance. State Inspections & Emissions. This vehicle may not pass emissions or safety inspections in many states. If you plan to register it outside of our area, anticipate potential repair costs, fines, or required maintenance to meet local requirements. Out-of-Area Buyers: Exercise Caution. We are unable to assist with out-of-state registration, transportation damage claims, or inspection compliance. If you purchase from outside our region, you assume all related risks and responsibilities. Please Do Not Call for Additional Condition Details. All available information is listed above. We will not provide further commentary on condition over the phone. No Post-Sale Adjustments. Because this sale is AS-IS, there are no returns, exchanges, or price negotiations after purchase. By viewing this listing, you acknowledge that you have read and understand these terms. If you require a more thorough inspection or have concerns about state inspection requirements, please arrange an independent evaluation before proceeding. Thank you for your understanding.",https://www.cars.com/vehicledetail/18b7ac40-8efd-4bda-9d84-17a44fb7eb64/
88,0,26990.0,2019,"1043 N Front St Philadelphia, PA 19123",30663.0,4,silver,"4-Cyl, VTEC, Turbo, 2.0 Liter","The 2019 Honda Accord Sport offers a compelling blend of practicality and sporty styling that remains appealing. This sedan provides a comfortable ride, user-friendly technology, and a spacious interior, making it a great choice for daily commutes and weekend trips. Its reputation for reliability and efficiency ensures lasting value.",https://www.carvana.com/vehicle/3751815
90,0,22998.0,2020,,49000.0,4,White,"4-cyl, Gas, 1.5L",,https://www.carmax.com/car/26199180
91,0,26590.0,2023," 1043 N Front St Philadelphia, PA 19123",5838.0,4,white,"4-Cyl, i-VTEC, Turbo, 1.5 Liter","The 2023 Honda Accord LX offers a comfortable and reliable driving experience with modern technology and a spacious interior. This sedan provides a smooth ride and practical features, making it an excellent choice for daily commutes and family trips. Its reputation for dependability and efficiency ensures lasting value.",https://www.carvana.com/vehicle/3836529
92,0,20283.0,2019,,51080.0,4,Gray,4,"2019 Honda Accord LX Bluetooth, Backup Camera, Android Auto, Apple Carplay, Power Windows & Locks, Touch Screen Radio, MP3 Player, Satellite Radio, Push Button Start, Well Maintained w/Detailed Service Records, One Owner Clean Carfax Vehicle History Report, Automatic, Alloy Wheels, Newer Tires, Traction Control, Tinted Glass, Remote Keyless Entry, Cruise Control, & More!",https://www.carfax.com/vehicle/1HGCV1F11KA098989
93,0,23590.0,2020,"1043 N Front St Philadelphia, PA 19123",40136.0,4,gray,"4-Cyl, i-VTEC, Turbo, 1.5 Liter","The 2020 Honda Accord LX Sedan offers a comfortable and reliable driving experience with a sleek design that remains stylish. This practical sedan provides a suite of driver-assistive features and modern connectivity, making it a smart choice for daily commutes and family trips. Its enduring value and reputation for dependability make it a solid transportation option.",https://www.carvana.com/vehicle/3837522
95,0,11950.0,2014,,120398.0,4,Black,6,Black w/Perforated Leather-Trimmed Seats.,https://www.carfax.com/vehicle/1HGCR3F8XEA034161
96,0,17990.0,2016,"1043 N Front St Philadelphia, PA 19123",95032.0,4,white,"4-Cyl, i-VTEC, 2.4 Liter","The 2016 Honda Accord EX offers a comfortable and well-rounded driving experience with practical technology that remains useful today. This sedan provides a spacious interior, reliable performance, and a suite of features that enhance daily commutes and longer trips, making it a smart choice for value-conscious buyers.",https://www.carvana.com/vehicle/3847608
98,0,27500.0,2022,USA,29657.0,4,Lunar Silver Metallic,"1.5L I-4 gasoline direct injection, DOHC, i-VTEC variable valve","Honda Cars Of Bellevue is excited to offer this 2022 Honda Accord Sedan Sport. Enjoy a higher level of satisfaction with a CARFAX one-owner vehicle. This a worry-free vehicle that has passed our certification process. Save money at the pump with this fuel-sipping Honda Accord Sedan. One of the best things about this Honda Accord Sedan is that it has low, low mileage. It's ready for you to truly break it in. Although this 2022 Honda Accord Sedan Sport is technically a pre-owned vehicle, the clean and spotless interior could fool even the toughest critic. An extra bonus with this Honda Accord Sedan: it's still covered by the manufacturer's warranty. A true feat of engineering, this Honda Accord Sedan Sport has otherworldly acceleration, prodigious power and is accompanied by the prestigious reputation of Honda. Although it may not make much sense, this vehicle will undoubtedly provide a memorable experience every time you drive it. One look is all it takes to know what a find this 2022 Honda Accord Sedan Sport is. Paste this link into your web browser or go to our website to see a video of our Used Car Manager doing a walk around of this actual vehicle: https://youtu.be/1NnlDLZKfcg",https://www.cars.com/vehicledetail/512c1251-959a-45ca-839e-d95f4cf6c470/
99,0,14790.0,2013,"1043 N Front St Philadelphia, PA 19123",121656.0,4,blue,"4-Cyl, i-VTEC, 2.4 Liter","The 2013 Honda Accord EX-L Sedan offers a comfortable and reliable ride with a suite of features that still provide value today. This sedan provides a smooth driving experience and practical technology, making it a solid choice for those seeking a dependable and well-rounded vehicle. Its reputation for longevity and smart design ensures continued satisfaction for years to come.",https://www.carvana.com/vehicle/3797276
101,0,13995.0,2016,,126279.0,4,Red,4,"2016 Honda Accord EX-L!! FULLY SERVICED, Heated Seats, Powered Front Seats, Moonroof, Cruise Control, Bluetooth Calling, Dual Climate Control, Cd Player, Push Start, Remote Start, Driver Memory Seats, All Weather Floor Mats and much more!!",https://www.carfax.com/vehicle/1HGCR2F81GA227750
102,0,32900.0,2022,USA,17209.0,4, Platinum White Pearl,"2L I-4 gasoline direct injection, DOHC, i-VTEC variable valve co",,https://www.cars.com/vehicledetail/813f2829-23d9-4f47-9787-4194f5976a71/
103,0,13500.0,2017,"Crown Point, IN",101176.0,4,Black,4 Cyl,"This clean 2017 Honda Accord features Air Conditioning, Power Windows, Power Locks, Power Steering, Tilt Wheel, AM/FM CD/MP3, Immobilizer, Keyless Entry, Alarm, Daytime Running Lights, Dual Front Airbags, Side Airbags, Head Airbags, Rear Head Airbags, Active Seatbelts, All Wheel ABS. We offer financing on our vehicles. From our website www.communityautofinance.com you will be able to view all our vehicles and submit a credit application. Low down payments depending on credit. We inspect and test all our vehicles before we offer them for sale. We offer warranties for sale on most all our vehicles, to give you peace of mind for unexpected repairs. We have CarFax available. Having been in business since 2013 we pride ourselves in offering the community quality vehicles at reasonable prices. Our experienced staff will make your car buying experience as quick and easy as possible. Please give us a call at 219-213-2088 for more information.",https://www.carfax.com/vehicle/1HGCR2F31HA041938
104,0,5995.0,2008,"Skokie, IL",157709.0,4,Gray,6 Cyl,"2008 Honda Accord EX-L V6 4dr Sedan 5A Features: Performance & Drivetrain: 3.5L V6 engine 5-speed automatic transmission Front-wheel drive Exterior Features: Alloy wheels Sunroof / Moonroof Fog lights Body-colored mirrors and door handles Interior Features: Leather-trimmed seats Power-adjustable driver and passenger seats Heated front seats Dual-zone automatic climate control Tilt and telescoping steering wheel Technology & Audio: Premium audio system CD player with MP3 capability Steering wheel-mounted audio controls Optional navigation system (depending on package) Safety & Security: Anti-lock brakes (ABS) Vehicle Stability Assist (VSA) with traction control Front, side, and curtain airbags Tire Pressure Monitoring System (TPMS) Security system with immobilizer Convenience: Keyless entry Cruise control Power windows and door locks Multi-function display (trip computer) GO AUTOS VEHICLE LOCATION: 5050 DEMPSTER STREET SKOKIE, IL 60077 PH: 224-432-8225 WEB: WWW.GOAUTOSKOKIE.COM Dealership Business Hours Monday – Saturday: 10:00 AM – 7:00 PM Sunday: Closed We are happy to assist you with vehicle-related questions and inquiries via FaceTime and WhatsApp video chat during our business hours. Disclaimer: While we strive to ensure the accuracy of all information provided in our listings, all details should be considered preliminary and are subject to change without notice. We encourage all buyers to independently verify vehicle information by contacting GO AUTOS directly.",https://www.carfax.com/vehicle/1HGCP36818A085865
105,0,11295.0,2017,"Michigan City, IN",184380.0,4,Gray,4 Cyl,"Sporty Style, Dynamic Performance & Everyday Comfort Discover the 2017 Honda Accord Sport at Michigan City HyundaiElevate your daily drive with the 2017 Honda Accord Sport, now available at Michigan City Hyundai. This sporty yet practical sedan blends athletic performance, refined style, and everyday capability all with Hondas reputation for long-term reliability. Ideal for commuting in Chicago, weekend drives, or daily errands across Northwest Indiana.Performance That DelightsPowered by a 2.4liter iVTEC four-cylinder engine, the Accord Sport delivers 189 hp at 6,400rpm and 182 lb-ft of torque at 3,900 rpm a small bump over base models thanks to its dual exhaust tuningBuyers can choose between a 6 speed manual, favored by driving enthusiasts, or a CVT automatic with paddle shifters for sporty controlFuel economy is strong manual-equipped models return 23 MPG city / 32 MPG highway, and the CVT-equipped version improves to 26 MPG city / 34 MPG highway (29 MPG combined)Sporty Design & Standout FeaturesDistinct from other Accord trims, the Sport comes standard with 19inch alloy wheels, LED daytime running lights, fog lamps, and a leather wrapped steering wheel. Cloth seats with imitation leather bolsters lend a sporty feel, and paddle shifters add extra engagement with the CVT setupA Sport Special Edition adds premium touches like heated front seats, red contrast stitching upholstery, and unique badging for a more upscale sport appearanceSpacious & Well Equipped InteriorAccommodating up to five passengers in 103.2 cubic feet of passenger space, Accord Sport offers generous front legroom (~42.5"") and rear legroom (~38.5"")spacious for a midsize sedanStandard conveniences include dual-zone automatic climate control, tilt-and-telescoping steering, power driver seat, Bluetooth hands-free & streaming audio, a 60/40 split-fold rear seatback, and a rearview cameraInfotainment is intuitive: a 7.7inch display, Bluetooth audio, Pandora, USB/aux inputs, and steering-wheel-mounted controls. (Note: the 7inch touchscreen option is limited rare on Sport unless Hybrid or EX)Safety & Driver Assist TechnologyAccord applies Hondas ACE body structure for a rigid, safe chassis. Standard safety equipment includes dual-stage front airbags, side-impact and curtain airbags, ABS with brake assist, traction and stability control, and a rearview cameraAvailable Honda Sensing suite (strongly recommended upgrade) adds adaptive cruise control, collision mitigation braking, lane-keeping assist, and road-departure mitigation, bringing IIHS Top Safety Pick+ and 5star NHTSA ratings within reachQuick Specifications at a GlanceTrim: 2017 Honda Accord Sport (Sedan)Engine: 2.4L iVTEC I4 189 hp / 182 lb-ftTransmission: 6speed manual or CVT (sport mode & paddle shifters)Drivetrain: FrontWheel DriveFuel Economy: 23/32 mpg (manual), 26/34/29 mpg (CVT)Passenger Volume: ~103.2 cu ft, Cargo: 15.8 cu ftWheels: 19 alloy, LED DRL and fog lightsSeating: Cloth with sport bolsters (heated in Sport SE)Infotainment: 7.7 display, Bluetooth, USB/Aux, Pandora, steering audio controlsSafety: Comprehensive airbags, ABS, stability and traction control, optional Honda Sensing safety suiteWhy the 2017 Accord Sport Stands OutOwners praise the Sport trim for combining fuel-efficient power with engaging dynamics and daily practicality. One Accord driver enthusiastically shared, Just bought this gorgeous used 2017 Accord Sport ... forward to driving this car for the foreseeable future.",https://www.carfax.com/vehicle/1HGCR2F57HA278709
106,0,12787.0,2017,,179709.0,4,White Orchid Pearl,2.4L 4 CYL,"Leather Seats Rear Spoiler Black; Cloth Seat Trim White Orchid Pearl   This vehicle includes a Money-Back Guarantee* and passed our precise inspection process. Best of all the price you see is the price you pay. No haggling. No back and forth. No pressure. And this price is so good it is guaranteed. *Money-Back Guarantee is valid for 5 days or 250 miles, whichever comes first. Subject to certain terms and conditions. See store for details. Some restrictions apply.  At AutoNation Honda West Knoxville our Internet Sales Consultants specialize in saving our customers both time and money by simplifying the process of locating and purchasing a Car, Truck, SUV, or Van. Our Market Based Pricing ensures that our customers always receive an excellent value without spending excessive amounts of time haggling over the price. We specialize in providing financing options to fit most budgets and personal situations (including credit challenges). Contact one of our Internet Sales Consultants TODAY at 865-730-0012 to schedule your personal appointment to come in and select your next vehicle, or visit our website at: www.autonationhondawestknoxville.com . You will be glad that you did! This Honda includes: WHITE ORCHID PEARL *Note - For third party subscriptions or services, please contact the dealer for more information.* This 2017 Honda Accord Sedan has great acceleration and wonderful styling without sacrificing exceptional fuel economy. Added comfort with contemporary style is the leather interior to heighten the quality and craftsmanship for the Honda Accord Sedan Sport. More information about the 2017 Honda Accord Sedan: The Honda Accord is very popular in the mid-size segment, continually selling at the top of a very competitive class. Prime competitors for the Accord include the Toyota Camry and the Nissan Altima. The Accord is a solid value, even in its humblest configuration. With its capable and sophisticated chassis, the Accord can feel quite luxurious when properly optioned. This versatility allows it to be either a spacious alternative to many economy cars or a less expensive alternative to many luxury cars. There is even a stylish coupe available with performance to match its already stellar platform. Interesting features of this model are Interior space, powerful and efficient drivetrains, class-leading resale value, and wide variety of configurations available",https://www.autonationhondacovingtonpike.com/used/Honda/2017-Honda-Accord-d085258eac1820694c0ea2368cbd7618.htm
107,0,15587.0,2018,,159494.0,4,White,1.5 Liter Turbo,"Moonroof Leather Seats Navigation System Lane Keeping Assist Keyless Start   This vehicle includes a Money-Back Guarantee* and passed our precise inspection process. Best of all the price you see is the price you pay. No haggling. No back and forth. No pressure. And this price is so good it is guaranteed. *Money-Back Guarantee is valid for 5 days or 250 miles, whichever comes first. Subject to certain terms and conditions. See store for details. Some restrictions apply.  At AutoNation Honda West Knoxville our Internet Sales Consultants specialize in saving our customers both time and money by simplifying the process of locating and purchasing a Car, Truck, SUV, or Van. Our Market Based Pricing ensures that our customers always receive an excellent value without spending excessive amounts of time haggling over the price. We specialize in providing financing options to fit most budgets and personal situations (including credit challenges). Contact one of our Internet Sales Consultants TODAY at 865-730-0012 to schedule your personal appointment to come in and select your next vehicle, or visit our website at: www.autonationhondawestknoxville.com . You will be glad that you did! This wonderfully fuel-efficient vehicle offers a supple ride, quick acceleration and superior styling without sacrificing MPGs. This is about the time when you're saying it is too good to be true, and let us be the one's to tell you, it is absolutely true. You've found the one you've been looking for. Your dream car. The quintessential Honda -- This Honda Accord Sedan EX-L Navi 1.5T speaks volumes about its owner, about uncompromising individuality, a passion for driving and standards far above the ordinary.",https://www.autonationhondacovingtonpike.com/used/Honda/2018-Honda-Accord-8611fd06ac1805fe4bf6e6e6fbdfb5c1.htm
108,0,15888.0,2013,,82159.0,4,White Orchid Pearl,I-4 cyl,"Moonroof Leather Seats Keyless Start Black; Seat Trim White Orchid Pearl   This vehicle includes a Money-Back Guarantee* and passed our precise inspection process. Best of all the price you see is the price you pay. No haggling. No back and forth. No pressure. And this price is so good it is guaranteed. *Money-Back Guarantee is valid for 5 days or 250 miles, whichever comes first. Subject to certain terms and conditions. See store for details. Some restrictions apply.  Clean Carfax, Premium Audio 360 watts, Alloy Wheels, heated Seats, Leather! Looking for a clean, well-cared for 2013 Honda Accord Sdn? This is it. This Honda includes: WHITE ORCHID PEARL BLACK, SEAT TRIM *Note - For third party subscriptions or services, please contact the dealer for more information.* If you are looking for a vehicle with great styling, options and incredible fuel economy, look no further than this quality automobile. One of the best things about this Honda Accord Sdn is that it has low, low mileage. It's ready for you to truly break it in. Added comfort with contemporary style is the leather interior to heighten the quality and craftsmanship for the Honda Accord Sdn EX-L. More information about the 2013 Honda Accord Sdn: The Accord is a mid-sized car, competing against some of the best-selling vehicles in America. Prime targets for the Accord include the Camry and the Altima. The Accord is a solid value and the chassis is capable and sophisticated enough to be optioned up into a fairly luxurious vehicle, This versatility allows it to be either a spacious alternative to many economy cars or a less expensive alternative to many luxury cars. There is even a stylish coupe available with performance that matches many sports cars. Interesting features of this model are long history of reliability, interior space, Fuel efficiency, and large number of configurations available.",https://www.autonationhondacovingtonpike.com/used/Honda/2013-Honda-Accord-e7e454afac184dd26bf9b236fd56b352.htm
109,0,14840.0,2014,"Chicago, IL",74699.0,4,Gray,4 Cyl,Cloth.,https://www.carfax.com/vehicle/1HGCR2F59EA218507
110,0,11713.0,2014,"Muskegon, MI",150093.0,4,White,4 Cyl,"2014 Honda Accord Hybrid EX-L 2.0L 4-Cylinder i-VTEC, 17"" Alloy Wheels, Automatic temperature control, Electronic Stability Control, Exterior Parking Camera Rear, Four wheel independent suspension, Front Bucket Seats, Front dual zone A/C, Fully automatic headlights, Heated door mirrors, Heated front seats, Leather-Trimmed Seats, Memory seat, Power driver seat, Power moonroof, Power passenger seat, Radio: 360-Watt AM/FM/CD Premium Audio System, Remote keyless entry, Steering wheel mounted audio controls. 50/45 City/Highway MPG Awards: * Green Car Journal 2014 Green Car of the Year * 2014 KBB.com Brand Image Awards Kelley Blue Book Brand Image Awards are based on the Brand Watch(tm) study from Kelley Blue Book Market Intelligence. Award calculated among non-luxury shoppers. For more information, visit www.kbb.com. Kelley Blue Book is a registered trademark of Kelley Blue Book Co., Inc. Based on 2017 EPA mileage ratings. Use for comparison purposes only. Your mileage will vary depending on how you drive and maintain your vehicle, driving conditions and other factors.",https://www.carfax.com/vehicle/1HGCR6F59EA005760
111,0,27215.0,2024,"Bourbonnais, IL",21754.0,4,Red,4 Cyl,"2024 Honda Accord Hybrid Sport, 46 MPG, Power Moonroof, Wireless Apple CarPlay and Android Auto, Remote Engine Start, Blind-Spot Information System, Rear Cross-Traffic Monitor, Multi-Angle Rearview Camera, Adaptive Cruise Control, Lane Keeping Assist, Forward Collision Warning, Collision Mitigation Braking System, Lane Departure Warning, Road Departure Mitigation System, Traffic Sign Recognition, LED Headlights, Vehicle Stability Assist with Traction Control, Bluetooth HandsFreeLink with Streaming Audio, 180-Watt Premium Sound System with 8-Speakers, Alexa Built-In, USB Ports, Dual-Zone Automatic Climate Control, 10-Way Power Seat, Power Trunk, Power Windows, Power Locks, Power Exterior Mirrors, Tilt and Telescopic Steering Column, Remote Keyless Entry, and Alloy Wheels. Perfect CARFAX, Recent Arrival! 46/41 City/Highway MPG",https://www.carfax.com/vehicle/1HGCY2F56RA068977
112,0,24000.0,2024,"Aurora, IL",94607.0,4,Black,4 Cyl,"Recent Arrival! CARFAX One-Owner. Black 2024 Honda Accord Hybrid 4D Sedan Sport 2.0L 16V DOHC FWD  2.0L 16V DOHC, 4-Wheel Disc Brakes, 8 Speakers, ABS brakes, Adaptive Cruise Control: Adaptive Cruise Control (ACC) with Low-Speed Follow, Air Conditioning, Alloy wheels, AM/FM radio, Apple CarPlay/Android Auto, Auto High-beam Headlights, Automatic temperature control, Blind Spot Information (BSI) System warning, Brake assist, Bumpers: body-color, Compass, Delay-off headlights, Driver door bin, Driver vanity mirror, Dual front impact airbags, Dual front side impact airbags, Electronic Stability Control, Emergency communication system: HondaLink, Exterior Parking Camera Rear, Fabric Seat Trim, Four wheel independent suspension, Front anti-roll bar, Front Bucket Seats, Front Center Armrest, Front dual zone A/C, Front reading lights, Fully automatic headlights, Illuminated entry, Knee airbag, Lane departure: Lane Keeping Assist System (LKAS) active, Leather Shift Knob, Leather steering wheel, Low tire pressure warning, Occupant sensing airbag, Outside temperature display, Overhead airbag, Overhead console, Panic alarm, Passenger door bin, Passenger vanity mirror, Power door mirrors, Power driver seat, Power moonroof, Power steering, Power windows, Radio data system, Radio: 180-Watt Audio System, Rear anti-roll bar, Rear reading lights, Rear seat center armrest, Rear side impact airbag, Rear window defroster, Remote keyless entry, Security system, Speed control, Speed-sensing steering, Speed-Sensitive Wipers, Split folding rear seat, Spoiler, Steering wheel mounted audio controls, Telescoping steering wheel, Tilt steering wheel, Traction control, Trip computer, Variably intermittent wipers, Wheels: 19"" x 8.5J Berlina Black.   This Accord Hybrid is well equipped with 2.0L 16V DOHC, 4-Wheel Disc Brakes, 8 Speakers, ABS brakes, Adaptive Cruise Control: Adaptive Cruise Control (ACC) with Low-Speed Follow, Air Conditioning, Alloy wheels, AM/FM radio, Apple CarPlay/Android Auto, Auto High-beam Headlights, Automatic temperature control, Blind Spot Information (BSI) System warning, Brake assist, Bumpers: body-color, Compass, Delay-off headlights, Driver door bin, Driver vanity mirror, Dual front impact airbags, Dual front side impact airbags, Electronic Stability Control, Emergency communication system: HondaLink, Exterior Parking Camera Rear, Fabric Seat Trim, Four wheel independent suspension, Front anti-roll bar, Front Bucket Seats, Front Center Armrest, Front dual zone A/C, Front reading lights, Fully automatic headlights, Illuminated entry, Knee airbag, Lane departure: Lane Keeping Assist System (LKAS) active, Leather Shift Knob, Leather steering wheel, Low tire pressure warning, Occupant sensing airbag, Outside temperature display, Overhead airbag, Overhead console, Panic alarm, Passenger door bin, Passenger vanity mirror, Power door mirrors, Power driver seat, Power moonroof, Power steering, Power windows, Radio data system, Radio: 180-Watt Audio System, Rear anti-roll bar, Rear reading lights, Rear seat center armrest, Rear side impact airbag, Rear window defroster, Remote keyless entry, Security system, Speed control, Speed-sensing steering, Speed-Sensitive Wipers, Split folding rear seat, Spoiler, Steering wheel mounted audio controls, Telescoping steering wheel, Tilt steering wheel, Traction control, Trip computer, Variably intermittent wipers, and Wheels: 19"" x 8.5J Berlina Black.",https://www.carfax.com/vehicle/1HGCY2F52RA059385
113,0,25991.0,2018,"Missoula, MT",75084.0,4,Lunar Silver Metallic,"4 Cyl, 2.0L","You'll never again be lost in a crowded city or a country region with the navigation system on this unit. This vehicle keeps you comfortable with Auto Climate. This unit comes equipped with Android Auto for seamless smartphone integration on the road. This unit has auto-adjust speed for safe following. Protect the Honda Accord from unwanted accidents with a cutting edge backup camera system. This vehicle has a clean CARFAX vehicle history report. This Honda Accord features a hands-free Bluetooth phone system. The leather seats in the Honda Accord are a must for buyers looking for comfort, durability, and style. Apple CarPlay: Seamless smartphone integration for the Honda Accord - stay connected and entertained on the go! The rear parking assist technology on it will put you at ease when reversing. The system alerts you as you get closer to an obstruction. The vehicle gleams with an elegant silver clear coated finish.",https://www.dennymenholtuniversityhonda.com/auto/used-2018-honda-accord-touring-20t-near-hamilton-mt/105543208/
114,0,25665.0,2022,,55714.0,4,Lunar Silver Metallic,1.5L 4 Cylinder Engine,Accord Sport SE,https://www.baierlhonda.com/used/Honda/2022-Honda-Accord-bf7b2932ac1828597ee2ae74df7411dc.htm
115,0,29991.0,2024,"Missoula, MT",13816.0,4,Meteorite Gray Metallic,"4 Cyl, 1.5L","This mid-size car's Forward Collision Warning system alerts the driver to potential front-end collisions, enhancing safety. This unit features a hands-free Bluetooth phone system. This vehicle has auto-adjust speed for safe following. See what's behind you with the back up camera on this mid-size car. This model comes equipped with Android Auto for seamless smartphone integration on the road. This Honda Accord is a manufacturer certified pre-owned vehicle. This model offers Automatic Climate Control for personalized comfort. Our dealership has already run the CARFAX report and it is clean. A clean CARFAX is a great asset for resale value in the future. Apple CarPlay: Seamless smartphone integration for this vehicle - stay connected and entertained on the go! Good News! This certified CARFAX 1-owner vehicle has only had one owner before you. Set the temperature exactly where you are most comfortable in this mid-size car. The fan speed and temperature will automatically adjust to maintain your preferred zone climate.",https://www.dennymenholtuniversityhonda.com/auto/used-2024-honda-accord-ex-near-hamilton-mt/102862882/
116,0,25665.0,2022,,37232.0,4,Lunar Silver Metallic,1.5L 4 Cylinder Engine,Accord Sport SE,https://www.baierlhonda.com/used/Honda/2022-Honda-Accord-bf7b2932ac1828597ee2ae74df7411dc.htm
119,0,23899.0,2020,"Billings, MT",69961.0,4,Black,1.5T I4 DOHC 16V Turbocharged VTEC,"UNDERRINER PRICE AT $23,899.00!  2020 Honda Accord LX Black  At Underriner Honda we offer Lifetime Warranty Care on qualified pre-owned vehicles less than 5-years old and a 3-Day Money-Back Guarantee! Schedule your drive today at https://www.underrinerhonda.com/schedule-test-drive/",https://www.underrinerhonda.com/inventory/used-2020-honda-accord-lx-fwd-4d-sedan-1hgcv1f13la135090/
120,0,26665.0,2023,,1065.0,4,Solar Silver Metallic,Gas,EX 4dr Sedan,https://www.edmunds.com/honda/accord/2024/vin/1HGCY1F39RA007633/?radius=50
121,0,18264.0,2017,,67720.0,4,White Orchid Pearl,Gas,Sport Special Edition 4dr Sedan,https://www.edmunds.com/honda/accord/2017/vin/1HGCR2F11HA059998/?radius=50
122,0,26659.0,2022,Pittsburgh,65393.0,4,Gray,252 hp 2L I4,"CARFAX One-Owner. Gray 2022 Honda Accord 4D Sedan Touring 2.0T I4 DOHC 16V Turbocharged FWD This Accord is well equipped with 10 Speakers, 4-Wheel Disc Brakes, ABS brakes, Adaptive Cruise Control: Adaptive Cruise Control (ACC) with Low-Speed Follow, Adaptive suspension, Air Conditioning, Alloy wheels, AM/FM radio: SiriusXM, Apple CarPlay/Android Auto, Auto High-beam Headlights, Auto-dimming Rear-View mirror, Automatic temperature control, Blind Spot Information (BSI) System warning, Brake assist, Bumpers: body-color, Compass, Delay-off headlights, Driver door bin, Driver vanity mirror, Dual front impact airbags, Dual front side impact airbags, Electronic Stability Control, Emergency communication system: HondaLink, Exterior Parking Camera Rear, Forward collision: Collision Mitigation Braking System (CMBS) + FCW mitigation, Four wheel independent suspension, Front anti-roll bar, Front Bucket Seats, Front Center Armrest, Front dual zone A/C, Front fog lights, Front reading lights, Fully automatic headlights, Garage door transmitter: HomeLink, Heads-Up Display, Heated & Ventilated Front Bucket Seats, Heated door mirrors, Heated front seats, Heated rear seats, Illuminated entry, Knee airbag, Lane Departure Warning System, Leather steering wheel, Low tire pressure warning, Memory seat, Navigation system: Honda Satellite-Linked Navigation System, Occupant sensing airbag, Outside temperature display, Overhead airbag, Overhead console, Panic alarm, Passenger door bin, Passenger vanity mirror, Perforated Leather Seat Trim, Power door mirrors, Power driver seat, Power moonroof, Power passenger seat, Power steering, Power windows, Radio data system, Radio: 450-Watt AM/FM/HD Premium Audio System, Rain sensing wipers, Rear anti-roll bar, Rear seat center armrest, Rear window defroster, Remote keyless entry, Security system, Speed control, Speed-sensing steering, Speed-Sensitive Wipers, Split folding rear seat, Steering wheel mounted audio controls, Tachometer, Telescoping steering wheel, Tilt steering wheel, Traction control, Trip computer, Turn signal indicator mirrors, Variably intermittent wipers, Ventilated front seats, and Wheels: 19"" Machine-Finished Alloy w/Gray Inserts.",https://www.cargurus.com/Cars/l-Used-Honda-Accord-d585?cgagid=329447&cgcid=1666&px8324=p2&sourceContext=usedPaidSearchNoZip&ax8324=124126031&type=GoogleAdWordsSearch&kw=honda%20accord%20sport%20for%20sale&matchtype=e&ad=469809697386&placement=&networktype=g&device=c&devicemodel=&adposition=&physloc=9005925&intloc=&aceid=&cid=261570062&agid=13191924662&tgtid=kwd-48703845474&fid=&gad_source=1&gad_campaignid=261570062&gclid=Cj0KCQjw_L_FBhDmARIsAItqgt4ggFl-4V1hioafTkj-doPSy3u8AIWBEscNgjsU7lmS4A1vWoahBZkaAqyaEALw_wcB#listing=414639505/PRIORITY/DEFAULT
123,0,9700.0,2014,Springdale,158963.0,4,Blue,4,1 Owner. No accidents. Excellent condtion. Auto headlights. Dual Zone Front Automatic Air Conditioning . Heated seats. Back-Up Camera. Remote Keyless Entry. Visit Citywide Auto Sales at 640 Pittsburgh St. Springdale PA 15144 to shop our great deals. You can also contact us by calling 412-407-2421 to schedule your test drive today. ,https://www.carfax.com/vehicle/1HGCR2F55EA017669
124,0,29558.0,2024,"Billings, MT",12713.0,4,Crystal Black Pearl,2.0L 16V DOHC,"PRICED AT KELLY BLUE BOOK FAIR PURCHASE PRICE.  UNDERRINER PRICE $29,558.00!  2024 Honda Accord Hybrid Sport Crystal Black Pearl Honda Certified!!",https://www.underrinerhonda.com/inventory/used-2024-honda-accord-sedan-hybrid-sport-fwd-4d-sedan-1hgcy2f53ra019557/
125,0,28000.0,2024,Canonsburg,17329.0,4,White,4,"Priced below KBB Fair Purchase Price! CARFAX One-Owner. 51/44 City/Highway MPG Odometer is 2341 miles below market average!  2024 Honda Accord Hybrid EX-L 2.0L 16V DOHC FWD  Back UP Camera .  • Exceptional Car-Buying Experience: At South Hills Kia, we pride ourselves on offering an exceptional car-buying experience • Wide Selection of Vehicles: Explore our wide selection of new and pre-owned Kia vehicles • Convenient Location: Conveniently located on Route 19 in Peters Township, McMurray, PA, we are your go-to dealership in the Pittsburgh area • Top-Notch Customer Service: Our commitment to providing top-notch customer service ensures a hassle-free buying process • Competitive Pricing: Enjoy competitive pricing on all our vehicles using the latest software to ensure you get a fair deal • Exclusive Benefits: Every South Hills Vehicle comes with Nitrogen Filled tires for increased gas mileage and decreased tire wear AND the South Hills Value Package worth over $2000 • Knowledgeable Staff: Our knowledgeable staff is here to help you find the perfect vehicle, whether it's a stylish Kia sedan for your daily commute or a spacious Kia SUV for your family needs • Visit Us Today: Visit South Hills Kia today and discover why we're the preferred choice for car buyers in the Pittsburgh area • Important Information: Sale price does not include tax, title, and license. Every reasonable effort is made to ensure the accuracy of this information, South Hills is not responsible for errors or omissions contained on these pages.  South Hills Kia is pleased to offer this superb-looking 2024 Honda Accord Hybrid an absolutely charming Car with the following features 4-Wheel Disc Brakes, 8 Speakers, ABS brakes, Adaptive Cruise Control: Adaptive Cruise Control (ACC) with Low-Speed Follow, Air Conditioning, Alloy wheels, AM/FM radio, Apple CarPlay/Android Auto, Auto High-beam Headlights, Auto-dimming Rear-View mirror, Automatic temperature control, Blind Spot Information (BSI) System warning, Brake assist, Bumpers: body-color, Compass, Delay-off headlights, Driver door bin, Driver vanity mirror, Dual front impact airbags, Dual front side impact airbags, Electronic Stability Control, Emergency communication system: HondaLink, Exterior Parking Camera Rear, Four wheel independent suspension, Front anti-roll bar, Front Bucket Seats, Front Center Armrest, Front dual zone A/C, Front reading lights, Fully automatic headlights, Heated door mirrors, Heated Front Bucket Seats, Heated front seats, Illuminated entry, Knee airbag, Lane departure: Lane Keeping Assist System (LKAS) active, Leather Shift Knob, Leather steering wheel, Leather-Trimmed Seat Trim, Low tire pressure warning, Memory seat, Occupant sensing airbag, Outside temperature display, Overhead airbag, Overhead console, Panic alarm, Passenger door bin, Passenger vanity mirror, Power door mirrors, Power driver seat, Power moonroof, Power passenger seat, Power steering, Power windows, Radio data system, Radio: 180-Watt Audio System, Rear anti-roll bar, Rear reading lights, Rear seat center armrest, Rear side impact airbag, Rear window defroster, Remote keyless entry, Security system, Speed control, Speed-sensing steering, Speed-Sensitive Wipers, Split folding rear seat, Steering wheel mounted audio controls, Telescoping steering wheel, Tilt steering wheel, Traction control, Trip computer, Turn signal indicator mirrors, Variably intermittent wipers, and Wheels: 17"" x 7.5J Pewter Gray.",https://www.carfax.com/vehicle/1HGCY2F64RA033931
126,0,10995.0,2012,Springdale,84091.0,4,Gray,4,"? 2012 Honda Accord LX-P Reliable, Efficient & Refined ? ?? Cash Price: $10,995 ?? PA AUTOSPORT LLC 1040 Pittsburgh Street, Springdale, PA 15144 ?? Call/Text: (412) 579-3535 | ?? www.paautosport.com ?? One Shop. All Solutions.?? Vehicle Highlights: ?? VIN: 1HGCP2F47CA217785 ?? Mileage: 84,091 miles ?? Engine: 2.4L 4-Cylinder VTEC Balanced Power & Efficiency ?? Transmission: 5-Speed Automatic ?? Drivetrain: FWD ?? Fuel Economy: 23 MPG City/34 MPG Highway ?? Exterior: Sophisticated Gray ?? Interior: Soft Gray ?? Body Style: 4-Door Sedan ?? Horsepower: 177 HP? Clean Title | CARFAX Available ?? Smooth, Comfortable Ride with Proven Honda Reliability ??? Fully Inspected PA Inspection Valid Through 8/2026?? Why Buy from PA AUTOSPORT? ????? 3 Full-Time In-House Mechanics Thoroughly Inspected ?? Financing Available All Credit Welcome ?? Family-Owned & Trusted Dealership ?? Reliable, Road-Ready Vehicles Honest Pricing? Dependable, Efficient, and Stylish This Honda Accord LX-P is perfect for commuting, families, or anyone looking for a fuel-efficient, reliable, and comfortable sedan.?? Call or visit PA Autosport today to schedule your test drive!#HondaAccord #UsedCarsPA #ReliableRides #PAAutosport #LowMileage #SoftGrayInterior #FamilyCar #SpringdalePA #CashPrice #CarDeals #DriveHappy",https://www.carfax.com/vehicle/1HGCP2F47CA217785
127,0,23991.0,2020,,52522.0,4,Platinum White Pearl,Gas,EX-L 4dr Sedan (1.5L 4cyl Turbo CVT),https://www.edmunds.com/honda/accord/2020/vin/1HGCV1F54LA098943/?radius=50
128,0,28000.0,2024,"3644 Washington Rd Canonsburg, PA 15317 ",17329.0,4,White,4 Cyl,Priced below KBB Fair Purchase Price! CARFAX One-Owner. 51/44 City/Highway MPG Odometer is 2341 miles below market average!,https://www.carfax.com/vehicle/1HGCY2F64RA033931
129,0,26458.0,2022,Washington,29390.0,4,Red,4,"30/38 City/Highway MPG Odometer is 5087 miles below market average! Priced below KBB Fair Purchase Price! Clean CARFAX. CARFAX One-Owner.  Certified. HondaTrue Certified Details:  * Warranty Deductible: $0 * Vehicles purchased within New Vehicle Limited Warranty period: extends New Vehicle Limited Warranty to 5 years*/60,000 miles*. Honda Care Roadside Assistance for 2 year/100,000 miles (whichever occurs first). Up to two complimentary oil changes within the first year of ownership. SiriusXM 90-Day Trial. * Transferable Warranty * Powertrain Limited Warranty: 84 Month/100,000 Mile (whichever comes first) from original in-service date * Roadside Assistance * 182 Point Inspection * Limited Warranty: 24 Month/100,000 Mile (whichever comes first) after new car warranty expires or from certified purchase date * Vehicle History  Adaptive Cruise Control with Low-Speed Follow, Blind Spot Information (BSI) System, Heated Front Seats, Machine-Finished 17"" Alloy Wheels, Memory seat, Power driver seat, Power moonroof, Power passenger seat, SiriusXM. 2022 Honda Accord EX-L Radiant Red Metallic 1.5T I4 DOHC 16V Turbocharged VTEC CVT FWD Every new and used vehicle purchased at Washington Honda comes with complimentary lifetime PA state inspection and one free oil change.",https://www.carfax.com/vehicle/1HGCV1F52NA050666
130,0,23246.0,2020,,44612.0,4,Platinum White Pearl,Gas,Sport 4dr Sedan (1.5L 4cyl Turbo CVT),https://www.edmunds.com/honda/accord/2020/vin/1HGCV1F35LA126361/?radius=50
131,0,19107.0,2021,Pittsburgh,109098.0,4,Silver,4,Null,https://www.carfax.com/vehicle/1HGCV1F40MA078505
132,0,24990.0,2024,"1043 N Front St Philadelphia, PA 19123",2937.0,4,black,"4-Cyl, i-VTEC, Turbo, 1.5 Liter","Key Features  Comfort and convenience Remote Start  Entertainment and technology Android Auto Apple CarPlay Bluetooth Music Hands Free Calling  Safety and security Active Lane Keep Assistance Adaptive Cruise Control Automatic Emergency Braking Collision Detection Lane Departure Warning Rear Cross Traffic Alert Rear View Camera  Seating and interior Heated Seats  Roof and glass Sunroof  Wheels and tires Alloy Wheels VEHICLE DETAILS  MPG 29 city, 37 hwy  Drivetrain FWD  Exterior Color Black  Interior Black Cloth  Seating 5 Seats  Engine 4-Cyl, i-VTEC, Turbo, 1.5 Liter  Transmission Automatic, Continuously Variable Transmission (CVT)  Fuel Type Gas",https://www.carvana.com/vehicle/lt/3738001?store=Carvpit&utm_source=google&utm_medium=vla&utm_campaign=20420295754&utm_content=&utm_target=&utm_creative=&utm_device=c&utm_adposition=&utm_location=9005925&gad_source=1&gad_campaignid=20420313313&gbraid=0AAAAADdUw5pvtzvJWolUjZ8l_92qFjEWI&gclid=Cj0KCQjw_L_FBhDmARIsAItqgt6ilHTe7tLmcPcAKSxFYPb-Aq6YRzfTHRUT1JZ4FpT_4JnI9QGYEQUaAjgcEALw_wcB
133,0,18122.0,2018,,95723.0,4,Crystal Black Pearl,Gas,EX-L 4dr Sedan (1.5L 4cyl Turbo CVT),https://www.edmunds.com/honda/accord/2018/vin/1HGCV1F57JA073807/?radius=50
134,0,18122.0,2018,Wexford,95723.0,4,Black,4,"Leather seating, Heated seats, Rear Back up camera, Safety is our highest priority using a 120-point check list, request to see the repair order., Passed and we completed a new PA state safety and emission inspection, Black w/Leather-Trimmed Seats. Priced below KBB Fair Purchase Price!   Awards: * JD Power Automotive Performance, Execution and Layout (APEAL) Study * ALG Residual Value Awards, Residual Value Awards * NACTOY 2018 North American Car of the Year * 2018 KBB.com Brand Image Awards * 2018 KBB.com 10 Most Awarded Brands Kelley Blue Book Brand Image Awards are based on the Brand Watch(tm) study from Kelley Blue Book Market Intelligence. Award calculated among non-luxury shoppers. For more information, visit www.kbb.com. Kelley Blue Book is a registered trademark of Kelley Blue Book Co., Inc.  Baierl Chevrolet is very proud to offer this terrific 2018 Honda Accord in Crystal Black Pearl. Located in Wexford PA, this vehicle has been through our factory trained service department, we completed a comprehensive quality inspection with safety as our highest priority using a 120-point check list. Every vehicle has a fresh oil and filter change, new wiper blades, new engine air filter, new cabin air filter and comes with the assurance that we have thoroughly checked every vehicle for your safety and confidence. This quality pre-owned vehicle comes with the following features: Please stop by and check out our HUGE inventory of Pre-Owned cars and trucks. We would be honored to have you as a Baierl Chevrolet customer and a part of our family. Here at Baierl we are Driven to be Better. Our Chevy dealership has been serving the Wexford area for years, along with nearby communities such as Pittsburgh and Cranberry Township. In the process of doing so, weâ??ve formed strong and long-lasting relationships with local customers and businesses across the region. We pride ourselves on the connections weâ??ve made and the valued place weâ??ve earned in the community. Selling cars is one thing, but it wouldnâ??t happen without building trusting relationships from the ground up first. We strive to do our part and support events and initiatives across the local community. Baierl Chevrolet is here for you. The safety and the well-being of our guests and employees is the #1 priority. We want you to feel confident when servicing with us, therefore, we would like to update you on our temporary action plan amid this time period. Our Team is here and ready to assist with all your needs. Some of our Pre-Owned vehicles may be subject to unrepaired safety recalls. Check for a vehicleâ??s unrepaired recalls by VIN at http://vinrcl.safercar.gov/vin/",https://www.carfax.com/vehicle/1HGCV1F57JA073807
135,0,12775.0,2017,"St George, UT",179740.0,4,Lunar Silver Metallic,Gas/Electric I-4 2.0 L/122,"2.0L 4-Cylinder DOHC 16V i-VTEC.49/47 City/Highway MPG**Discover the Ultimate Automotive Experience Welcome to Stephen Wade Honda/Mazda, where quality, affordability, and exceptional customer care create an unmatched car-buying journey. We specialize in a premier selection of pre-owned vehicles at unbeatable prices, ensuring a smooth and enjoyable experience. Here’s why you’ll love shopping with us: **Unbeatable Pricing**: Our team diligently monitors the national market to keep our prices competitive, allowing you to drive away with confidence and savings. **Expert Guidance**: Our knowledgeable sales team is here to support you at every step. We listen to your needs and work within your budget, making your dream vehicle a reality without any hassle. **Exclusive Wade Low Price Pricing**: Unlock special rates by financing your pre-owned vehicle through our dealership! If you choose to pay in cash or use alternative financing, 3% will apply to the sales price. The price for this vehicle as equipped does not include charges such as: License, Title, Registration Fees, State or Local Taxes, Finance Charges, Optional Credit Insurance, Physical Damage of Liability Insurance, and Documentary Service Fee of $499.00, OR IKON GPS REGISTRATION of $699.00 ANY AND ALL DIFFERENCES MUST BE ADDRESSED PRIOR TO THE SALE OF THIS VEHICLE. **The Pre-Owned Promise**: We stand behind the quality of our vehicles. Each pre-owned car undergoes thorough inspection and reconditioning, guaranteeing your satisfaction. **Transparent Vehicle History Reports**: Trust is essential! We provide detailed vehicle history reports upon request, ensuring peace of mind with every purchase. Ready to enhance your driving experience? Connect with our friendly sales team at **435-634-4400** or our knowledgeable Internet sales specialists at **435-705-9053** to schedule your test drive or learn more about our exciting inventory. Your perfect ride is waiting at Stephen Wade Honda/Mazda!Awards:* 2017 KBB.com Brand Image Awards * 2017 KBB.com 10 Most Awarded BrandsKelley Blue Book Brand Image Awards are based on the Brand Watch(tm) study from Kelley Blue Book Market Intelligence. Award calculated among non-luxury shoppers. For more information, visit www.kbb.com. Kelley Blue Book is a registered trademark of Kelley Blue Book Co., Inc.To see more quality vehicles like this one right here just click on https://www.stephenwadehonda.com/ or dial 435-634-4465.",https://www.stephenwadehonda.com/viewdetails/used/jhmcr6f74hc022764/2017-honda-accord-hybrid-4dr-car?type=finance
136,0,26590.0,2021,"Bridgeville, PA",31056.0,4,black,"4-Cyl, i-VTEC, Turbo, 1.5 Liter",it has no reported accidents and the original warranty still active,https://www.carvana.com/vehicle/3824208?refSource=srp
137,0,15991.0,2017,,72363.0,4,White Orchid Pearl,Gas,LX 4dr Sedan (2.4L 4cyl CVT),https://www.edmunds.com/honda/accord/2017/vin/1HGCR2F3XHA075263/?radius=50
138,0,23395.0,2020,,78788.0,4,Platinum White Pearl ,"     1.5L I-4 gasoline direct injection, DOHC, i-VTEC variable valve ", Convenience          Adaptive Cruise Control         Keyless Entry         Keyless Start  Entertainment          Android Auto®         Apple CarPlay®         Bluetooth®         USB Port  Exterior          Alloy Wheels  Safety          Automatic Emergency Braking         Backup Camera         Brake Assist         LED Headlights         Lane Departure Warning         Stability Control  Seating          Leather Seats,https://www.cars.com/vehicledetail/48b7276a-0880-411b-b7ba-cb9ec9716c28/
139,0,20957.0,2021,Monroeville,84566.0,4,Black,4,Null,https://www.carfax.com/vehicle/1HGCV1F58MA092757
140,0,35000.0,2024,"St George, UT",8.0,4,Modern Steel Metallic,Gas/Electric I-4 2.0 L/122,"2.0L 16V DOHC.51/44 City/Highway MPGOdometer is 12239 miles below market average!CARFAX One-Owner.**Discover the Ultimate Automotive Experience Welcome to Stephen Wade Honda/Mazda, where quality, affordability, and exceptional customer care create an unmatched car-buying journey. We specialize in a premier selection of pre-owned vehicles at unbeatable prices, ensuring a smooth and enjoyable experience. Here’s why you’ll love shopping with us: **Unbeatable Pricing**: Our team diligently monitors the national market to keep our prices competitive, allowing you to drive away with confidence and savings. **Expert Guidance**: Our knowledgeable sales team is here to support you at every step. We listen to your needs and work within your budget, making your dream vehicle a reality without any hassle. **Exclusive Wade Low Price Pricing**: Unlock special rates by financing your pre-owned vehicle through our dealership! If you choose to pay in cash or use alternative financing, 3% will apply to the sales price. The price for this vehicle as equipped does not include charges such as: License, Title, Registration Fees, State or Local Taxes, Finance Charges, Optional Credit Insurance, Physical Damage of Liability Insurance, and Documentary Service Fee of $499.00, OR IKON GPS REGISTRATION of $699.00 ANY AND ALL DIFFERENCES MUST BE ADDRESSED PRIOR TO THE SALE OF THIS VEHICLE. **The Pre-Owned Promise**: We stand behind the quality of our vehicles. Each pre-owned car undergoes thorough inspection and reconditioning, guaranteeing your satisfaction. **Transparent Vehicle History Reports**: Trust is essential! We provide detailed vehicle history reports upon request, ensuring peace of mind with every purchase. Ready to enhance your driving experience? Connect with our friendly sales team at **435-634-4400** or our knowledgeable Internet sales specialists at **435-705-9053** to schedule your test drive or learn more about our exciting inventory. Your perfect ride is waiting at Stephen Wade Honda/Mazda!To see more quality vehicles like this one right here just click on https://www.stephenwadehonda.com/ or dial 435-634-4465.",https://www.stephenwadehonda.com/viewdetails/used/1hgcy2f68ra088530/2024-honda-accord-hybrid-4dr-car?type=finance
141,0,23559.0,2022,Monroeville,38915.0,4,Gray,4,Null,https://www.carfax.com/vehicle/1HGCV1F39NA052381
142,0,19990.0,2018,"1043 N Front St Philadelphia, PA 19123",3038.0,4,Gray,"4-Cyl, i-VTEC, Turbo, 1.5 Liter",WHY YOU’LL LOVE THIS ACCORD Key Features  Entertainment and technology Hands Free Calling  Safety and security Active Lane Keep Assistance Adaptive Cruise Control Automatic Emergency Braking Collision Detection Lane Departure Warning Rear View Camera  Wheels and tires Alloy Wheels,https://www.carvana.com/vehicle/lt/3643523?store=Carvpit&utm_source=google&utm_medium=vla&utm_campaign=20420295754&utm_content=&utm_target=&utm_creative=&utm_device=c&utm_adposition=&utm_location=9005925&gad_source=1&gad_campaignid=20420313313&gbraid=0AAAAADdUw5pvtzvJWolUjZ8l_92qFjEWI&gclid=Cj0KCQjw_L_FBhDmARIsAItqgt6hVk3uUsVlbr3EzDRvMInKqkUUZqAQ2EC7qhLgPlf6WYwN4iJQvuEaAgsQEALw_wcB
143,0,20990.0,2018,"Bridgeville, PA",69209.0,4,Blue,"4-Cyl, i-VTEC, Turbo, 1.5 Liter","It has the remote start function, and has no reported accident",https://www.carvana.com/vehicle/3772481?refSource=srp
144,0,8500.0,2008,Springdale,108742.0,4,White,6,Leather Heated Front Bucket Seats. Sunroof. Honda Satellite-Linked Navigation System. Dual-Zone Automatic Climate Control. Premium Sound System includes 7 Speakers W/Subwoofer. Keyless entry. Visit Citywide Auto Sales at 640 Pittsburgh St. Springdale PA 15144 to shop our great deals. You can also contact us by calling 412-407-2421 to schedule your test drive today.,https://www.carfax.com/vehicle/1HGCP36868A024107
145,0,4900.0,2009,Coraopolis,205205.0,4,Green,6,"Priced below KBB Fair Purchase Price! CARFAX One-Owner. PRE AUCTION AS IS VEHICLE, 17"" Alloy Wheels, Automatic Climate Control, BOSE PREMIUM AUDIO, Heated Front Bucket Seats, Integrated Front Fog Lights, Leather-Trimmed Seat Trim, Power Tilt/Slide Moonroof. 19/29 City/Highway MPG  Mystic Green Metallic 2009 Honda Accord EX-L 3.5 FWD 3.5L V6 SOHC i-VTEC 24V 5-Speed Automatic with Overdrive  Fresh Arrival. Call for more details.   Our goal is to provide our customers the best value when they choose one of our quality pre-owned vehicles. We use the power of Kelley Blue Book, CARFAX, and Autotrader to set a great low price on your favorite pre-owned vehicle.  Awards: * 2009 KBB.com Best Resale Value Awards For more information, visit www.kbb.com. Kelley Blue Book is a registered trademark of Kelley Blue Book Co., Inc.",https://www.carfax.com/vehicle/1HGCP36809A029725
146,0,20590.0,2017,"Bridgeville, PA",65684.0,4,Black,"4-Cyl, i-VTEC, 2.4 Liter","It has a single owner, and the annual mileage is low, only 9,000 miles",https://www.carvana.com/vehicle/3834509?refSource=srp
147,0,16786.0,2015,Honda South Hills,67576.0,4,Modern Steel Metallic,Modern Steel Metallic,"Modern Steel Metallic exterior and Black interior. Sunroof, CD Player, Bluetooth®, Alloy Wheels, Back-Up Camera, iPod/MP3 Input.  SERVICE COMPLETED Service Work completed on this Honda Accord included: Complete Multi-Point Inspection, Oil & Filter Change by a Factory Trained Technicians, Battery Voltage Test, Tires Inspected, Brake Inspection, Emissions System Check, Professional Detailed Inside and Out, Function Test all Lights, Check the Complete Exhaust System, Cooling System Inspection, Transmission Fluid Inspection, Differential Fluid Inspection, Function Test all Options & Accessories.  KEY FEATURES INCLUDE Sunroof, Back-Up Camera, iPod/MP3 Input, Bluetooth®, CD Player. Honda EX with Modern Steel Metallic exterior and Black interior features a 4 Cylinder Engine with 185 HP at 6400 RPM*.  EXPERTS RAVE Edmunds.com explains Both front and rear occupants will find plenty of legroom and shoulder room. The sedans backseat is one of the best in this class, thanks to its combination of space and comfort..  PRICED TO MOVE This Accord is priced $800 below J.D. Power Retail.  SHOP WITH CONFIDENCE CARFAX 1-Owner  Pricing analysis performed on 8/21/2025. Horsepower calculations based on trim engine configuration. Please confirm the accuracy of the included equipment by calling us prior to purchase.",https://www.cochran.com/inventory/1HGCR2F78FA188841/?store=%231Cochran&cars_ad_id=&cars_channel=vehiclelisting&cars_platform_account_id=8973354294&cars_platform=google&cars_fuel_id=5292&gaw_ad_group_id=&gaw_campaign_id=20521495854&gad_source=1&gad_campaignid=20364732953&gbraid=0AAAAAo8PRz9VzLtkJou4VvlTF3560bcMn&gclid=Cj0KCQjw_L_FBhDmARIsAItqgt6MXPSg5X-zLmJPAbiT1KRSJPqEtuhmN1WYDbbU9GbH4fL66n-yqscaAoZYEALw_wcB
148,0,20600.0,2022,"San Jose, CA",78400.0,4,Still Night Pearl,Intercooled Turbo Regular Unleaded I-4 1.5 L,"This DGDG Premium 2022 Honda Accord Sport with one previous owner and 78,400 miles was inspected and reconditioned by our service team. Reconditioned items on this Accord include: a fresh oil and filter change, a new engine air filter, a new cabin air filter and new wiper blades. Experience car-buying peace of mind—DGDG Premium Used Cars include a 12-month/12,000-mile limited vehicle service contract (see dealer for copy.)  Vehicle Features: FWD Intercooled Turbo Regular Unleaded I-4 1.5 L Variable, AM/FM radio, Radio: 180-Watt AM/FM Audio System, Air Conditioning, Front dual zone A/C, Remote keyless entry, Dual front impact airbags, Dual front side impact airbags, Forward collision: Collision Mitigation Braking System (CMBS) + FCW mitigation, Lane Departure Warning System, Exterior Parking Camera Rear, Auto High-beam Headlights, Front fog lights, Fully automatic headlights, Panic alarm, Adaptive Cruise Control: Adaptive Cruise Control (ACC) with Low-Speed Follow, Power door mirrors, Apple CarPlay/Android Auto, Driver door bin, Leather steering wheel, Front Bucket Seats, Split folding rear seat, Alloy wheels, Speed-Sensitive Wipers.",https://www.stevenscreekmazda.com/inventory/used-2022-honda-accord-sport-fwd-4dr-car-1hgcv1f37na057398/
149,0,27590.0,2022,"Bridgeville, PA",19740.0,4,silver,"4-Cyl, i-VTEC, Turbo, 1.5 Liter","the total mileage is low, and there is no accident reported",https://www.carvana.com/vehicle/3826092?refSource=srp
150,0,22990.0,2019,"1043 N Front St Philadelphia, PA 19123",3038.0,4,white,"4-Cyl, i-VTEC, Turbo, 1.5 Liter","WHY YOU’LL LOVE THIS ACCORD Highlights  No Reported Accidents VIEW REPORT Low Annual Mileage Less than 9,000 miles per year on average Key Features  Entertainment and technology Bluetooth Music Hands Free Calling  Safety and security Active Lane Keep Assistance Adaptive Cruise Control Automatic Emergency Braking Collision Detection Lane Departure Warning Rear View Camera",https://www.carvana.com/vehicle/lt/3787323?store=Carvpit&utm_source=google&utm_medium=vla&utm_campaign=20420295754&utm_content=&utm_target=&utm_creative=&utm_device=c&utm_adposition=&utm_location=9005925&gad_source=1&gad_campaignid=20420313313&gbraid=0AAAAADdUw5pvtzvJWolUjZ8l_92qFjEWI&gclid=Cj0KCQjw_L_FBhDmARIsAItqgt7zDanvAAyl5w2YF50HcUnK0WvJi-u6mNc2q2K7htSfew-XX7sZO34aAhsqEALw_wcB
151,0,23988.0,2023,"San Jose, CA",70207.0,4,White,4 Cyl - 1.5 L,Welcome to Stevens Creek Toyota! The #1 Certified Toyota Dealer in the South Bay! CARFAX One-Owner. Cloth. 29/37 City/Highway MPG,https://www.stevenscreektoyota.com/used-San+Jose-2023-Honda-Accord-EX-1HGCY1F32PA021290
152,0,18990.0,2016,"Bridgeville, PA",50860.0,4,black,"4-Cyl, i-VTEC, 2.4 Liter",There was only 1 prior owner and the annual mileage is low,https://www.carvana.com/vehicle/3773715?refSource=srp
153,0,18999.0,2018,"Santa Clara, CA",59491.0,4,Black,I-4 cyl,"FANTASTIC SONIC-PRICE SAVINGS, without the haggle! Why pay inflated prices when you can pay a guaranteed lowest Sonic Price right from the start? Make an appointment to see it here today! 1-800-297-4804.USED VEHICLES MAY BE SUBJECT TO UNREPAIRED MANUFACTURER RECALLS.PLEASE CONTACT THE MANUFACTURER OR A DEALER FOR THAT LINE MAKE FOR RECALL ASSISTANCE/QUESTIONS OR CHECK THE NATIONAL HIGHWAY TRAFFIC SAFETY ADMINISTRATION WEBSITE FOR CURRENT RECALL INFORMATION BEFORE PURCHASING. https://www.safercar.gov/ Visit - Stevens Creek BMW at Stevens Creek Blvd. Santa Clara CA 95051",https://www.stevenscreekbmw.com/used/Honda/2018-Honda-Accord-near-San-Jose-c01706b5ac18060438e0536b6894774d.htm
154,0,23246.0,2020,Wexford PA,44612.0,4,white,1.5L 4 Cylinder Engine,"Rear Back up camera, Baierl PREFERRED 60 day / 3000 MILES/$0 DEDUCTIBLE WARRANTY, Passed and we completed a new PA state safety and emission inspection, Black w/Cloth Seat Trim. Recent Arrival! Priced below KBB Fair Purchase Price!   Awards: * ALG Residual Value Awards, Residual Value Awards  Baierl Chevrolet is pumped up to offer this outstanding 2020 Honda Accord in Platinum White Pearl. Located in Wexford PA, this vehicle has been through our factory trained service department, we completed a comprehensive quality inspection with safety as our highest priority using a 120-point check list. Every vehicle has a fresh oil and filter change, new wiper blades, new engine air filter, new cabin air filter and comes with the assurance that we have thoroughly checked every vehicle for your safety and confidence. This quality pre-owned vehicle comes with the following features: Please stop by and check out our HUGE inventory of Pre-Owned cars and trucks. We would be honored to have you as a Baierl Chevrolet customer and a part of our family. Here at Baierl we are Driven to be Better. Our Chevy dealership has been serving the Wexford area for years, along with nearby communities such as Pittsburgh and Cranberry Township. In the process of doing so, weâ??ve formed strong and long-lasting relationships with local customers and businesses across the region. We pride ourselves on the connections weâ??ve made and the valued place weâ??ve earned in the community. Selling cars is one thing, but it wouldnâ??t happen without building trusting relationships from the ground up first. We strive to do our part and support events and initiatives across the local community. Baierl Chevrolet is here for you. The safety and the well-being of our guests and employees is the #1 priority. We want you to feel confident when servicing with us; therefore, we would like to update you on our temporary action plan amid this time period. Our Team is here and ready to assist with all your needs. Some of our Pre-Owned vehicles may be subject to unrepaired safety recalls. Check for a vehicleâ??s unrepaired recalls by VIN at http://vinrcl.safercar.gov/vin/",https://www.baierlchevrolet.com/inventory/used-2020-honda-accord-sport-fwd-4dr-car-1hgcv1f35la126361/?store=PAWEXCHE&sd_campaign=00-All-NA_CNS_InMarket_Used__Usedvehicleads&sd_digadprov=stream&sd_channel=pmax&sd_campaign_type=google&sd_program=tier3&sd_adid=&sd_digadcid=20527385963&sd_keyword=&sd_adgroup=00-All-NA_CNS_InMarket_Used__Usedvehicleads&gad_source=1
155,0,25990.0,2022,"Bridgeville, PA",44559.0,4,Gray,"4-Cyl, i-VTEC, Turbo, 1.5 Liter","It has a remote start function, and the original warranty is still active",https://www.carvana.com/vehicle/3680501?refSource=srp
156,0,12980.0,2013,"56341 National Road  Bridgeport, OH 43912 ",132701.0,4,Black,2.4L L4 DOHC 16V,"Check out this sharp 1 Owner clean AutoCheck 2013 Honda Accord Sport Sedan for only $12980.00 If you have prime credit no one will beat our Financing Rates. If you have no credit or bad credit we are here to help. Ohio Motor Group is one of the largest Independent Auto Dealer Groups in eastern Ohio and has the resources get you in the Car,Truck or SUV that you need. We have Guaranteed Credit Approval. Apply today @ http://OMG.acapply.com or stop by 56341 National Road Bridgeport Ohio www.ohiomotorgroup.com 740-633-0039 you can see our inventory of over 200 Cars,Trucks,SUVs and Vans available @ www.ohiomotorgroup.com #OhioMotorGroup #guaranteedcreditapproval #CashIsKing www.youtube.com/@OhioMotorGroup-n8x The fully redesigned 2013 Honda Accord returns to the top of the family-sedan class with a mix of excellent packaging, superb fuel economy and rewarding performance. It's always a major occasion when the Honda Accord comes due for a redesign. The Accord is one of the best-selling cars in North America, and this midsize sedan and coupe are snapped up at a rate of more than 1,000 a day. Fully overhauled, the 2013 Honda Accord is new from the inside out.  The new Accord is slightly smaller than the car it replaces, yet it's still among the most spacious and accommodating cars in its class. Interior materials have been upgraded, and the revamped cabin is stocked with the connectivity features that today's consumers expect. Of course there are significant mechanical changes, too, and they've resulted in an Accord that delivers strong performance, outstanding fuel economy and precise handling.  After a long wait, Honda has finally added power- and efficiency-enhancing direct-injection technology to the Accord's standard 2.4-liter four-cylinder engine. The four-cylinder is now paired with a continuously variable transmission (CVT) that takes the place of a conventional automatic transmission. The engine and the CVT work so well together that most drivers will be perfectly happy with the change, especially since the CVT-equipped Accord earns an EPA-estimated 27 mpg city/36 mpg highway and 30 mpg combined rating, which are excellent numbers for a conventional gasoline-powered midsize sedan and even better than those of the diminutive Honda Fit.  The 2013 Honda Accord's styling is a careful evolution from its predecessor, and to our eyes, it's visibly less bulky. Inside, the design is cleaner and more coherent, and even base LX models set you up with Bluetooth, a USB input and Pandora integration for smartphones. Further up the ladder is the new HondaLink connectivity system, which integrates Internet audio streaming, social media applications and cloud-based content through iPhone and Android apps. Yet there's still plenty of get-it-done sedan functionality here, too, as you'll find plenty of storage slots and a big trunk.  Although we consider this a highly effective redesign, the 2013 Honda Accord is just one of many excellent choices for a midsize car. The revamped Nissan Altima has a sportier personality and slightly higher fuel economy ratings with its base four-cylinder engine. The Toyota Camry and Volkswagen Passat offer similar interior space and a softer ride (depending on the trim level), while the Kia Optima offers impressive value for this class. And it's hard to ignore the stylish bodywork on the Ford Fusion. Narrowing down your choices in this group won't be easy, but if you want a midsize sedan that does nearly everything right, the Honda Accord should be on your list. Most of the front-wheel-drive examples in the Accord range are fitted with the 2.4-liter inline-4, whether sedan or coupe. For all coupes and sedans except the Sport trim, the engine generates 185 horsepower and 181 pound-feet of torque, some 8 hp and 20 lb-ft better than the previous base-model Accord's four-cylinder. The Sport trim's less restrictive dual exhaust frees up the engine to the tune of 189 hp and 182 lb-ft of torque.  The standard transmission paired with the four-cylinder for the LX, Sport and EX sedans and LX-S and EX coupes is a six-speed manual. Optional for the four-cylinder sedans and coupes and standard for the four-cylinder EX-L sedan and coupe trim is Honda's newly developed CVT. With it, the EPA estimates the 2013 Accord will average 27 mpg city/36 mpg highway and 30 mpg combined. The Accord Sport automatic, with its slightly more powerful engine, returns 26/35/29. The four-cylinder Accord with the six-speed manual gets 24/34/28.  The 2013 Accord's 3.5-liter V6 is upgraded this year and now develops 278 hp and 252 lb-ft of torque. Backed by a conventional six-speed automatic, the V6's fuel economy numbers are still quite impressive at 21/34/25. With the V6 running through the six-speed manual transmission in the Accord EX-L coupe, fuel economy drops to 18/28/22.  With the four-cylinder, performance is markedly improved. In Edmunds testing, a four-cylinder Accord EX sedan with the CVT accelerated from zero to 60 mph in 7.5 seconds, a very good time for the class. The V6 is notably strong; an EX-L V6 sedan we tested sprinted to 60 mph in just 6.1 seconds. Every 2013 Honda Accord comes with antilock disc brakes, stability and traction control, active front head restraints, front seat side airbags and side curtain airbags. Blind-spot monitoring, lane-departure and forward-collision warning systems are available on upper trim levels.  Worthy of particular mention is the LaneWatch blind-spot system (EX trim and above), which instantly switches the 8-inch screen's display to a low and expansive view of the passenger side of the car when the right turn signal is engaged. A camera in the right-side mirror dedicated to this function provides a confidence-inspiring view, and acclimating to catching the view in the center-dash display is quick and natural.  In Edmunds testing, a 2013 Accord sedan braked from 60 mph to a standstill in 128 feet, a slightly longer-than-average distance for a midsize family sedan.  In government crash testing, the Accord sedan received five out of five stars for overall and side crash protection, but four stars for frontal protection. The coupe actually earned five stars across the board. The Insurance Institute for Highway Safety gave both body styles the best possible rating of ""Good"" in the frontal-offset, side and roof strength tests. In the Institute's new ""small overlap front crash"" test, the sedan received a ""Good"" rating, while the coupe got a second-best ""Acceptable."" This is particularly noteworthy, as most vehicles have scored poorly in this new test. ",https://ohiomotorgroup.com/vdp/22827665/Used-2013-Honda-Accord-for-sale-in-Bridgeport-OH?store=OMG-56341-43912&utm_source=google&utm_medium=cpc&utm_campaign=autosweet-performance-max&gad_source=1&gad_campaignid=21909782572&gclid=Cj0KCQjw_L_FBhDmARIsAItqgt7sNIeNcq91wk_KMIKUVZQvQjdSOnXb2_xi1qGZ-KXUIEIXAGRzFk0aAg29EALw_wcB
157,0,24488.0,2023,"Colma, CA",32572.0,4,Blue,I-4 cyl,"Elevate your daily drive with this 2023 Honda Accord Sedan EX, now available at Honda of Serramonte. The Accord has long set the benchmark for midsize sedans, and the 2023 EX model builds on that legacy with refined styling, advanced technology, and an exceptional balance of performance and comfort.  Powered by a responsive 1.5-liter VTEC Turbocharged engine paired with a smooth continuously variable transmission (CVT), the Accord EX delivers both spirited acceleration and impressive fuel efficiency. Whether you're navigating urban streets or cruising along the highway, this sedan offers a confident, composed ride that makes every drive enjoyable.  The redesigned body features a sleek silhouette and bold front fascia, giving the 2023 Accord a modern, upscale look. Its aerodynamic profile not only enhances efficiency but also adds to the vehicle's dynamic presence on the road.  Inside, the cabin offers generous space for five passengers along with high-quality materials and thoughtful design throughout. The EX trim includes a long list of premium features, such as a 10.2-inch digital driver display, a 12.3-inch touchscreen infotainment system with wireless Apple CarPlay and Android Auto, dual-zone automatic climate control, and a power moonroof. Heated front seats and a power-adjustable driver's seat provide added comfort for your daily commute or weekend road trips.  Connectivity and convenience are at the heart of the Accord EX, with multiple USB-C ports, Bluetooth streaming audio, and push-button start all included. The user-friendly interface allows you to easily access navigation, entertainment, and vehicle settings with minimal distraction.  Safety is a top priority in the 2023 Honda Accord, and the EX trim comes equipped with Honda Sensing---an advanced suite of driver-assist technologies. Features include Collision Mitigation Braking System, Road Departure Mitigation, Adaptive Cruise Control, Lane Keeping Assist, Traffic Sign Recognition, and a Multi-Angle Rearview Camera, all designed to help keep you and your passengers secure on every drive.  Combining modern design, premium features, and renowned reliability, the 2023 Honda Accord Sedan EX is a smart and stylish choice for anyone seeking a refined and efficient sedan.  Honda of Serramonte offers convenient sales and service of both new Honda cars along with high quality and in-demand pre-owned cars, trucks and SUVs. We have a wide range of vehicles to suit your needs and our experienced sales staff is ready to assist you! We are located at 485 Serramonte Blvd, Colma, CA 94014. Come by and visit our showroom or call us at (888) 892-5461 -- hondaofserramonte.com.",https://www.stevenscreekbmw.com/used/Honda/2023-Honda-Accord-near-San-Jose-42a573f8ac1832583f093e74cb664712.htm
158,0,24590.0,2019,"Bridgeville, PA",19309.0,4,red,"4-Cyl, i-VTEC, Turbo, 1.5 Liter","It has no reported accidents, and the annual mileage is less than 9000",https://www.carvana.com/vehicle/3772569?refSource=srp
159,0,27476.0,2024,,2937.0,4,Solar Silver Metallic,1.5L 4 Cylinder Engine,Highlighted Features  Lane departure Automatic temperature control Emergency communication system Power moonroof Wireless phone connectivity Exterior parking camera rear Front dual zone A/C Auto high-beam headlights Speed sensitive wipers Auto-dimming rearview mirror Split folding rear seat Heated front seats,https://www.baierlacura.com/used/Honda/2024-Honda-Accord-d55ed480ac182624a36828a76c327ece.htm?store=PAWEXACU&utm_source=google&jdp_digadprov=stream&jdp_channel=search&jdp_campaign_platform=google&jdp_cid=20531447434&jdp_adid=%7Badid%7D&jdp_campaign=UsedVehicleAds_Used_Acura_Multi_a&gad_source=1&gad_campaignid=20359886295&gbraid=0AAAAApOdA9q9bsfHaI4hBm94hyQIQES3U&gclid=Cj0KCQjw_L_FBhDmARIsAItqgt7nVg4sxqJ6VcXI26OXGGgaeQEHCgfOG0p1WH0vNNM2w5YxZ5ULNbEaAplSEALw_wcB
160,0,15591.0,2017,,2736.0,4,White,2.4L 4 Cylinder Engine,"Exterior ColorWhiteInterior ColorIvoryOdometer72,363 milesBody/SeatingSedan/5 seatsFuel Economy27/36 MPG City/HwyDetails TransmissionCVTDrivetrainFWDEngine2.4L 4 Cylinder EngineVIN1HGCR2F3XHA075263Stock NumberSP6788",https://www.drivewaysubarumoon.com/used/Honda/2017-Honda-Accord-Moon-Township-PA-c357b7d1ac18060438e0536bcb5ec1f6.htm?store=PAMOOSUB&sd_location=9005925&sd_campaign_type=google&sd_adid&sd_campaign=00-all-na_pch_inmarket_used__lithia_shopping_vlas_-_used_(pmax+)&sd_digadcid=20514056602&sd_targetid=&sd_digadprov=dealerdotcom&sd_digadkeyword=&sd_channel=pmax&sd_program=tier3&sd_adgroup=00-all-na_pch_inmarket_used__lithia_shopping_vlas_-_used_(pmax+)&ddcref=fluency&tcdcmpid=1481438&tcdadid=&tcdkwid=&gad_source=1&gad_campaignid=20509330046&gbraid=0AAAAADrVrhNJMVcHdzgu3Mv3BXPY7lUuS&gclid=Cj0KCQjw_L_FBhDmARIsAItqgt7g3yIepOYnK4-NtdzDqxeSIlQTEjxy2k6YXTETVjEfKbWzi8poLbsaArOOEALw_wcB
161,0,19488.0,2018,"Wexford, PA",62937.0,4,4 Cyl,Beige,"PRICED TO MOVE $1,100 below Kelley Blue Book!, EPA 38 MPG Hwy/30 MPG City! GREAT MILES 62,937! 4-Wheel Disc Brakes, Tire Pressure Monitoring System, Keyless Entry, Lane Keeping Assist, Dual Zone A/C, Bluetooth®, iPod/MP3 Input CLICK NOW!  KEY FEATURES INCLUDE Back-Up Camera, iPod/MP3 Input, Bluetooth®, Aluminum Wheels, Keyless Start, Dual Zone A/C, Lane Keeping Assist, Keyless Entry, Tire Pressure Monitoring System, 4-Wheel Disc Brakes Honda LX 1.5T with Champagne Frost Pearl exterior and Ivory interior features a 4 Cylinder Engine with 192 HP at 5500 RPM*. Electronic Stability Control, Bucket Seats, Brake Assist, 4-Wheel ABS, Vehicle Anti-Theft System. Serviced here  EXPERTS RAVE Edmunds.coms review says The Accord has a lot of strengths on the road. The drivetrain responds quickly and provides sufficient power. The car corners well, sticking to the road with no drama, and the brakes feel natural and strong..  A GREAT VALUE This Accord Sedan is priced $1,100 below Kelley Blue Book.  WHO WE ARE BUY FROM AN AWARD WINNING DEALER Wright Nissan serves as your preferred Pittsburgh Nissan dealer from our convenient location in Wexford, PA. We offer a complete lineup of all the latest new Nissan models, as well as a robust selection of quality used cars in Wexford. When it comes to automotive services, no other dealership in the area can match our level of excellence.  Pricing analysis performed on 8/26/2025. Horsepower calculations based on trim engine configuration. Fuel economy calculations based on original manufacturer data for trim engine configuration. Please confirm the accuracy of the included equipment by calling us prior to purchase. ",https://www.carfax.com/vehicle/1HGCV1F14JA124824?store=GOS6A3T001&partner=VLA_C&gclsrc=aw.ds&gad_source=1&gad_campaignid=20364729041&gclid=Cj0KCQjw_L_FBhDmARIsAItqgt5IczBir4_YHnegeNDqAXWV6fEvzN_KsRVMX3K535yZnEhx8WPZUWsaAjNlEALw_wcB
162,0,21990.0,2017,"Bridgeville, PA",41279.0,4,silver,"4-Cyl, i-VTEC, 2.4 Liter","It has a remote start function, and there is no reported accident",https://www.carvana.com/vehicle/3169252?refSource=srp
163,0,23990.0,2021,,3038.0,4,White,"4-Cyl, i-VTEC, Turbo, 1.5 Liter","VEHICLE DETAILS  MPG 30 city, 38 hwy  Drivetrain FWD  Exterior Color White  Interior Black Cloth  Seating 5 Seats  Engine 4-Cyl, i-VTEC, Turbo, 1.5 Liter  Transmission Automatic, Continuously Variable Transmission (CVT)  Fuel Type Gas",https://www.carvana.com/vehicle/lt/3792581?store=Carvpit&utm_source=google&utm_medium=vla&utm_campaign=20420295754&utm_content=&utm_target=&utm_creative=&utm_device=c&utm_adposition=&utm_location=9005925&gad_source=1&gad_campaignid=20420313313&gbraid=0AAAAADdUw5pvtzvJWolUjZ8l_92qFjEWI&gclid=Cj0KCQjw_L_FBhDmARIsAItqgt4fShnyiDulcr0ivw_5us1vzwXVaPGF0ZqaWPyecRSdV270Z18-IAsaApSfEALw_wcB
164,0,15250.0,2015,,97185.0,4,Modern Steel Metallic,Gas,EX-L 4dr Sedan (2.4L 4cyl CVT),https://www.edmunds.com/honda/accord/2015/vin/1HGCR2F88FA048524/?radius=200
165,0,20750.0,2021,,62171.0,4,red,4 Cyl,"Any questions please call 330-422-7000 and ask to speak with me (Alex Jividen - Used Car Manager) or email me at ajividen@driveclassic.com. Although every reasonable effort has been made to ensure the accuracy of the information contained on this site, absolute accuracy cannot be guaranteed. Please keep in mind that photos are taken before any reconditioning on wheels, interior & exterior of the vehicles.This vehicle is certified under Hondas TrueUsed program. This will give you 100 days or 5,000 miles (from purchase date/miles) of Powertrain & Non-Powertrain Coverage. This would include components under Engine, Transmission, Drive Axle(s), Steering, Suspension, Brakes, Air Conditioning & High Tech or Electronic. It also will provide roadside assistance and one complimentary oil change within the first year of ownership.The 2021 Honda Accord LX in Radiant Red Metallic is a bold and refined midsize sedan that combines everyday practicality with sleek style and modern technology. The Radiant Red finish enhances the Accord's sophisticated design, offering a vibrant, eye-catching hue that brings out the cars sculpted lines and athletic stance. Its wide front grille, LED low-beam headlights, and sharply contoured body panels contribute to an upscale and assertive appearance that stands out in any setting.Inside, the Accord LX offers a comfortable and intelligently designed cabin. High-quality materials, soft-touch surfaces, and thoughtful ergonomics make it feel more premium than its entry-level trim might suggest. The spacious interior provides generous legroom for both front and rear passengers, while the supportive cloth seats ensure comfort during long drives. The trunk is impressively large for the class, offering ample room for groceries, luggage, or weekend gear, and the rear seats fold down to expand cargo capacity further.Technology in the 2021 Accord LX is modern and user-friendly. A standard 8-inch touchscreen infotainment system includes Apple CarPlay and Android Auto, allowing seamless smartphone integration. Bluetooth connectivity, dual USB ports, and a four-speaker sound system ensure you stay connected and entertained on the road. The digital instrumentation and clean dashboard layout give the interior a contemporary, uncluttered feel.Under the hood, the Accord LX is powered by a 1.5-liter turbocharged 4-cylinder engine that produces 192 horsepower and 192 lb-ft of torque, paired with a continuously variable transmission (CVT). This setup offers smooth acceleration and responsive handling, making the Accord both efficient and enjoyable to drive. Fuel economy is excellent, with EPA ratings around 30 mpg in the city and 38 mpg on the highway, making it a practical choice for commuters and road-trippers alike.Safety is a major strength of the 2021 Accord LX, thanks to the inclusion of the Honda Sensing suite as standard. This package includes Adaptive Cruise Control, Collision Mitigation Braking System, Lane Keeping Assist, Road Departure Mitigation, and Traffic Sign Recognition. With a 5-star overall safety rating from the NHTSA, the Accord LX offers strong peace of mind for drivers and families.In summary, the 2021 Honda Accord LX in Radiant Red Metallic is a stylish, efficient, and well-equipped sedan that delivers excellent value. Its bold color, spacious interior, smooth performance, and suite of safety and tech features make it a smart choice for anyone looking for a reliable and attractive daily driver.",https://www.carfax.com/vehicle/1HGCV1F19MA001170?store=SLPR0X9001&partner=VLA_C&gclsrc=aw.ds&gad_source=1&gad_campaignid=20364729041&gclid=Cj0KCQjw_L_FBhDmARIsAItqgt7JooK_h3r3WV71ZhFrd1sLYs37zStHh82luRz-F5FFl4g6ayCN7K4aAm3_EALw_wcB
166,0,16488.0,2015,,75611.0,4,Crystal Black Pearl,Gas,EX-L 4dr Sedan w/Navigation (2.4L 4cyl CVT),https://www.edmunds.com/honda/accord/2015/vin/1HGCR2F84FA028822/?radius=200
167,0,11996.0,2014,,107729.0,4,Basque Red Pearl II,2.4L I4 DOHC i-VTEC 16V,"Basic Info  Exterior: Basque Red Pearl II Drivetrain: FWD Interior: Ivory Transmission: CVT Engine: 2.4L I4 DOHC i-VTEC 16V Fuel Efficiency: 26 CITY / 34 HWY Mileage: 107,729",https://www.cochransubaru.com/inventory/1HGCR2F53EA062884/?store=1CSUBM003&sd_campaign=00-SUB-NA_CNS_InMarket_New_VLA_PMAX_VLA%20New&sd_digadprov=dealerinspire&sd_channel=vehiclelisting&sd_campaign_type=google&sd_program=tier3&sd_adid=&sd_digadcid=21077359841&sd_adgroup=00-SUB-NA_CNS_InMarket_New_VLA_PMAX_VLA%20New&sd_keyword=&cars_ad_id=&cars_channel=vehiclelisting&cars_platform_account_id=4435164374&cars_platform=google&cars_fuel_id=6328&gaw_ad_group_id=&gaw_campaign_id=21077359841&gad_source=1&gad_campaignid=21080552824&gbraid=0AAAAAqq-jcXe7TFGvIxjd318_zVH4mhPa&gclid=Cj0KCQjw_L_FBhDmARIsAItqgt46onRgB6l4n3CWKVN049Q8HKofpnp7PmRBs8TIfwhH3Wcl7fX6ziAaAnZqEALw_wcB
168,0,20590.0,2015,"Bridgeville, PA",50052.0,4,black,"4-Cyl, i-VTEC, 2.4 Liter","It has leather leather-trimmed seat, and there was no reported accident",https://www.carvana.com/vehicle/3844541?refSource=srp
169,0,11995.0,2015,,116652.0,4,White Orchid Pearl,Gas,Sport 4dr Sedan (2.4L 4cyl CVT),https://www.edmunds.com/honda/accord/2015/vin/1HGCR2F5XFA052614/?radius=200
170,0,20990.0,2014,"Raleigh, NC",30754.0,4,red,"V6, i-VTEC, 3.5 Liter","It has hands-free calling fuction, and the annual mileage is less than 9000",https://www.carvana.com/vehicle/3754593?refSource=srp
171,0,16454.0,2017,,109817.0,4,Not Available,4 Cyl - 2 L,"Vehicle Information VIN: JHMCR6F75HC005472 Stock #: 13T4776A Model Code: CR6F7HKNW  BODY STYLE 4D Sedan EXTERIOR COLOR Not Available INTERIOR COLOR Other  MILEAGE 109,817 Fuel Economy COMBINED/CITY/HIGHWAY 48/49/47 MPG  ENGINE 4 Cyl - 2 L  TRANSMISSION eCVT / Front Wheel Drive  FUEL TYPE Hybrid",https://www.jimshorkeytoyota.com/used-Pittsburgh-2017-Honda-Accord-Touring-JHMCR6F75HC005472?store=11389933&gad_source=1&gad_campaignid=21868750306&gbraid=0AAAAA-YNkmE-JzqK0XyYTLNI1PmjK3p12&gclid=Cj0KCQjw_L_FBhDmARIsAItqgt5X4-27EK9fVL3_g78fElyHlRV6tgku0EXxRYl_c7J-Ztu62PPPqiEaAiaPEALw_wcB
172,0,27699.0,2022,"Cranberry Twp, PA",11258.0,4,Radiant Red,Gas,"1.5L I-4 gasoline direct injection, DOHC, i-VTEC variable valve engine",https://www.cars.com/vehicledetail/1193f600-e421-4afd-8df2-e9bdfba6900a/
173,0,17244.0,2020,"Ramsey, NJ",95789.0,4,Black,4 Cyl,Exterior Color  Black  Interior Color  Black  Engine  4 Cyl  Fuel Type  Gas  Transmission  Automatic  Drive Type  FWD  Body  4 door Sedan  MPG  29 City / 35 Hwy  VIN  1HGCV1F34LA057632,https://www.driveway.com/shop/vehicle/81939456?utm_source=google&utm_medium=cpc&utm_campaign=us_merkle_unitedstates_ppc_none_shopusedplay_vla_northeast_15-30k&utm_term=&gad_source=1&gad_campaignid=20776469008&gclid=Cj0KCQjw_L_FBhDmARIsAItqgt5xOLtKbTdwa8nXvVKQx3nrJ4ekEfEJUSVcftPTcBkV7Yqp_2ZD16gaAqGPEALw_wcB
174,0,10398.0,2016,"McMurray, PA",163745.0,4,Black,Gas,"2.4L I-4 gasoline direct injection, DOHC, i-VTEC variable valve engine",https://www.cars.com/vehicledetail/d35d4ad9-bd90-4f94-8714-50a26885b32b/
175,0,11900.0,2016,"Meadville, PA ",130153.0,4,Red,4 Cyl,"2016 HONDA ACCORD LX, Will be AUL CERTIFIED and includes a 3mth/3,000 mile warranty. For sale at KitesCars. CALL FOR AVAILABILITY, WILL BE INSPECTED AND DETAILED BEFORE PURCHASE, We strive to provide the best pre-owned vehicles we can. Our vehicles go through four inspections before the customer purchases it. We have multiple financing options for good and bad credit. We also have an alternative to buy here pay here financing that reports to your credit and includes a 2yr/24,000 mile warranty and GAP in the financing. We always encourage after market warranties as we cannot predict what a vehicle will do once leaving the lot, but, we do try to eliminate the risk by providing a 3 month/3,000 mile warranty on all purchases. All trades accepted. Down payment and terms will vary.",https://www.carfax.com/vehicle/1HGCR2F3XGA223040?store=5M0ZWAS001&partner=VLA_C&gclsrc=aw.ds&gad_source=1&gad_campaignid=20364729041&gclid=Cj0KCQjw_L_FBhDmARIsAItqgt4gw0BkDpCCYTsZc8qeZCZahQRolSDutsvmDA56gWRYD_LaYXkCv8gaAlN4EALw_wcB
176,0,7199.0,2010,"Pittsburgh, PA",183000.0,4,Black,Gas,2.4L I4 engine,https://www.cars.com/vehicledetail/b594da8c-bd82-447c-97d3-fc8fd9d0dd81/
177,0,20990.0,2018,"Canonsburg, PA",60092.0,4,Champagne Frost Pearl,Gas,"2L I-4 gasoline direct injection, DOHC, VTEC variable valve cont engine",https://www.cars.com/vehicledetail/9c898970-1fe0-4de1-97b4-1e90224aba22/
178,0,22790.0,2024,,15590.0,4,Platinum White Pearl,"1.5L I-4 gasoline direct injection, DOHC, i-VTEC variable valve",2024 Honda Accord LX 1.5T,https://www.cars.com/vehicledetail/1453375d-a028-46e2-8467-0c8049b8fc37/?attribution_type=se_rp
179,0,24409.0,2024,,8910.0,4,White,Electric,"Recent Arrival! CARFAX One-Owner. Clean CARFAX.  ANDROID AUTO & APPLE CARPLAY, REARVIEW CAMERA/BACK UP CAMERA, CRUISE CONTROL, BLUETOOTH/BLUETOOTH AUDIO STREAMING/BLUETOOTH HANDS-FREE PHONE SYSTEM, STEERING WHEEL AUDIO CONTROLS, POWER WINDOWS & LOCKS, We make every effort to provide accurate information,, but please verify options before purchasing., Alloy wheels, Automatic temperature control, Brake assist, Electronic Stability Control, Exterior Parking Camera Rear, Front anti-roll bar, Front dual zone A/C, Heated front seats, Lane departure: Lane Keeping Assist System (LKAS) active, Navigation System, Power driver seat, Rear Parking Sensors, Steering wheel mounted audio controls, Traction control.  YOU ALWAYS GET YOUR WAY AT OURISMAN EVERYDAY! Over 100 years of trusted tradition - Est. 1921.  Snowfall Pearl 2024 Honda Prologue EX FWD 1-Speed Automatic Electric ZEV 212hp 4D Sport Utility 107/91 City/Highway MPG   We make every effort to provide accurate information, but please verify options and price before purchasing. All vehicles are subject to prior sale and financing is subject to approved credit. Processing charge of $800.00(not required by law), Tax, Tag/Title, License, Registration, Electronic Filing Fee, Optional Equipment, and any finance charges are not included on quoted price.",https://www.carfax.com/vehicle/3GPKHURM6RS527589
180,0,26790.0,2024,"Near Durham, NC",12720.0,4,Black,Electric,"2024 Honda Prologue Touring Raven Black Electric ZEV 212hp 1-Speed Automatic CARFAX One-Owner. Clean CARFAX.   12 Speakers, 19"" x 8.5"" Alloy Wheels, 4-Wheel Disc Brakes, ABS brakes, Air Conditioning, Alloy wheels, AM/FM radio: SiriusXM, Apple CarPlay/Android Auto, Auto High-beam Headlights, Auto-dimming Rear-View mirror, Automatic temperature control, Axle Ratio: TBD, Bose Premium Audio System, Brake assist, Bumpers: body-color, Compass, Delay-off headlights, Driver door bin, Driver vanity mirror, Dual front impact airbags, Dual front side impact airbags, Electronic Stability Control, Emergency communication system: HondaLink connected by OnStar, Exterior Parking Camera Rear, Four wheel independent suspension, Front anti-roll bar, Front Bucket Seats, Front Center Armrest, Front dual zone A/C, Front fog lights, Front reading lights, Fully automatic headlights, Garage door transmitter: HomeLink, Heated door mirrors, Heated Front Bucket Seats, Heated front seats, Illuminated entry, Knee airbag, Lane departure: Lane Keeping Assist System (LKAS) active, Leather Seat Trim, Leather steering wheel, Low tire pressure warning, Memory seat, Navigation System, Occupant sensing airbag, Outside temperature display, Overhead airbag, Overhead console, Panic alarm, Passenger door bin, Passenger vanity mirror, Power door mirrors, Power driver seat, Power Liftgate, Power moonroof, Power passenger seat, Power steering, Power windows, Rear anti-roll bar, Rear reading lights, Rear seat center armrest, Rear window defroster, Rear window wiper, Remote keyless entry, Speed control, Split folding rear seat, Spoiler, Steering wheel mounted audio controls, Telescoping steering wheel, Tilt steering wheel, Traction control, Trip computer, Turn signal indicator mirrors, and Variably intermittent wipers.  107/91 City/Highway MPG",https://www.carfax.com/vehicle/3GPKHWRM4RS501987
181,0,30997.0,2024,"Auburn, MA ",14006.0,4,Radiant Red Metallic,4 cyl,"CARFAX One-Owner. *LundgrenCars exclusive 6 month 6000 mile warranty*. Originally purchased and serviced right here at Lundgren Honda! Buy now and save thousands over new! Please call 1 508-832-6200 today to schedule your test drive. *The Lundgren Advantage – Experience it! Lundgren Honda of Auburn is a Family owned and operated business since 1964. * All Brand New Vehicles purchased from Lundgren Honda of Auburn come with a 7 year – 100,000 mile power train warranty. * Our philosophy is to use market-based pricing. * We like to make sure our customers get all the information they need to make an informed buying decision WE PROUDLY SERVE AUBURN, MILLBURY, SHREWSBURY, WORCESTER, CHARLTON, DUDLEY, SOUTHBRIDGE, SPENCER, WHITINSVILLE, WEBSTER, SUTTON, DOUGLAS, RUTLAND, WESTBOROUGH, NORTH GRAFTON, UXBRIDGE, HOLDEN, OXFORD, NORTHBOROUGH, NORTH GROSVENORDALE, MILFORD, PUTNAM, SOUTH GRAFTON, CHERRY VALLEY, W BROOKFIELD, PASCOAG, FISKDALE, STERLING, FITCHBURG, BOYLSTON, NORTH OXFORD.",https://www.truecar.com/used-cars-for-sale/listing/1HGCY2F74RA013509/2024-honda-accord/?position=0&returnTo=%2Fused-cars-for-sale%2Flistings%2Fhonda%2Faccord%2Flocation-pittsburgh-pa%2F&sourceType=marketplace&sponsored=true&zipcode=15237
182,0,11550.0,2014,"Wexford, PA",130135.0,4,black,3.5L V-6 Gas,"Exterior color Gray Interior color Black Mileage 130,135 miles MPG 21 city / 32 highway Transmission Automatic Drivetrain FWD Engine 3.5L V-6 Gas Fuel type Gas",https://www.truecar.com/used-cars-for-sale/listing/1HGCT2B82EA008218/2014-honda-accord/?position=5&returnTo=%2Fused-cars-for-sale%2Flistings%2Fhonda%2Faccord%2Flocation-pittsburgh-pa%2F&sourceType=marketplace
183,0,18250.0,2017,"Kansas City, KS",79671.0,4,Black,4 Cyl 2.0 L,"Used 2017 Honda Accord Touring with Front-Wheel Drive, Navigation System, Keyless Entry, Fog Lights, Leather Seats, Heated Seats, Bucket Seats, Alloy Wheels, Led Lights, Lane Departure Warning, and Heated Mirrors",https://www.carfax.com/vehicle/JHMCR6F71HC026948
184,0,21500.0,2022,"Kansas City, MO",100332.0,4,Silver,4 Cyl 2.0 L,"Used 2022 Honda Accord EXL with Front-Wheel Drive, Navigation System, Keyless Entry, Fog Lights, Leather Seats, Heated Seats, Blind Spot Monitor, Alloy Wheels, 17 Inch Wheels, Lane Departure Warning, and Heated Mirrors",https://www.carfax.com/vehicle/1HGCV3F56NA000283
185,0,8500.0,2015,"Mission, KS",203245.0,4,White,4 Cyl 2.4 L,"Used 2015 Honda Accord Sport with Front-Wheel Drive, Fog Lights, Tinted Windows, Folding Mirrors, Dual Exhaust, 18 Inch Wheels, Paddle Shifter, Satellite Radio, Front Bench Seat, Cloth Seats, and USB Audio Interface",https://www.carfax.com/vehicle/1HGCR2F53FA129176
186,0,31000.0,2024,"Kansas City, KS",13781.0,4,Black,4 Cyl 2.0 L,"Used 2024 Honda Accord Sport-L with Front-Wheel Drive, Keyless Entry, Leather Seats, Heated Seats, Bucket Seats, Blind Spot Monitor, 19 Inch Wheels, Alloy Wheels, Led Lights, Lane Departure Warning, and Honda Sensing",https://www.carfax.com/vehicle/1HGCY2F79RA076069
188,0,9977.0,2011,"Independence, MO",117897.0,4,Silver,6 Cyl 3.5 L,"Used 2011 Honda Accord EXL with Front-Wheel Drive, Leather Seats, Heated Seats, Subwoofer, Ambient Lighting, Dual Exhaust, 17 Inch Wheels, Heated Mirrors, Satellite Radio, Seat Memory, and Premium Sound System",https://www.carfax.com/vehicle/1HGCP3F87BA023166
189,0,4958.0,2008,Not provided,193779.0,2, Belize Blue Pearl Exterior,2.4L 4-Cylinder Gas Engine,Well Maintained 2008 Honda Accord EX Coupe 2.4 FWD Blue 5-Speed Automatic with Overdrive 2.4L I4 DOHC i-VTEC 16V.,https://www.autotrader.com/cars-for-sale/vehicle/1hgcs12798a004126?LNX=SPGOOGLE&city=Pittsburgh&dealerId=74714147&gad_campaignid=21788687889&gad_source=1&gbraid=0AAAAADwKGc7o9bJMxBF_j1O78lTdXuL_e&gclid=Cj0KCQjw_L_FBhDmARIsAItqgt4lcbvKPRq9aNM1VzZV4Jg_5iWGHNrhpZ5KlOx5ohSiwgcwIJmjnA8aAmuFEALw_wcB&gclsrc=aw.ds&state=PA&utm_campaign=at_na_na_national_evergreen_roi_na_na&utm_content=feed_na_na_na_na_ATPSEM000000592_na&utm_medium=sem_listings-vla_perf&utm_source=GOOGLE&zip=15201
190,0,26500.0,2024,"Kansas City, KS",30031.0,4,Gray,4 Cyl 1.5 L,"Used 2024 Honda Accord EX with Front-Wheel Drive, Keyless Entry, Heated Seats, Bucket Seats, Blind Spot Monitor, Alloy Wheels, Led Lights, 17 Inch Wheels, Lane Departure Warning, Honda Sensing, and Keyless Ignition",https://www.carfax.com/vehicle/1HGCY1F32RA000359
191,0,11000.0,2014,"Kansas City, KS",152674.0,4,Gray,4 Cyl 2.4 L,"Used 2014 Honda Accord Sport with Front-Wheel Drive, Keyless Entry, Fog Lights, Leather Seats, Bucket Seats, Alloy Wheels, Cloth Seats, Rear Bench Seat, and Compact Spare Tire",https://www.carfax.com/vehicle/1HGCR2F54EA254539
192,0,8495.0,2010,"Euclid, OH",75762.0,4,White,177 hp 2.4L I4,"It is a 2010 HONDA ACCORD LAX 4CYL, and is 809$ below market average. It is a real second-hand car and has no reported accidents.",https://www.cargurus.com/Cars/listing/424932887?sourceContext=google&cgfv=0.28&cgfr=4&cgfab=Q&ax8324=503&px8324=p2&dnetworktype=r&cgfdate=2025828&cgfloc=en&type=&kw=&matchtype=&ad=&placement=&device=c&devicemodel=&adposition=&cp=20489805974&adg=&fi=&tid=&lc=9005925&lm=&tgt=&aceid=&cgsp=sp443847&gad_source=1&gad_campaignid=20489804105&gbraid=0AAAAAD9Jm5Z5JFphievJuci3gQzXJea2G&gclid=Cj0KCQjw_L_FBhDmARIsAItqgt5TsKjEAY_gSKAlpI9WXp72VcvzABSRnt78q5LiDPVJYiOHayKSVBsaAuc6EALw_wcB#/
193,0,9999.0,2016,"Leavenworth, KS",152746.0,4,Red,4 Cyl 2.4 L,"Used 2016 Honda Accord LX with Front-Wheel Drive, Keyless Entry, Folding Mirrors, Satellite Radio, Steel Wheels, USB Audio Interface, Independent Suspension, Rear Bench Seat, Front Stabilizer Bar, and Compact Spare Tire",https://www.carfax.com/vehicle/1HGCR2F30GA135646
194,0,7000.0,2014,"Clinton Twp, MI ",195693.0,4,Black,278 hp 3.5L V6,"It is a 2014 Honda Accord EX-L V6, which has 3 owners before and 3 reported accidents. All safety airbags are intact.",https://www.cargurus.com/Cars/inventorylisting/vdp.action?listingId=413107172&entitySelectingHelper.selectedEntity=d585&zip=44123&pid=directVDPSimilarListing#listing=413107172
195,0,6995.0,2012,"Kansas City, MO",155114.0,4,Blue,4 Cyl 2.4 L," Used 2012 Honda Accord LX with Front-Wheel Drive, Keyless Entry, Steel Wheels, Independent Suspension, Rear Bench Seat, Front Stabilizer Bar, and Compact Spare Tire",https://www.carfax.com/vehicle/1HGCP2F37CA073422
196,0,6995.0,2014,"Kansas City, MO",179909.0,2,Black,4 Cyl 2.4 L,"Used 2014 Honda Accord LXS with Front-Wheel Drive, Keyless Entry, Folding Mirrors, Paddle Shifter, Led Lights, Satellite Radio, Black Grille, USB Audio Interface, Independent Suspension, Rear Bench Seat, and Front Stabilizer Bar",https://www.carfax.com/vehicle/1HGCT1B3XEA001192
197,0,5499.0,2012,"Geneva, OH",159936.0,4,Grey,177 hp 2.4L I4,"It is a 2012 Honda Accord LX, which has only 2 previous owner and no reported accidents. It is 2,094$ below market price.",https://www.cargurus.com/Cars/inventorylisting/vdp.action?listingId=420693333&entitySelectingHelper.selectedEntity=d585&zip=44123&pid=directVDPSimilarListing#listing=420693333
198,0,21449.0,2023,"Parma, OH",50217.0,4,Platinum White Pearl,192 hp 1.5L I4,"It is a 2023 Honda Accord EX FWD, which is real second-hand and clean. It has no reported accidents. It is $2,611 below market price.",https://www.cargurus.com/Cars/inventorylisting/vdp.action?listingId=421286254&entitySelectingHelper.selectedEntity=d585&zip=44123&pid=directVDPSimilarListing#listing=421286254
199,0,8499.0,2015,"Geneva, OH",123308.0,4,Black,185 hp 2.4L I4,"It is a 2015 Honda Accord LX, which has 2 previous owners and no reported accidents. It is $3,105 below market price.",https://www.cargurus.com/Cars/inventorylisting/vdp.action?listingId=424992362&entitySelectingHelper.selectedEntity=d585&zip=44123&pid=directVDPSimilarListing#listing=424992362
200,0,14982.0,2018,"Cleveland, OH",124865.0,4,Blue,192 hp 1.5L I4,It is a 2018 Honda Accord 1.5T LX FWD. It has 2 previous owners and does not have reported accidents. It is $266 below market price.,https://www.cargurus.com/Cars/inventorylisting/vdp.action?listingId=419554906&entitySelectingHelper.selectedEntity=d585&zip=44123&pid=directVDPSimilarListing#listing=419554906
201,2,24926.0,2022,"Cleveland, OH ",39387.0,4,Lunar Silver Metallic,192 hp 1.5L I4,"It is a 2022 Honda Accord Sport Special Edition FWD, which is real second-hand and has no reported accidents. It is clean and is $593 below market price.",https://www.cargurus.com/Cars/inventorylisting/vdp.action?listingId=417581687&entitySelectingHelper.selectedEntity=d585&zip=44123&pid=directVDPSimilarListing#listing=417581687
202,0,22278.0,2022,"Cleveland Heights, OH",67704.0,4,Platinum White Pearl,192 hp 1.5L I4,"It is a 2022 Honda Accord Sport Special Edition FWD. It is second-hand, and has one reported accident. It is the special sports edition and is $997 below market price.",https://www.cargurus.com/Cars/inventorylisting/vdp.action?listingId=421774398&entitySelectingHelper.selectedEntity=d585&zip=44123&pid=directVDPSimilarListing#listing=421774398
203,0,21759.0,2022,"Hoover, AL",121634.0,4,Platinum White Pearl,Intercooled Turbo Regular Unleaded I-4 2.0 L/122,This vehicle is available for transfer from another Hendrick Automotive Group dealership. All vehicles may not be physically located at this dealership but may be available for delivery through this location. Transportation charges may apply. Please contact the dealership for more specific information. All vehicles are subject to prior sale. Pricing may not include dealer installed accessories or upfits.,https://www.charlestonhonda.com/inventory/used-2022-honda-accord-sport-fwd-sedan-1hgcv2f3xna000120/
204,0,22360.0,2022,"Charleston, SC",90229.0,4,Lunar Silver Metallic,Intercooled Turbo Regular Unleaded I-4 1.5 L/91,This vehicle is available for transfer from another Hendrick Automotive Group dealership. All vehicles may not be physically located at this dealership but may be available for delivery through this location. Transportation charges may apply. Please contact the dealership for more specific information. All vehicles are subject to prior sale. Pricing may not include dealer installed accessories or upfits.,https://www.charlestonhonda.com/inventory/used-2022-honda-accord-sport-se-fwd-sedan-1hgcv1f41na079549/
205,0,23577.0,2024,"McKinney, TX",19168.0,4,Solar Silver Metallic,Intercooled Turbo Regular Unleaded I-4 1.5 L/91,This vehicle is available for transfer from another Hendrick Automotive Group dealership. All vehicles may not be physically located at this dealership but may be available for delivery through this location. Transportation charges may apply. Please contact the dealership for more specific information. All vehicles are subject to prior sale. Pricing may not include dealer installed accessories or upfits.,https://www.charlestonhonda.com/inventory/used-2024-honda-accord-lx-fwd-sedan-1hgcy1f23ra050274/
206,0,23995.0,2022," Duluth, GA",55162.0,4,Platinum White Pearl, Intercooled Turbo Regular Unleaded I-4 1.5 L/91,,https://www.charlestonhonda.com/inventory/certified-used-2022-honda-accord-lx-1-5t-cvt-fwd-sedan-1hgcv1f14na014734/
207,0,24282.0,2022,"Concord, NC",69001.0,4,Still Night Pearl, Intercooled Turbo Regular Unleaded I-4 1.5 L/91,This vehicle is available for transfer from another Hendrick Automotive Group dealership. All vehicles may not be physically located at this dealership but may be available for delivery through this location. Transportation charges may apply. Please contact the dealership for more specific information. All vehicles are subject to prior sale. Pricing may not include dealer installed accessories or upfits.,https://www.charlestonhonda.com/inventory/certified-used-2022-honda-accord-sport-fwd-sedan-1hgcv1f39na005027/
208,0,24965.0,2022,"Murrieta, CA",39132.0,4,Platinum White Pearl, Intercooled Turbo Regular Unleaded I-4 1.5 L/91,This vehicle is available for transfer from another Hendrick Automotive Group dealership. All vehicles may not be physically located at this dealership but may be available for delivery through this location. Transportation charges may apply. Please contact the dealership for more specific information. All vehicles are subject to prior sale. Pricing may not include dealer installed accessories or upfits.,https://www.charlestonhonda.com/inventory/used-2022-honda-accord-sport-fwd-sedan-1hgcv1f3xna050137/
209,0,25118.0,2024,"Charlotte, NC",16674.0,4,Meteorite Gray Metallic,Intercooled Turbo Regular Unleaded I-4 1.5 L/91,This vehicle is available for transfer from another Hendrick Automotive Group dealership. All vehicles may not be physically located at this dealership but may be available for delivery through this location. Transportation charges may apply. Please contact the dealership for more specific information. All vehicles are subject to prior sale. Pricing may not include dealer installed accessories or upfits.,https://www.charlestonhonda.com/inventory/certified-used-2024-honda-accord-lx-fwd-sedan-1hgcy1f29ra072246/
210,0,25231.0,2024,"Naples, FL",15997.0,4,Canyon River Blue Metallic, Intercooled Turbo Regular Unleaded I-4 1.5 L/91,This vehicle is available for transfer from another Hendrick Automotive Group dealership. All vehicles may not be physically located at this dealership but may be available for delivery through this location. Transportation charges may apply. Please contact the dealership for more specific information. All vehicles are subject to prior sale. Pricing may not include dealer installed accessories or upfits.,https://www.charlestonhonda.com/inventory/used-2024-honda-accord-ex-fwd-sedan-1hgcy1f30ra024238/
211,0,25600.0,2024,"Greensboro, NC",6533.0,4,Solar Silver Metallic,Intercooled Turbo Regular Unleaded I-4 1.5 L/91,This vehicle is available for transfer from another Hendrick Automotive Group dealership. All vehicles may not be physically located at this dealership but may be available for delivery through this location. Transportation charges may apply. Please contact the dealership for more specific information. All vehicles are subject to prior sale. Pricing may not include dealer installed accessories or upfits.,https://www.charlestonhonda.com/inventory/used-2024-honda-accord-lx-fwd-sedan-1hgcy1f28ra082380/
212,0,25634.0,2024,"Greenville, NC",21237.0,4,Platinum White Pearl,1.5L 4 Cylinder Engine,This vehicle is available for transfer from another Hendrick Automotive Group dealership. All vehicles may not be physically located at this dealership but may be available for delivery through this location. Transportation charges may apply. Please contact the dealership for more specific information. All vehicles are subject to prior sale. Pricing may not include dealer installed accessories or upfits.,https://www.charlestonhonda.com/inventory/certified-used-2024-honda-accord-lx-fwd-sedan-1hgcy1f23ra032079/
213,0,24745.0,2022,"Wexford, PA",55717.0,4,Lunar Silver Metallic,1.5L 4 Cylinder Engine,"Baierl Honda is very proud to offer this good-looking 2022 Honda Accord in Lunar Silver Metallic. This vehicle has been inspected by our award winning service team and comes with the following features; Honda True Certified, Accord Sport Special Edition, 4D Sedan, 1.5T I4 DOHC 16V Turbocharged VTEC, CVT, FWD, Black Leather.",https://www.baierlhonda.com/certified/Honda/2022-Honda-Accord-cb827bc5ac183d5c6d318c5bc97e58f3.htm
214,0,32999.0,2024,"Tempe, AZ",15659.0,4,Platinum White Pearl,2.0L 16V DOHC,"*Moonroof, *LEATHER, * NAVIGATION, ACCIDENT FREE CARFAX REPORT, ** 1 OWNER CARFAX REPORT **, *Honda CERTIFIED, *2 SETS OF KEYS, *ALL BOOKS AND RECORDS, 2.0L 16V DOHC. Certified. CARFAX One-Owner. Odometer is 1214 miles below market average! Tempe Honda Difference: Hassle Free Experience**Best in Market pricing** 24 hour Roadside Assistance** Wide Range of Credit Options Available** CarFax on every vehicle** 3 Day Exchange Program** Experienced Sales Team!",https://www.tempehonda.com/inventory/certified-used-2024-honda-accord-hybrid-touring-fwd-4d-sedan-1hgcy2f87ra062888/
215,0,28999.0,2018,"Tempe, AZ",15004.0,4,White Orchid Pearl,2.0L 4-Cylinder DOHC 16V i-VTEC,"ACCIDENT FREE CARFAX REPORT, ** 1 OWNER CARFAX REPORT **, *Honda CERTIFIED, *LOCAL TRADE, *LOW LOW MILES, 2.0L 4-Cylinder DOHC 16V i-VTEC. Certified. Tempe Honda Difference: Hassle Free Experience**Best in Market pricing** 24 hour Roadside Assistance** Wide Range of Credit Options Available** CarFax on every vehicle** 3 Day Exchange Program** Experienced Sales Team!",https://www.tempehonda.com/inventory/certified-used-2018-honda-accord-hybrid-touring-fwd-4d-sedan-1hgcv3f91ja002407/
216,0,29064.0,2025,"Wikes-Barre, PA",0.0,4,Platinum White Pearl,I-4 cyl,,https://www.motorworldgrouphonda.com/new/Honda/2025-Honda-Accord-0c7bfe7aac181057d5161c98ff1e3f47.htm
217,0,29995.0,2023,"Kansas City, MO",51641.0,4,Crystal Black Pearl,Gas/Electric I-4 2.0 L/122,"Used 2023 Honda Accord Hybrid Touring for sale in Kansas City, MO New Price! **HONDA CERTIFIED**, **KANSAS CITY #1 CERTIFIED HONDA DEALERSHIP**, One Owner**, Low Miles**, Accident Free Carfax History Report**. Clean CARFAX. CARFAX One-Owner.  Certified Pre-owned Hondas provide the additional assurance of a manufacturer backed additional warranty coverage (12 months/12K miles limited warranty and 7 year/100K mile powertrain limited warranty. HondaTrue Certified Details:  * Warranty Deductible: $0 * Vehicles purchased within New Vehicle Limited Warranty period: extends New Vehicle Limited Warranty to 5 years*/60,000 miles*. Honda Care Roadside Assistance for 2 year/100,000 miles (whichever occurs first^#41;. Up to two complimentary oil changes within the first year of ownership. SiriusXM 90-Day Trial. * Vehicle History * Roadside Assistance * Powertrain Limited Warranty: 84 Month/100,000 Mile (whichever comes first^#41; from original in-service date * Transferable Warranty * 182 Point Inspection * Limited Warranty: 24 Month/100,000 Mile (whichever comes first^#41; after new car warranty expires or from certified purchase date   Jay Wolfe Honda is the #1 volume Certified Pre-owned dealer in the Kansas City metro area. Big selection and pricing that is determined by competitive analysis each and every day. No haggle necessary. Each vehicle is reconditioned and detailed to meet the high standards of Honda Certification. No additional charge for certification. Call 816-307-2640 for more information or to set an appointment. **HONDA CERTIFIED**, **KANSAS CITY #1 CERTIFIED HONDA DEALERSHIP**, One Owner**, Low Miles**, Accident Free Carfax History Report**. Clean CARFAX. CARFAX One-Owner.Certified Pre-owned Hondas provide the additional assurance of a manufacturer backed additional warranty coverage (12 months/12K miles limited warranty and 7 year/100K mile powertrain limited warranty. HondaTrue Certified Details:* Vehicles purchased within New Vehicle Limited Warranty period: extends New Vehicle Limited Warranty to 5 years*/60,000 miles*. Honda Care Roadside Assistance for 2 year/100,000 miles (whichever occurs first). Up to two complimentary oil changes within the first year of ownership. SiriusXM 90-Day Trial.* 182 Point Inspection* Transferable Warranty* Powertrain Limited Warranty: 84 Month/100,000 Mile (whichever comes first) from original in-service date* Vehicle History* Roadside Assistance* Limited Warranty: 24 Month/100,000 Mile (whichever comes first) after new car warranty expires or from certified purchase date* Warranty Deductible: $0Jay Wolfe Honda is the #1 volume Certified Pre-owned dealer in the Kansas City metro area. Big selection and pricing that is determined by competitive analysis each and every day. No haggle necessary. Each vehicle is reconditioned and detailed to meet the high standards of Honda Certification. No additional charge for certification. Call 816-307-2640 for more information or to set an appointment.",https://www.jaywolfe.com/inventory/used-2023-honda-accord-hybrid-touring-1hgcy2f81pa020696-in-kansas-missouri
218,0,16459.0,2019,"Elizabethtown, KY",137016.0,4,Lunar Silver Metallic,Gas/Electric I-4 2.0 L/122,"2019 Honda Accord Hybrid EX-L    Stock #: 7174 | VIN: 1HGCV3F53KA016520 | Mileage: 137,016 Exterior Color: Lunar Silver Metallic | Interior Color: Black  Price: $$16,459  Special offers: Ask about our exclusive Specials available today!     VEHICLE HIGHLIGHTS     Experience seamless efficiency and elegance with the 2019 Honda Accord Hybrid EX-L, boasting a stunning Lunar Silver Metallic exterior. Its sophisticated interior in sleek black provides unparalleled comfort for every journey. Powered by a responsive 4-cylinder engine, this sedan perfectly harmonizes performance with eco-friendly technology.   Why Buy From Hardin County Honda?  As a family-owned dealership serving Elizabethtown and surrounding communities for over 40 years, we pride ourselves on building lasting relationships with our customers. Our commitment to transparency means no hidden fees or surprises-just honest, personalized service tailored to your needs. Our knowledgeable staff is here to guide you through every step of your automotive journey with care and expertise.  Location & Hours  Hardin County Honda 5608 N Dixie Hwy, Elizabethtown, KY 42701  Monday - Friday: 9:00 AM - 7:00 PM Saturday - 9:00 AM - 6:00PM  Sales: (270) 600-2483",https://www.hardincountyhonda.com/viewdetails/used/1hgcv3f53ka016520/2019-honda-accord-hybrid-sedan?type=cash
219,0,24999.0,2021,"Lebanon, PA",31373.0,4,Lunar Silver Metallic,Intercooled Turbo Regular Unleaded I-4 1.5 L/91,"Certified.  Silver 2021 Honda Accord Sport FWD CVT 1.5T I4 DOHC 16V Turbocharged VTEC Black Cloth, Adaptive Cruise Control: Adaptive Cruise Control (ACC) with Low-Speed Follow, Apple CarPlay/Android Auto, Cloth Seat Trim, Exterior Parking Camera Rear, Forward collision: Collision Mitigation Braking System (CMBS) + FCW mitigation, Front Bucket Seats, Leather Shift Knob, Leather steering wheel, Power driver seat, Remote keyless entry.  Recent Arrival! 29/35 City/Highway MPG  HondaTrue Certified Details:  * Powertrain Limited Warranty: 84 Month/100,000 Mile (whichever comes first) from original in-service date * Vehicles purchased within New Vehicle Limited Warranty period: extends New Vehicle Limited Warranty to 5 years*/60,000 miles*. Honda Care Roadside Assistance for 2 year/100,000 miles (whichever occurs first). Up to two complimentary oil changes within the first year of ownership. SiriusXM 90-Day Trial. * Vehicle History * Roadside Assistance * Transferable Warranty * Warranty Deductible: $0 * Limited Warranty: 24 Month/100,000 Mile (whichever comes first) after new car warranty expires or from certified purchase date * 182 Point Inspection   CALL 717-273-7611 TO SCHEDULE YOUR TEST DRIVE TODAY!",https://www.bennetthondaoflebanon.com/inventory/certified-used-2021-honda-accord-sedan-1-5t-sport-fwd-4dr-car-1hgcv1f31ma018272/
220,0,26135.0,2022,"Lakewood, NJ",58842.0,4,Sonic Gray Pearl,2.0L I4,"Explore our meticulously curated Certified Pre-Owned vehicle, where your peace of mind is our number one priority. When you’re behind the wheel of one of our Certified Pre-Owned vehicles, you're not just driving a car — you're driving a Pine Belt car, family-owned and operated since 1937! This vehicle has been put through our rigorous Pre-Owned checklist by our factory-trained expert technicians, guaranteeing both your satisfaction and the quality of your vehicle.  CLEAN VEHICLE HISTORY...NO ACCIDENTS, SERVICE RECORDS AVAILABLE, *LIFETIME ENGINE WARRANTY WITH PURCHASE*, Black w/Perforated Leather Seat Trim, Adaptive Cruise Control: Adaptive Cruise Control (ACC) with Low-Speed Follow, AM/FM radio: SiriusXM, Apple CarPlay/Android Auto, Automatic temperature control, Blind Spot Information (BSI) System warning, Electronic Stability Control, Emergency communication system: HondaLink, Exterior Parking Camera Rear, Forward collision: Collision Mitigation Braking System (CMBS) + FCW mitigation, Front dual zone A/C, Front fog lights, Fully automatic headlights, Heads-Up Display, Heated & Ventilated Front Bucket Seats, Heated door mirrors, Lane Departure Warning System, Navigation system: Honda Satellite-Linked Navigation System, Perforated Leather Seat Trim, Power driver seat, Power moonroof, Radio: 450-Watt AM/FM/HD Premium Audio System, Remote keyless entry, Variably intermittent wipers. Gray 2022 Honda Accord Touring 2.0T  Pine Belt Enterprises, Inc. Proudly offers you the highest quality vehicles that represent the best value ANYWHERE, comprehensive warranty options, financing from multiple banks and sources, free Carfax reports, and will even bring any one of our vehicles to you for a test drive.",https://www.pinebeltcars.com/inventory/certified-used-2022-honda-accord-touring-2-0t-fwd-sedan-1hgcv2f93na002800/?utm_source=chatgpt.com
221,0,28344.0,2024,"Clovis, CA",11884.0,4,Radiant Red Metallic,2.0L 4cyl gas/electric hybrid EVT,,https://www.edmunds.com/honda/accord/2024/vin/1HGCY2F5XRA051826/?national=true&radius=6000
222,0,23395.0,2020,"Pittsburgh, PA",78788.0,4,Platinum White Pearl,"1.5L I-4 gasoline direct injection, DOHC, i-VTEC variable valve",,https://www.cars.com/vehicledetail/48b7276a-0880-411b-b7ba-cb9ec9716c28/
223,1,6500.0,2008,"York, PA",121923.0,4,Black,4 cyl,One-owner certified,https://www.carfax.com/vehicle/1HGCP26718A005238
224,0,10199.0,2008,"Madison, TN",89608.0,4,Black,"6 cyl, 3.5L",Accord EX-L V6,https://www.cargurus.com/Cars/l-Used-2008-Honda-Accord-EX-L-V6-t32103#listing=421154011/NONE/DEFAULT
225,0,23595.0,2023,"Lauderdale, Florida",58202.0,4,White,"4 cyl, 2.0L",2023 Accord Sport,rd&itmmeta=01K3XPHE1ZFR6X05MSESN1K7F1&hash=item57aa056932:g:GXQAAeSwFtFofndI&itmprp=enc%3AAQAKAAAA8FkggFvd1GGDu0w3yXCmi1cn0hbvxrMnaDGQgs3%2BjrHqM6IORyVpM9jcvdegmWfHwdMZ9vmyKwqnWbYRhSraX5gqqjMC%2BHXnqtLC%2FejK5Fy2s5qpD3XXIc1tkbCCcn9xAEV6TW1yALx2KqowQZhurH%2F0Oa4wvzfh%2BQKty84nzA3h%2BxjF8zqaP5gBu5n08eiLN7B05rmFyFnuDxavaH%2B9JBL6yuHorUU6V0D%2BPriONXECazcvoMcwlfto4MDXxLFSApGCnFd7%2BWhqKp1mFHlOY%2BKK7pbrZYgmExgHn63a4ppMpoKAH3nb8xjOzW2UKneGag%3D%3D%7Ctkp%3ABk9SR-LhxbafZg&pfm=0
226,0,17500.0,2018,"Lynnwood, WA",66336.0,2,Blue,4 cyl,LX-P (Coupe),https://www.carfax.com/vehicle/2HGFC4B07JH308769
227,1,18700.0,2022,"Oak Lawn, IL",25350.0,4,Black,"4 cyl, 1.5L",Sport Trim,https://www.ebay.com/itm/197620556175?_skw=Honda+Accord&itmmeta=01K3XS1PFZ410Z8QQHC0RXQ4SR&hash=item2e031a618f:g:POkAAeSwKO9oeCpe&itmprp=enc%3AAQAKAAAA8FkggFvd1GGDu0w3yXCmi1fr11%2F1pDxO5Tscowe1h9a%2F6%2BZA8riiMq8hhXdg8701HocBKVYDeHcSMLdi4azIQlBRxTT--htBU%2B1zE%2BBb00Co%2BB3NoZNk3Ko%2BVfDeHeL%2BHJN1oBi9krMgtYVyuEfl8HXKy%2FHm3oCn6mGlQuGdbd1PO6XzpD9yop%2Fthok3JAG6b%2BkeTaNYJRvDSVNkyCLB8sPMQETKj2p%2Fn2yJMzfUDg7pwx9aFYnnS36H%2BWq7ks%2FKoFUY4VKYE%2FB%2FZUPy076EtNGhH5NB8BCiW75qqvfR0oeEuQdiBoxmP1KtnQb8LYm%2BnQ%3D%3D%7Ctkp%3ABk9SR9rohrmfZg&pfm=0
228,1,1750.0,2012,"Orange, California",199683.0,2,Black,"4 cyl, 2.4L",Coupe,https://www.ebay.com/itm/306470508775?_skw=Honda+Accord&itmmeta=01K3XS1PFZPCQ1DVMTV93033TT&hash=item475b10d8e7:g:DMIAAeSwyOhor1Nf&itmprp=enc%3AAQAKAAAA8FkggFvd1GGDu0w3yXCmi1ejyG5SA6IKfxpEOpI6EGt5SdOxVfQocoP%2Fb8kUQUsZ%2FYQz%2BCwE39CpFEBfu5wf4oKL0bV1VO0%2F7DIGbxR3X9DegiarHs9bMjhHBa--8T5e%2FcdjdjeIH4Wr%2F5e9UNE%2FDtQ4pQ0U%2FKJFl6iWa52VTVOZM52oerS%2FwTDCIYLvSfxG1N6d4FLNH0ylSSJQxxs0eeTFvHo0k52K3o1I8sHHZCEzSqmTCSZuReOVaSO%2BXD4sJZM%2B6GYFjeywt4FcY%2F9m0Fe9n77gVn7GmSvV935vXDW%2BxLU%2FqseT7Ask88KQFR6Fzg%3D%3D%7Ctkp%3ABk9SR9rohrmfZg&pfm=0
229,0,0.0,2010,"Augusta, GA",0.0,4,Grey,"4 cyl, 2.4L",Total Loss,https://www.salvagereseller.com/cars-for-sale/keywords/honda_accord
230,0,15991.0,2018,"Indianapolis, IN",184370.0,4,Black,"4 cyl, 2.0L",Touring Trim,https://www.cars.com/vehicledetail/f19d884c-3fe6-4242-bbe6-3e0d20042611/
231,0,12988.0,2019,"Indianapolis, IN",171668.0,4,Blue,"4cyl, 1.5L",Accord EX,https://www.cars.com/vehicledetail/42b70b76-b67b-42ca-995a-1b5f8485689e/
232,0,40450.0,2025,Atlanta,0.0,4,METEORITE GRAY,2.0-liter four-cylinder hybrid,ACCORD HYBRID HYB TOURING,https://www.edvoyleshonda.com/vehicle/A0941719000600000/2025--Honda--Accord_Hybrid------Marietta--GA/
233,0,36090.0,2025,Atlanta,0.0,4,Canyon River Blue Metallic,4 Cylinders,ACCORD HYBRID HYB EX-L,https://www.edvoyleshonda.com/vehicle/1HGCY2F64SA066790/2025--Honda--Accord_Hybrid--Sedan_Hybrid----Marietta--GA/
234,0,36090.0,2025,Atlanta,0.0,4,Meteorite Gray Metallic,4 Cylinders,ACCORD HYBRID HYB EX-L,https://www.edvoyleshonda.com/vehicle/1HGCY2F62SA027230/2025--Honda--Accord_Hybrid--Sedan_Hybrid----Marietta--GA/
235,0,35360.0,2025,Atlanta,0.0,4,Platinum White Pearl,4 Cylinders,ACCORD HYBRID HYB SPORT,https://www.edvoyleshonda.com/vehicle/1HGCY2F55SA047270/2025--Honda--Accord_Hybrid--Sedan_Hybrid----Marietta--GA/
236,0,32765.0,2025,Atlanta,0.0,4,Urban Gray Pearl,4 Cylinders,ACCORD 1.5T SE,https://www.edvoyleshonda.com/vehicle/1HGCY1F43SA047575/2025--Honda--Accord_Sedan--Sedan----Marietta--GA/
237,1,11995.0,2013,Atlanta,131388.0,2,Gray,4 Cyl,"This isn't just any car, it's a 2013 Grey Honda Accord EX-L. The name synonymous with reliability, longevity, and a driving experience that's smooth as silk. ✔ Vehicle History Available ✔ ✔ A/c and Heater Working Great✔ ✔ Two Keys ✔ ✔ Clean Title ✔ ✔ No Dealer Fees Ever ✔ ✔ Emissions Completed ✔ ✔ Everything Works ✔ ✔Maintenance Completed - ($900 In Value)✔ -- Front Ceramic Brake Pads-- --Front Rotors-- --Rear Ceramic Brake Pads-- --Rear Rotors-- --Air Filter-- --Oil Filter-- --Cabin Filter-- --Oil Change-- Honda: reliability, safety, and style, all rolled into one. The EX-L trim means you're getting premium leather seats, a sunroof, and a top-of-the-line sound system. It's been meticulously cared for and is ready to provide years of dependable service. Ready to trade up? Don't miss your chance to own this exceptional vehicle. Come down today⚡️ Spark Motors ⚡️for a test drive and experience the Honda Accord difference. Buckle up, it’s going to be an exciting ride! 🚗💨 #car #cars #usedcars #usedcarsGA #usedcarsatl #carsforsale #carsale #usedcarsgrayson #usedcarslawrenceville #usedcarsloganville #usedcardealer #cardealer #nissan #graysonga #grayson #lawrenceville #lawrencevillega #suwanee #loganville #dacula #duluth #snellville #stonemountain #lithonia #marietta #smyrna #norcross #tucker #peachtree #lilburn #atlanta #atlantacars #atlcars #atlantausedcars #usedcarsatlanta #graysonusedcars #lawrencevillecars #lawrencevilleusedcars #chamblee",https://www.carfax.com/vehicle/1HGCT1B81DA021342
238,1,12497.0,2016,Atlanta,90446.0,2,RED,4 Cyl,"San Marino Red exterior on Black interior Right side and back up side camera Two front LCD monitors Auto theft deterrent Speed sensitive variable intermittent wipers Fixed rear window defroster Request the vehicle window sticker to view further detailed information, including factory-installed options. Contact us for availability and to schedule your test drive Click HERE for a quick interior/exterior video of the vehicle Review the vehicle video click on the YouTube link above to view or copy and paste the URL into your browser. Feel free to contact us for additional photos or video's. We can also Facetime or WhatsApp Video message our customer to get a more detailed and in-depth look at the vehicle. Nationwide shipping available we can deliver your vehicle to you, no matter where you are in the country! Extended warranties available for purchase, with financing options available and affordable monthly payments. Ask us for more details. Price does not include dealer-installed accessories, taxes, title, license, or dealer documentation fees.",https://www.carfax.com/vehicle/1HGCT1B73GA008720
239,1,29519.0,2024,Atlanta,41210.0,4,Silver,4 Cyl,"#1 PRICE IN ATLANTA!! HondaTrue CERTIFIED!! Receive a LIFETIME Limited Powertrain Warranty - FREE OF CHARGE!! CARFAX One-Owner. Clean CARFAX. Solar Silver Metallic 2024 Honda Accord Hybrid Sport-L FWD eCVT LIFETIME POWERTRAIN WARRANTY, REMAINDER OF FACTORY WARRANTY, BLUETOOTH MP3, BACKUP CAMERA, BLINDSPOT, SUNROOF MOONROOF, REMOTE KEYLESS ENTRY, REMOTE START, HEATED SEATS, CLEAN CARFAX HISTORY, 2.0L 16V DOHC, 8 Speakers, ABS brakes, Adaptive Cruise Control: Adaptive Cruise Control (ACC) with Low-Speed Follow, Alloy wheels, AM/FM radio, Apple CarPlay/Android Auto, Auto High-beam Headlights, Automatic temperature control, Blind Spot Information (BSI) System warning, Brake assist, Compass, Delay-off headlights, Dual front impact airbags, Dual front side impact airbags, Electronic Stability Control, Exterior Parking Camera Rear, Front dual zone A/C, Fully automatic headlights, Heated Front Bucket Seats, Heated front seats, Knee airbag, Lane departure: Lane Keeping Assist System (LKAS) active, Leather-Trimmed Seat Trim, Memory seat, Outside temperature display, Overhead airbag, Panic alarm, Power door mirrors, Power driver seat, Power moonroof, Power passenger seat, Radio data system, Radio: 180-Watt Audio System, Remote keyless entry, Steering wheel mounted audio controls.  Recent Arrival! 46/41 City/Highway MPG  Certification Program Details: * Vehicles purchased within New Vehicle Limited Warranty period: extends New Vehicle Limited Warranty to 5 years*/100,000 miles* (whichever comes first) from original in-service date. * Powertrain Limited Warranty: 84 Month/100,000 Mile (whichever comes first) from original in-service date. * Limited Warranty: 24 Month/100,000 Mile (whichever comes first) after new car warranty expires or from certified purchase date. * Honda Care Motor Club Partner for 1 year/12,000 miles. Up to two complimentary oil changes within the first year of ownership. ..* SiriusXM 90-Day Trial * Roadside Assistance * Transferable Warranty * Vehicle History * 182 Point Inspection * Warranty Deductible: $0 Our vehicles are value priced and move quickly. Be sure to call us to confirm availability and to schedule a hassle free test drive! We are located at: 11085 Alpharetta Highway, Roswell, GA 30076. *Although every reasonable effort has been made to ensure the accuracy of the information contained on this site, absolute accuracy cannot be guaranteed. This site, and all information and materials appearing on it, are presented to the user ""as is"" without warranty of any kind, either express or implied. All vehicles are subject to prior sale. Price does not include applicable tax, title, license, processing and/or documentation fees, Warranty Rights Act fee and destination charges, vehicle price may not include Dealer installed equipment, and Reconditioning/Repair Charges. **Exclusive Limited Lifetime Non-Manufacturer's Powertrain Warranty available on New and Certified Pre-Owned Honda vehicles. See dealer for full details. Non-Transferable. Covered anywhere in the Continental United States.",https://www.carfax.com/vehicle/1HGCY2F78RA020494
240,2,10695.0,2012,Atlanta,104329.0,4,White,4 Cyl,2012 HONDA ACCORD (SPECIAL EDITION) 3 OWNERS/CLEAN CAR FAX ALLOY WHEELS/LEATHER /HEATED & POWERED SEATS/AUX/USBAM/RADIO W BACK UP CAMERA/ETC ANOTHER QUALITY PRE-OWNED VEHICLE FROM MSINCO'S AUTO BROKER The front windshield is in excellent condition. The paint is in great shape and condition. No dings are visible on this vehicle. The tires are slightly worn with about 75% of tread life left. The interior is clean and in good condition. The exterior is clean and in good condition. The engine is functioning properly and has no issues. This vehicle has no previous collision damage. The transmission shifts very smoothly. The brakes are in great condition. The battery is in good condition. The car was previously owned by a non smoker. A mini spare tire is included with this vehicle. This vehicle does not come with a spare key. This vehicle had a few previous owners.,https://www.carfax.com/vehicle/1HGCP2F6XCA004296
241,1,27600.0,2024,Atlanta,35948.0,4,BLUE,4 Cyl,"Certified. CARFAX One-Owner. Clean CARFAX. 46/41 City/Highway MPG   2.0L 16V DOHC eCVT FWD  HondaTrue Certified Details:  * Roadside Assistance * Transferable Warranty * Vehicle History * 182 Point Inspection * Warranty Deductible: $0 * Vehicles purchased within New Vehicle Limited Warranty period: extends New Vehicle Limited Warranty to 5 years*/60,000 miles*. Honda Care Roadside Assistance for 2 year/100,000 miles (whichever occurs first). Up to two complimentary oil changes within the first year of ownership. SiriusXM 90-Day Trial. * Powertrain Limited Warranty: 84 Month/100,000 Mile (whichever comes first) from original in-service date * Limited Warranty: 24 Month/100,000 Mile (whichever comes first) after new car warranty expires or from certified purchase date",https://www.carfax.com/vehicle/1HGCY2F51RA001204
242,0,22999.0,2022,"Monroeville, PA",25724.0,4,Radiant Red Metallic,1.5L I4 16V GDI DOHC Turbo engine,"COCHRAN 201 POINT C1 CERTIFIED PRE-OWNED WARRANTY, BLUETOOTH, REAR VISION CAMERA, LOW MILES, AUTOMATIC TRANSMISSION, COCHRAN CERTIFIED, LOCAL TRADE, MUST SEE, CALL FOR DETAILS, LUXURY FEATURES, POWER DRIVER'S SEAT. Priced below KBB Fair Purchase Price! Odometer is 3736 miles below market average! 29/35 City/Highway MPG For Additional Information & Photos: Please Call 1-877-304-9607 or Click: www.cochran.com/C1-Certified-Vehicles. Certification Program Details: TEST. Plus, with #1 Cochran's Market Based Pricing you can feel confident that you are receiving the Best Price and Value available to You! #1 Cochran has been providing the Tri-State area with excellent sales and service experiences for 50 Years. STOP! Buy Today! Let YOUR #1 Cochran experience begin!",https://www.cars.com/vehicledetail/bd595eda-0c18-4614-b045-d48e1f3f8f6d/
243,0,7495.0,2012,"Verona, PA",134029.0,4,Silver,177 hp 2.4L I4,"Additional Information 4-Cyl VTEC 2.4 Liter,Steel Wheels,AM/FM Stereo,CD/MP3 (Single Disc),FWD,Power Door Locks,Power Steering,Power Windows,Traction Control,F&R Head Curtain Air Bags,Keyless Entry,Dual Air Bags,Air Conditioning,Daytime Running Lights,Side Air Bags,Automatic 5-Spd,Tilt & Telescoping Wheel,Cruise Control,ABS (4-Wheel),Stability Control",https://www.cargurus.com/Cars/inventorylisting/viewDetailsFilterViewInventoryListing.action?sourceContext=carGurusHomePageModel&entitySelectingHelper.selectedEntity=d585&zip=15206#listing=424497580/FEATURED/DEFAULT
244,0,6995.0,2011,"Weirton, WV",152087.0,4,Gray,177 hp 2.4L I4,"Dealer's description for 2011 Honda Accord  Additional Information Door Handle Color - Body-Color, Front Bumper Color - Body-Color, Mirror Color - Body-Color, Rear Bumper Color - Body-Color, Window Trim - Chrome, Air Filtration, Floor Mat Material - Carpet, Floor Material - Carpet, Floor Mats - Front, Front Air Conditioning, Front Air Conditioning Zones - Single, Floor Mats - Rear, Armrests - Rear Center Folding With Pass-Thru, Assist Handle - Front, Center Console - Front Console With Armrest And Storage, Cruise Control, Cupholders - Front, Cupholders - Rear, Multi-Function Remote - Keyless Entry, Multi-Function Remote - Trunk Release, Power Outlet(S) - Two 12v, Power Steering, Steering Wheel - Tilt And Telescopic, Steering Wheel Mounted Controls - Audio, Storage - Door Pockets, Storage - Front Seatback, Storage - Sunglasses Holder, Vanity Mirrors - Dual Illuminating, Multi-Function Remote - Panic Alarm, Overhead Console - Front, Steering Wheel Mounted Controls - Cruise Control, Cargo Area Light, Reading Lights - Front, Abs - 4-Wheel, Axle Ratio - 4.44, Braking Assist, Electronic Brakeforce Distribution, Front Brake Diameter - 11.1, Front Stabilizer Bar, Front Suspension Classification - Independent, Power Brakes, Rear Brake Diameter - 11.1, Rear Stabilizer Bar, Rear Suspension Classification - Independent, Rear Suspension Type - Multi-Link, Stability Control, Traction Control, Front Shock Type - Gas, Front Spring Type - Coil, Rear Shock Type - Gas, Rear Spring Type - Coil, Front Struts, Front Brake Type - Ventilated Disc, Front Suspension Type - Double Wishbone, Rear Brake Type - Disc, Antenna Type - Element, Auxiliary Audio Input - Jack, Clock, Digital Odometer, In-Dash Cd - Single Disc, Radio - Am/Fm, Radio Data System, Speed Sensitive Volume Control, Trip Odometer, Warnings And Reminders - Low Fuel Level, Warnings And Reminders - Low Oil Level, Watts - 160, In-Dash Cd - Mp3 Playback, Total Speakers - 6, Gauge - Tachometer, Warnings And Reminders - Maintenance Due, Daytime Running Lights, Headlights - Auto Off, Headlights - Halogen, Tire Pressure Monitoring System, Wheel Covers - Full, Spare Tire Mount Location - Inside, Spare Tire Size - Temporary, Spare Wheel Type - Steel, Tire Type - All Season, Wheels - Steel, Front Wipers - Variable Intermittent, Window Defogger - Rear, Power Windows - Remotely Operated, Active Head Restraints - Dual Front, Child Seat Anchors - Latch System, Crumple Zones - Front, Emergency Interior Trunk Release, Front Airbags - Dual, Power Door Locks, Side Airbags - Front, Side Curtain Airbags - Front, Side Curtain Airbags - Rear, Airbag Deactivation - Occupant Sensing Passenger, Side Mirror Adjustments - Power, Child Safety Door Locks, Anti-Theft System - Vehicle Immobilizer, Emergency Locking Retractors - Front, Front Seat Type - Bucket, Front Seatbelts - 3-Point, Seatbelt Pretensioners - Front, Upholstery - Cloth, Driver Seat Manual Adjustments, Front Headrests - 2, Front Headrests - Adjustable, Passenger Seat Manual Adjustments, Rear Headrests - 3, Rear Headrests - Adjustable, Rear Seat Type - Bench, Rear Seatbelts - 3-Point, Rear Seat Folding - Split, Emergency Locking Retractors - Rear, Driver Seat Manual Adjustments - Height",https://www.cargurus.com/Cars/inventorylisting/viewDetailsFilterViewInventoryListing.action?sourceContext=carGurusHomePageModel&entitySelectingHelper.selectedEntity=d585&zip=15206#listing=419738371/NONE/DEFAULT
245,0,12980.0,2008,"Price includes $1,485 delivery to Pittsburgh, PA",78334.0,4,White,268 hp 3.5L V6,"Dealer's description for 2008 Honda Accord  2008 HONDA ACCORD EX-L SEDAN 4D REFINED RELIABILITY, COMFORT FEATURES, AND FUEL-EFFICIENT PERFORMANCE THE 2008 HONDA ACCORD EX-L AUTOMATIC SEDAN OFFERS A PERFECT BLEND OF REFINEMENT, LONG-LASTING DEPENDABILITY, AND COMFORT. AS THE TOP-TRIM MODEL, THE EX-L COMES LOADED WITH PREMIUM FEATURES, MAKING IT AN IDEAL CHOICE FOR DAILY COMMUTERS, FAMILIES, OR ANYONE SEEKING A WELL-ROUNDED MID-SIZE SEDAN. THIS MODEL IS POWERED BY A 2.4L 4-CYLINDER ENGINE PRODUCING 190 HORSEPOWER (V6 AVAILABLE ON OTHER TRIMS), PAIRED TO A 5-SPEED AUTOMATIC TRANSMISSION FOR A SMOOTH AND EFFICIENT DRIVING EXPERIENCE. FEATURES AND SPECIFICATIONS: ENGINE: 2.4L 4-CYLINDER (190 HP, 162 LB-FT TORQUE) TRANSMISSION: 5-SPEED AUTOMATIC DRIVETRAIN: FRONT-WHEEL DRIVE FUEL ECONOMY: APPROX. 21 MPG CITY / 31 MPG HIGHWAY INTERIOR: LEATHER-TRIMMED SEATS, HEATED FRONT SEATS, POWER DRIVER SEAT, DUAL-ZONE AUTOMATIC CLIMATE CONTROL, SUNROOF INFOTAINMENT: AM/FM/CD/MP3, 6-SPEAKER SOUND SYSTEM, AUX INPUT, XM RADIO (AVAILABLE) SAFETY FEATURES: FRONT AND SIDE AIRBAGS, CURTAIN AIRBAGS, ABS, TRACTION CONTROL, ACTIVE FRONT HEAD RESTRAINTS EXTERIOR: 17-INCH ALLOY WHEELS, CHROME EXHAUST FINISHER, FOG LIGHTS, BODY-COLORED SIDE MIRRORS AND DOOR HANDLES THE 2008 HONDA ACCORD EX-L SEDAN OFFERS A BALANCE OF STYLE, SAFETY, AND DURABILITY THAT CONTINUES TO MAKE IT ONE OF THE MOST TRUSTED SEDANS ON THE ROAD. BY APPOINTMENT ONLY PRICING AND FEE INFORMATION: ALL ADVERTISED PRICES EXCLUDE GOVERNMENT FEES AND TAXES, FINANCE CHARGES, DEALER DOCUMENT PREPARATION CHARGES, AND EMISSION TESTING CHARGES. ADDITIONAL FEES MAY INCLUDE OPTIONAL CREDIT INSURANCE, PHYSICAL DAMAGE OR LIABILITY INSURANCE, AND DEALER OR DELIVERY FEES. ALL FEES ARE NON-NEGOTIABLE AND SUBJECT TO PRIOR SALE. PRICES ARE SUBJECT TO QUALIFICATION CRITERIA AND MAY BE CONTINGENT UPON FINANCE APPROVAL. ADDITIONAL CHARGES: OUR PREPARATION AND DOCUMENTATION FEE IS $655.00. E-FILING FEE IS $145.00. THE LISTED VEHICLE PRICE DOES NOT INCLUDE CHARGES SUCH AS TITLE, REGISTRATION FEES, OR STATE AND LOCAL TAXES. FINANCING BANKING LENDING FEES VARY STARTING AT $799 AND ARE BASED ON YOUR CREDIT.  Additional Information Door Handle Color - Chrome, Exhaust Tip Color - Chrome, Front Bumper Color - Body-Color, Mirror Color - Body-Color, Rear Bumper Color - Body-Color, Window Trim - Chrome, Steering Ratio - 13.1, Turns Lock-To-Lock - 2.6, Air Filtration, Armrests - Rear Center Folding With Pass-Thru, Floor Material - Carpet, Floor Mats - Front, Floor Mats - Rear, Front Air Conditioning - Automatic Climate Control, Front Air Conditioning Zones - Dual, Steering Wheel Trim - Leather, Assist Handle - Front, Cargo Area Light, Center Console - Front Console With Armrest And Storage, Cruise Control, Cupholders - Front, Cupholders - Rear, Multi-Function Remote - Keyless Entry, Multi-Function Remote - Trunk Release, One-Touch Windows - 2, Power Outlet(S) - Two 12v, Power Steering, Reading Lights - Front, Rearview Mirror - Auto-Dimming, Steering Wheel - Tilt And Telescopic, Steering Wheel Mounted Controls - Audio, Steering Wheel Mounted Controls - Cruise Control, Storage - Door Pockets, Storage - Seatback, Universal Remote Transmitter - Homelink - Garage Door Opener, Vanity Mirrors - Dual Illuminating, Front Brake Type - Ventilated Disc, Front Shock Type - Gas, Front Spring Type - Coil, Front Struts, Front Suspension Type - Double Wishbone, Rear Brake Type - Disc, Rear Shock Type - Gas, Rear Spring Type - Coil, Abs - 4-Wheel, Axle Ratio - 4.31, Braking Assist, Electronic Brakeforce Distribution, Front Brake Diameter - 11.8, Front Stabilizer Bar - Diameter 27 Mm, Front Suspension Classification - Independent, Power Brakes, Rear Brake Diameter - 11.1, Rear Stabilizer Bar - Diameter 14 Mm, Rear Suspension Classification - Independent, Rear Suspension Type - Multi-Link, Stability Control, Traction Control, Cylinder Deactivation, Gauge - Tachometer, In-Dash Cd - Mp3 Playback, Navigation System - Voice Operated, Total Speakers - 6, Warnings And Reminders - Maintenance Due, Wireless Data Link - Bluetooth, Auxiliary Audio Input - Jack, Clock, Compass, Digital Odometer, External Temperature Display, In-Dash Cd - 6 Disc, Radio - Am/Fm, Radio Data System, Satellite Radio - Siriusxm, Speed Sensitive Volume Control, Subwoofer - 1, Trip Odometer, Warnings And Reminders - Low Fuel Level, Watts - 270, Daytime Running Lights, Front Fog Lights, Headlights - Auto On/Off, Headlights - Halogen, Spare Tire Mount Location - Inside, Spare Tire Size - Temporary, Spare Wheel Type - Steel, Tire Type - All Season, Wheels - Aluminum Alloy, Tire Pressure Monitoring System, Moonroof / Sunroof - One-Touch Open/Close, Moonroof / Sunroof - Power Glass, Moonroof / Sunroof - Tilt, Power Windows - Remotely Operated, Window Defogger - Rear, Front Wipers - Variable Intermittent, Active Head Restraints - Dual Front, Airbag Deactivation - Occupant Sensing Passenger, Anti-Theft System - Alarm, Anti-Theft System - Vehicle Immobilizer, Child Safety Door Locks, Child Seat Anchors - Latch System, Crumple Zones - Front, Emergency Interior Trunk Release, Front Airbags - Dual, Power Door Locks, Side Airbags - Front, Side Curtain Airbags - Front, Side Curtain Airbags - Rear, Side Mirror Adjustments - Power, Side Mirrors - Heated, Driver Seat - Heated, Driver Seat Power Adjustments - 8, Driver Seat Power Adjustments - Lumbar, Emergency Locking Retractors - Front, Emergency Locking Retractors - Rear, Front Headrests - 2, Front Seat Type - Bucket, Front Seatbelts - 3-Point, Passenger Seat - Heated, Passenger Seat Power Adjustments - 4, Rear Seat Folding - Split, Rear Seat Type - Bench, Rear Seatbelts - 3-Point, Seatbelt Pretensioners - Front, Upholstery - Leather",https://www.cargurus.com/Cars/inventorylisting/viewDetailsFilterViewInventoryListing.action?sourceContext=carGurusHomePageModel&entitySelectingHelper.selectedEntity=d585&zip=15206#listing=423230512/NONE/NATIONWIDE_SHIPPING
246,0,10847.0,2008,"Price includes $870 delivery to Pittsburgh, PA",82625.0,4,Gray, 177 hp 2.4L I4,"Dealer's description for 2008 Honda Accord  2008 Honda Accord LX 4dr Sedan 5A Features: 1-OWNER Mechanical 2.4L I4 engine 5-speed automatic transmission Front-wheel drive Power-assisted rack-and-pinion steering Front and rear stabilizer bars Independent double-wishbone front suspension Independent multi-link rear suspension Exterior 16-inch steel wheels with covers All-season tires Multi-reflector halogen headlights Variable intermittent windshield wipers Remote trunk release Power side mirrors Interior Cloth upholstery Manual air conditioning Power windows with drivers one-touch auto-down Power door locks Cruise control Tilt and telescopic steering wheel AM/FM stereo with CD/MP3 player and 6 speakers Auxiliary audio input jack Folding rear seatback Center console with storage Dual front and rear cup holders Safety Anti-lock braking system (ABS) with electronic brake distribution (EBD) Vehicle Stability Assist (VSA) with traction control Dual-stage front airbags Front side-impact airbags Side curtain airbags for front and rear passengers Tire pressure monitoring system (TPMS) Daytime running lights Child-proof rear door locks LATCH system for child seats Discover a Wide Selection of Vehicles at Your Choice Autos! At Your Choice Autos, we pride ourselves on offering a diverse range of vehicles at truly affordable prices. Explore our latest inventory and schedule a test drive today! Looking to sell your car? Bring it to us and receive cash on the spot. Have Questions? We are here to assist! Connect with us via FaceTime or WhatsApp video for any vehicle-related inquiries. Contact us during business hours for prompt assistance. Joliet Vehicle Location: Your Choice Auto Sales (Joliet Lot) 1506 W Jefferson St. Joliet, IL 60435 Ph: 815-725-0850 Web: www.yourchoiceautos.com  Additional Information Front Bumper Color - Body-Color, Mirror Color - Body-Color, Rear Bumper Color - Body-Color, Window Trim - Chrome, Steering Ratio - 13.1, Turns Lock-To-Lock - 2.6, Air Filtration, Armrests - Rear Center Folding With Pass-Thru, Floor Material - Carpet, Floor Mats - Front, Floor Mats - Rear, Front Air Conditioning, Front Air Conditioning Zones - Single, Assist Handle - Front, Cargo Area Light, Center Console - Front Console With Armrest And Storage, Cruise Control, Cupholders - Front, Cupholders - Rear, Multi-Function Remote - Keyless Entry, Multi-Function Remote - Trunk Release, Power Outlet(S) - Two 12v, Power Steering, Reading Lights - Front, Steering Wheel - Tilt And Telescopic, Steering Wheel Mounted Controls - Audio, Steering Wheel Mounted Controls - Cruise Control, Storage - Door Pockets, Storage - Seatback, Vanity Mirrors - Dual Illuminating, Front Brake Type - Ventilated Disc, Front Shock Type - Gas, Front Spring Type - Coil, Front Struts, Front Suspension Type - Double Wishbone, Rear Brake Type - Disc, Rear Shock Type - Gas, Rear Spring Type - Coil, Abs - 4-Wheel, Axle Ratio - 4.44, Braking Assist, Electronic Brakeforce Distribution, Front Brake Diameter - 11.1, Front Stabilizer Bar - Diameter 27 Mm, Front Suspension Classification - Independent, Power Brakes, Rear Brake Diameter - 11.1, Rear Stabilizer Bar - Diameter 13 Mm, Rear Suspension Classification - Independent, Rear Suspension Type - Multi-Link, Stability Control, Traction Control, Gauge - Tachometer, In-Dash Cd - Mp3 Playback, Total Speakers - 6, Warnings And Reminders - Maintenance Due, Auxiliary Audio Input - Jack, Clock, Digital Odometer, In-Dash Cd - Single Disc, Radio - Am/Fm, Radio Data System, Speed Sensitive Volume Control, Trip Odometer, Warnings And Reminders - Low Fuel Level, Watts - 160, Daytime Running Lights, Headlights - Auto Off, Headlights - Halogen, Spare Tire Mount Location - Inside, Spare Tire Size - Temporary, Spare Wheel Type - Steel, Tire Type - All Season, Wheels - Steel, Tire Pressure Monitoring System, Wheel Covers - Full, Power Windows - Remotely Operated, Window Defogger - Rear, Front Wipers - Variable Intermittent, Active Head Restraints - Dual Front, Airbag Deactivation - Occupant Sensing Passenger, Anti-Theft System - Alarm, Anti-Theft System - Vehicle Immobilizer, Child Safety Door Locks, Child Seat Anchors - Latch System, Crumple Zones - Front, Emergency Interior Trunk Release, Front Airbags - Dual, Power Door Locks, Side Airbags - Front, Side Curtain Airbags - Front, Side Curtain Airbags - Rear, Side Mirror Adjustments - Power, Driver Seat Manual Adjustments - Height, Emergency Locking Retractors - Front, Emergency Locking Retractors - Rear, Front Headrests - 2, Front Seat Type - Bucket, Front Seatbelts - 3-Point, Rear Seat Folding - Split, Rear Seat Type - Bench, Rear Seatbelts - 3-Point, Seatbelt Pretensioners - Front, Upholstery - Cloth",https://www.cargurus.com/Cars/inventorylisting/viewDetailsFilterViewInventoryListing.action?sourceContext=carGurusHomePageModel&entitySelectingHelper.selectedEntity=d585&zip=15206#listing=425267970/NONE/NATIONWIDE_SHIPPING
247,0,8900.0,2008," Free Delivery to Pittsburgh, PA",145000.0,4,Gray,177 hp 2.4L I4,"Dealer's description for 2008 Honda Accord  Get ready to rev up the fun factor in this sleek 2008 Gray Honda Accord Sdn! Buckle up and experience the power of the 2.4L DOHC MPFI 16-valve i-VTEC I4 engine as you cruise down the road with the wind in your hair thanks to the 1-touch pwr moonroof. The 5-speed manual transmission adds an extra element of excitement to your drive while the Active Noise Cancellation ensures a smooth and peaceful ride. This Accord is not just about performance - it also boasts a comfortable interior with cloth front bucket seats and blue ambient console lighting. Safety features include dual-stage front airbags side curtain airbags and Vehicle Stability Assist (VSA) to keep you secure on the road. Plus with the availability of a Carfax report you can have peace of mind knowing the history of this reliable ride. Hop in and let the adventure begin in this feature-packed Honda Accord!FREE VEHICLE DELIVERY WITH-IN 300 MILES!!!! CALL/EMAIL FOR DETAILS... Welcome to Jackson Auto Company! We offer late model vehicles at competitive prices we hand pick all of our vehicles and stand behind everything we sell. At Jackson Auto Co. we offer free carfax extended warranties and gap insurance. Jackson Auto Co. has financing for all sorts of credit including bankruptcy divorce and first time buyers. For customers with excellent credit we have multiple sources to find you the lowest interest rate and best term available. Here at Jackson Auto Company we not only want to sell you a great car but we want your family members co-workers and friends to buy from us also we pride ourselves in excellent customer service! Stop by give us a shot if you don't see what your looking for let us know we will find that perfect car for you and your family. Experience the Difference at Jackson Auto Co.! Visit Jackson Auto Co online at www.jacksonautoco.com to see more pictures of this vehicle or call us at 517-796-8000 today to schedule your test drive.  Additional Information 2.4L DOHC MPFI 16-valve i-VTEC I4 engine,Drive-by-wire throttle,Direct ignition system,5-speed manual transmission,Front wheel drive,Double wishbone front suspension,Independent multi-link rear suspension,Front & rear stabilizer bars,Front shock tower bar,Variable pwr rack & pinion steering,Pwr ventilated front/solid rear disc brakes,Chrome exhaust finisher,Active noise cancellation,P225/50VR17 all-season tires,Compact spare tire,1-touch pwr moonroof w/tilt, manual sunshade,Body-colored impact absorbing bumpers,Multi-reflector halogen headlamps w/auto-off,Body-colored heated pwr mirrors,Chrome window trim,Variable intermittent windshield wipers,Body-colored door handles,Cloth front bucket seats-inc: 8-way pwr driver seat, driver pwr lumbar support,Driver & front passenger active head restraints,Center console w/sliding armrest, storage compartments,Blue ambient console lighting,Tilt & telescopic steering column,Instrumentation-inc: backlit gauges, tachometer, digital odometer, (2) digital trip meters,Warning lights-inc: door & trunk open, fuel, coolant temp, low oil pressure, low brake fluid, Vehicle Stability Assist (VSA) on, passenger-side airbag shut-off,Maintenance Minder system,Tire pressure monitoring system,Remote fuel filler door release,Security system,Immobilizer theft-deterrent system,160-watt AM/FM stereo w/6-disc in-dash CD changer-inc: (6) speakers, subwoofer, radio data system, MP3/WMA playback, auxiliary input jack, speed-sensitive volume control,Integrated rear window antenna,Air conditioning w/air filtration system,Rear window defroster,Illuminated lockable glove box,Front & rear beverage holders,Coin box,(2) 12V pwr outlets,Side door pockets,Sunglasses holder,Dual illuminated visor vanity mirrors,Map lights,Cargo area light,Premium interior accents,Dual front seatback pockets,Dual-stage, dual-threshold front airbags,Dual-chamber front side airbags w/passenger-side occupant position detection system,Side curtain airbags, front & rear,3-point seat belts in all seating positions-inc: front automatic tensioning system, front adjustable seat belt anchors,Child-proof rear door locks,Outboard lower anchors & tethers for children (LATCH),Rear center child seat tether anchor,Emergency trunk release,Side-impact door beams",https://www.cargurus.com/Cars/inventorylisting/viewDetailsFilterViewInventoryListing.action?sourceContext=carGurusHomePageModel&entitySelectingHelper.selectedEntity=d585&zip=15206#listing=424541629/NONE/NATIONWIDE_SHIPPING
248,0,16755.0,2016,"Price includes $766 delivery to Pittsburgh, PA",120671.0,4,,185 hp 2.4L I4,"Dealer's description for 2016 Honda Accord  Additional Information Adaptive Cruise Control, Alloy Wheels, Backup Camera, Bluetooth, Heated Seats, Leather Seats, Multi Zone Climate Control, Navigation System, Power Mirror Package, Remote Start, Sunroof/Moonroof",https://www.cargurus.com/Cars/inventorylisting/viewDetailsFilterViewInventoryListing.action?sourceContext=carGurusHomePageModel&entitySelectingHelper.selectedEntity=d585&zip=15206#listing=424730336/NONE/NATIONWIDE_SHIPPING
249,0,11602.0,2012,"Price includes $1,295 delivery to Pittsburgh, PA",112195.0,4,White,177 hp 2.4L I4,"Dealer's description for 2012 Honda Accord  Hop into this sleek 2012 Honda Accord and feel the power at your fingertips as you cruise down the street. The white exterior gleams in the sunlight turning heads as you zoom by. Slide into the comfortable cloth seats and get ready to hit the road with the CD player pumping out your favorite tunes. With daytime running lights leading the way you'll always be seen on the road.Don't worry about getting lost either as the remote keyless entry makes getting in and out a breeze. Feel secure with the 4-wheel ABS and stability control keeping you steady on the road. Whether you're cruising on the highway or navigating through city streets the traction control and hill holder control have got you covered.Need to bring along the little ones? The latch system child seat anchor ensures their safety. And when it's time to hit the road the remote trunk release makes loading up a breeze. Plus with a Carfax report available you can be confident in the quality and history of this vehicle. So why wait? Come test drive this 2012 Honda Accord today and experience a thrilling ride like never before.Visit Volante Motors to shop our great deals. You can call 210-819-3395 to schedule your test drive today.  Additional Information Cloth Seats,Daytime Running Lights,CD Player,Remote Panic Alarm,Remote Trunk Release,4-Wheel ABS,Latch System Child Seat Anchor,Power Door Locks,Hill Holder Control,Stability Control,Traction Control,Auxiliary Jack,MP3,Automatic Off Headlights,Power Side Mirror,Steel Wheels,Rear Defogger,Cruise Control,Remote Keyless Entry",https://www.cargurus.com/Cars/inventorylisting/viewDetailsFilterViewInventoryListing.action?sourceContext=carGurusHomePageModel&entitySelectingHelper.selectedEntity=d585&zip=15206#listing=424543777/NONE/NATIONWIDE_SHIPPING
250,0,10647.0,2008,"Price includes $870 delivery to Pittsburgh, PA",99475.0,4,Black,177 hp 2.4L I4,"Dealer's description for 2008 Honda Accord  The 1st Owner 2008 Honda Accord EX-L w/Navi 4-door Sedan with a 5-speed automatic transmission came equipped with a variety of features, including: Infotainment & Technology: Honda Satellite-Linked Navigation System with voice activation and 8-inch screen AM/FM stereo with a 6-disc in-dash CD changer MP3/WMA playback capability Auxiliary audio input jack Premium audio system with 270 watts total amplification and 7 speakers including an 8-inch subwoofer XM Satellite Radio Bluetooth Wireless Technology Hands Free Phone system Voice Recognition System Steering wheel mounted audio controls Speed sensitive volume control Interior Comfort & Convenience: Leather-trimmed seats Heated front seats (multi-level) Dual power front seats (8-way power driver seat with power adjustable lumbar support, 4-way manual passenger seat) Dual zone automatic climate control Leather-wrapped steering wheel Tilt and telescopic steering wheel Cruise control Power windows with two one-touch operation Power door locks with remote keyless entry Remote trunk release Integrated garage door opener Auto-dimming rearview mirror Front and rear cupholders Front and rear door pockets Overhead console with storage Front seatback storage Interior air filtration Dual illuminating vanity mirrors Rear floor mats Trunk light Folding rear seat Power outlet(s) (two 12V) Reading lights (front) Exterior Features: Alloy wheels (17x7.5 inch) Power glass moonroof with one-touch open/close and tilt feature Body-color door handles, front and rear bumpers, and mirror color Chrome exhaust tip Chrome window trim Daytime running lights Halogen headlights with auto on/off Heated power mirrors Fog lights (available option) Safety & Security: 4-wheel Anti-lock Braking System (ABS) Braking assist Electronic brakeforce distribution Vehicle Stability Assist (VSA) / Electronic Stability Control Traction control Dual-stage, dual-threshold front airbags Dual-chamber front side airbags with passenger-side Occupant Position Detection System (OPDS) Side curtain airbags (front and rear) Active front seat head restraints Child seat anchors Rear door child safety locks Tire Pressure Monitoring System Emergency interior trunk release Remote anti-theft alarm system Engine immobilizer 3-point seatbelts for all seating positions Front seatbelt pretensioners with load limiters Discover a Wide Selection of Vehicles at Your Choice Autos! At Your Choice Autos, we pride ourselves on offering a diverse range of vehicles at truly affordable prices. Explore our latest inventory and schedule a test drive today! Looking to sell your car? Bring it to us and receive cash on the spot. Have Questions? We are here to assist! Connect with us via FaceTime or WhatsApp video for any vehicle-related inquiries. Contact us during business hours for prompt assistance. Joliet Vehicle Location: Your Choice Auto Sales (Joliet Lot) 1506 W Jefferson St. Joliet, IL 60435 Ph: 815-725-0850 Web: www.yourchoiceautos.com  Additional Information Door Handle Color - Body-Color, Exhaust Tip Color - Chrome, Front Bumper Color - Body-Color, Mirror Color - Body-Color, Rear Bumper Color - Body-Color, Window Trim - Chrome, Steering Ratio - 13.1, Turns Lock-To-Lock - 2.6, Air Filtration, Armrests - Rear Center Folding With Pass-Thru, Floor Material - Carpet, Floor Mats - Front, Floor Mats - Rear, Front Air Conditioning - Automatic Climate Control, Front Air Conditioning Zones - Dual, Steering Wheel Trim - Leather, Assist Handle - Front, Cargo Area Light, Center Console - Front Console With Armrest And Storage, Cruise Control, Cupholders - Front, Cupholders - Rear, Multi-Function Remote - Keyless Entry, Multi-Function Remote - Trunk Release, One-Touch Windows - 2, Power Outlet(S) - Two 12v, Power Steering, Reading Lights - Front, Rearview Mirror - Auto-Dimming, Steering Wheel - Tilt And Telescopic, Steering Wheel Mounted Controls - Audio, Steering Wheel Mounted Controls - Cruise Control, Storage - Door Pockets, Storage - Seatback, Vanity Mirrors - Dual Illuminating, Front Brake Type - Ventilated Disc, Front Shock Type - Gas, Front Spring Type - Coil, Front Struts, Front Suspension Type - Double Wishbone, Rear Brake Type - Disc, Rear Shock Type - Gas, Rear Spring Type - Coil, Abs - 4-Wheel, Axle Ratio - 4.44, Braking Assist, Electronic Brakeforce Distribution, Front Brake Diameter - 11.8, Front Stabilizer Bar - Diameter 27 Mm, Front Suspension Classification - Independent, Power Brakes, Rear Brake Diameter - 11.1, Rear Stabilizer Bar - Diameter 13 Mm, Rear Suspension Classification - Independent, Rear Suspension Type - Multi-Link, Stability Control, Traction Control, Gauge - Tachometer, Hands-Free Phone Call Integration - Voice Operated, In-Dash Cd - Mp3 Playback, Navigation System - Voice Operated, Warnings And Reminders - Maintenance Due, Wireless Data Link - Bluetooth, Auxiliary Audio Input - Jack, Clock, Compass, Digital Odometer, External Temperature Display, In-Dash Cd - 6 Disc, Radio - Am/Fm, Radio Data System, Satellite Radio - Siriusxm, Speed Sensitive Volume Control, Subwoofer - 1, Trip Odometer, Warnings And Reminders - Low Fuel Level, Watts - 270, Daytime Running Lights, Headlights - Auto On/Off, Headlights - Halogen, Spare Tire Mount Location - Inside, Spare Tire Size - Temporary, Spare Wheel Type - Steel, Tire Type - All Season, Wheels - Aluminum Alloy, Tire Pressure Monitoring System, Moonroof / Sunroof - One-Touch Open/Close, Moonroof / Sunroof - Power Glass, Moonroof / Sunroof - Tilt, Power Windows - Remotely Operated, Window Defogger - Rear, Front Wipers - Variable Intermittent, Active Head Restraints - Dual Front, Airbag Deactivation - Occupant Sensing Passenger, Anti-Theft System - Alarm, Anti-Theft System - Vehicle Immobilizer, Child Safety Door Locks, Child Seat Anchors - Latch System, Crumple Zones - Front, Emergency Interior Trunk Release, Front Airbags - Dual, Power Door Locks, Side Airbags - Front, Side Curtain Airbags - Front, Side Curtain Airbags - Rear, Side Mirror Adjustments - Power, Side Mirrors - Heated, Driver Seat - Heated, Driver Seat Power Adjustments - 8, Driver Seat Power Adjustments - Lumbar, Emergency Locking Retractors - Front, Emergency Locking Retractors - Rear, Front Headrests - 2, Front Seat Type - Bucket, Front Seatbelts - 3-Point, Passenger Seat - Heated, Rear Seat Folding - Split, Rear Seat Type - Bench, Rear Seatbelts - 3-Point, Seatbelt Pretensioners - Front, Upholstery - Leather",https://www.cargurus.com/Cars/inventorylisting/viewDetailsFilterViewInventoryListing.action?sourceContext=carGurusHomePageModel&entitySelectingHelper.selectedEntity=d585&zip=15206#listing=417856632/NONE/NATIONWIDE_SHIPPING
251,0,27935.0,2022,"Price includes $440 delivery to Pittsburgh, PA",25081.0,4,Red,192 hp 1.5L I4,"Dealer's description for 2022 Honda Accord  2022 HONDA ACCORD SPORT SE with powerful 1.5T I-4 DOHC 16-VALVE TURBOCHARGED VTEC engine and driven only 25018 miles! Fully loaded and much more! WE SPECIALIZE IN GUARANTEED CREDIT APPROVAL PROGRAMS! WITH OVER 50 YEARS OF FINANCING EXPERIENCE WITH GOOD CREDIT, BAD CREDIT, NO CREDIT, BANKRUPTCY & EVEN REPO, WE CAN HELP! WITH OUR GUARANTEED CREDIT APPROVAL EVERYONE RIDES 100% OF THE TIME. WE HAVE GREAT CUSTOMER SERVICE AND ENDLESS SATISFIED CUSTOMERS. YOU WILL EASILY SEE WHY BUYING YOUR NEXT VEHICLE SHOULD BE WITH US. WE ARE ONE OF THE FEW DEALERS IN THE AREA THAT OFFER AN IN-HOUSE WARRANTY MAKING YOUR DECISION TO COME VISIT US EASIER, YOU WILL NOT BE DISAPPOINTED. WE HAVE EXCEPTIONAL CUSTOMER SERVICE AND UPHOLD OUR PROMISE TO SELL THE BEST USED CARS IN NORTHERN VIRGINIA,. DC AND MARYLAND. YOU WILL NOT BE DISAPPOINTED. **FOR MORE GREAT CARS, SUVS, VANS,TRUCKS CHECK ALL OUR INVENTORY**We reserve the right to end this listing at anytime should the vehicle no longer be available for sale and sales prices are subject to change without notice. All vehicles sold are subject to dealer processing fee of $1179.30. Buyers are responsible for all state, county, city taxes and fees, as well as title/registration fees in the state that the vehicle will be registered.  Additional Information A/C Front,Anti-Lock Brakes,Driver Air Bag,Heated Front Seats,Leather Interior,Leather Seats,Power Mirrors,Power Seats,Power Steering,Power Windows,Side Air Bag,Tilt Wheel,Traction Control,MP3 Player,Backup Camera,Keyless Entry,Bluetooth Capable,Passenger Air Bag,Rear Air Bags,Power Door Locks,Cruise Control,AM/FM Stereo,Heat/AC,Auxiliary Audio Input,Multi-Zone A/C,Steering Wheel Audio Controls,Brake Assist",https://www.cargurus.com/Cars/inventorylisting/viewDetailsFilterViewInventoryListing.action?sourceContext=carGurusHomePageModel&entitySelectingHelper.selectedEntity=d585&zip=15206#listing=424156481/NONE/NATIONWIDE_SHIPPING
255,0,15895.0,2017,"BURNSVILLE, MN 55337",46350.0,2,Black,"4-CYL, I-VTEC, 2.4 LITER","2017 HONDA ACCORD EX 46.300 MILES1HGCT1B73HA008766Runs and drives great, no mechanical issues at all, very clean, tires LIKE NEW condition, backup camera, side camera, sunroof, 2 keys, keyless entry, heated seats. Very clean. FRES FULL SYNTHETIC OIL CHANGE.6-MONTH WARRANTY INCLUDED!PRIOR SALVAGE TITLE!$15.895 + TAXES.",https://www.carzing.com/partner/vehicle/1HGCT1B73HA008766/MTg2Mjc3MTI=?utm_source=iseecars&utm_medium=referral&utm_campaign=auto_finance&utm_content=tier4&utm_term=1ceQ0MGk_i5F6bazmNQ7LqyhAupsaR43vujGVS5yfqRtAHFHC84keulDstfilkp7T
257,0,25199.0,2023,"1400 W Main St Alhambra, CA 91801",16833.0,4,Silver,4 Cyl,"Honda Makes Dreams, and Goudy Honda makes Dreams come true! Honda Certified, 7-Year 100,000 mile Warranty! This 2023 Honda Accord EX is a certified pre-owned vehicle with low mileage of 16,833. It is powered by a 1.5 liter 4 cylinder engine with turbocharging and FWD for optimal performance. The lunar silver metallic si exterior and black bk interior give this car a sleek and modern look. It also comes with blind spot sensor and hill start assist technology to make driving more efficient and safe. This car is the perfect choice for anyone looking for a reliable and stylish ride in 2023. Contact Details: Goudy Honda, 1400 W Main St, Alhambra, CA, 91801, michael.deville@goudyhonda.com, 6265761114.",https://www.carfax.com/vehicle/1HGCY1F33PA028099
258,0,27945.0,2025,"16165 S Dixie Hwy - Miami, FL 33157",0.0,4,Crystal Black Pearl,Intercooled Turbo Regular Unleaded I-4 1.5 L/91,"Recent Arrival! Crystal Black Pearl 2025 Honda Accord LX  29/37 City/Highway MPG   Equipped with 4 Speakers, 4-Wheel Disc Brakes, ABS brakes, Adaptive Cruise Control: Adaptive Cruise Control (ACC) with Low-Speed Follow, Air Conditioning, Alloy wheels, AM/FM radio, Apple CarPlay/Android Auto, Auto High-beam Headlights, Automatic temperature control, Brake assist, Bumpers: body-color, Compass, Delay-off headlights, Driver door bin, Driver vanity mirror, Dual front impact airbags, Dual front side impact airbags, Electronic Stability Control, Emergency communication system: HondaLink Assist, Exterior Parking Camera Rear, Fabric Seat Trim, Four wheel independent suspension, Front anti-roll bar, Front Bucket Seats, Front Center Armrest, Front reading lights, Fully automatic headlights, Illuminated entry, Knee airbag, Lane departure: Lane Keeping Assist System (LKAS) active, Low tire pressure warning, Occupant sensing airbag, Outside temperature display, Overhead airbag, Overhead console, Panic alarm, Passenger door bin, Passenger vanity mirror, Power door mirrors, Power steering, Power windows, Radio data system, Radio: 160-Watt Audio System, Rear anti-roll bar, Rear reading lights, Rear seat center armrest, Rear side impact airbag, Rear window defroster, Remote keyless entry, Security system, Speed control, Speed-sensing steering, Speed-Sensitive Wipers, Steering wheel mounted audio controls, Tachometer, Telescoping steering wheel, Tilt steering wheel, Traction control, Trip computer, Variably intermittent wipers, and Wheels: 17 x 7.5J Blade Silver.",https://www.hondaofsouthmiami.com/inventory/new-2025-honda-accord-sedan-lx-fwd-4dr-car-1hgcy1f27sa060487/
259,0,25795.0,2023,,15009.0,4,Platinum White Pearl ,1.5L 4-Cylinder Turbo Gas Engine,"DISCOVER THE LUTHER ADVANTAGE The Luther Advantage is a complete and comprehensive package of benefits designed to make buying-and driving-a vehicle from the Luther dealerships a pleasant and convenient experience. From the peace of mind that comes with a 5 Day-500 Mile Return or Exchange Policy, 30 Day 1,500 miles Full Warranty and 60 Day 2,500 miles Limited Powertrain Warranty and Free CARFAX Reports & Clean Title Guarantee on pre-owned vehicles, as well as providing Luther customers with full range of valuable savings at participating Holiday Stationstores including 10 cents off a gallon, $6 for The Works car wash among other advantages and guarantees. As much as we like satisfying customers, we like keeping them even more.  WHY BUY FROM US? We Will Pay Cash For Your Vehicle. Your car could be worth more than you think! And well buy it - even if you dont buy from us. ALL makes and models. ALL price ranges! Well quote ANY vehicle, regardless of condition. If you accept, youll walk away with the cash. Youll never find a simpler, safer way to sell your car.  Check whether a vehicle is subject to open recalls for safety issues at safercar.gov   Horsepower calculations based on trim engine configuration. Fuel economy calculations based on original manufacturer data for trim engine configuration. Please confirm the accuracy of the included equipment by calling us prior to purchase.  Luther Advantage 1.Discount 10 cents off every gallon of Gasoline from Holiday Gas Stations in MN. 2.Peace Of Mind Exchange Return Policy on Pre Owned Vehicles 3. 6 Dollar The Works Car Wash at Holiday 4.Comprehensive Inspection & Extended Written Warranty",https://www.autotrader.com/cars-for-sale/vehicle/752987955?city=Minneapolis&listingType=USED&makeCode=HONDA&modelCode=ACCORD&state=MN
260,2,12999.0,2012,,52164.0,4,Black,2.4L DOHC MPFI 16-Valve i-VTEC I4 Engine,"2012 Honda Accord SE sedan, automatic transmission, one owner, clean Carfax, only 52k miles, Crystal Black Pearl exterior, black interior, clean title. Listed by dealer (eSelectAuto).",https://www.ebay.com/itm/365833779177?itmmeta=01K413VQJNFBDP938D7K0G6BR3&hash=item552d6477e9:g:v1gAAeSwX8FolxGO&itmprp=enc%3AAQAKAAAA4MHg7L1Zz0LA5DYYmRTS30kaB%2BqsGIs3OGGi3Jtm5Nr0acS5h5uQk4hnmi9hN8oHdges2SPAK5OO07Z5JwHDaSEl7NvQNCKVKK5NRP8vfC1%2Fkn2muMJ8uqFz6dbBVo1gvmTR68%2B5IV6xMRW2HVklyWA2%2Fy3cSmWkDVamLvCOTur4k4IpFr00N14IZTS2H6hS35XhXX7ayt9DQ81n9U%2FKSGnsiVxYD4tR%2BW63V1Q0MJzl1pAYc0Gl2ENz5LMP3sf%2FJzahiWlgUy26CZIYlccDoSk3Dc71rQ1nGr%2FGIEr9012D%7Ctkp%3ABk9SR8T57qOgZg
262,1,23998.0,2022,,60.0,4,White/Gray,"4-cyl, Hybrid, 2.0L","Well-Equipped Automated Cruise Control, Apple CarPlay, Lane Departure Warning, Parking Sensors, Rear View Camera, Optional MaxCare® plan Flexible coverage options for your vehicle's mechanical and electrical components. 48 city/47 hwy Miles per gallon..",https://www.carmax.com/car/27657357
263,1,21998.0,2019,,97.0,4,Blue/Gray,"4-cyl, Hybrid, 2.0L","Well-Equipped Automated Cruise Control, Leather Seats, Sunroof(s), Apple CarPlay, Lane Departure Warning, Fuel Efficient 48 City / 48 Hwy, 48 city/48 hwy Miles per gallon, Front Wheel Drive Drive type",https://www.carmax.com/car/27077346
264,1,25998.0,2023,,75.0,4,White/Black,"4-cyl, Hybrid, 2.0L","Automated Cruise Control, Leather Seats, Sunroof(s), Apple CarPlay, Lane Departure Warning，46 City / 41 Hwy, ",https://www.carmax.com/car/27624040
266,1,16998.0,2015,,106.0,4,Gray/Gray,"4-cyl, Gas, 2.4L","Leather Seats, Sunroof(s), Lane Departure Warning, Rear View Camera, Front Seat Heaters, 27 City / 36 Hwy",https://www.carmax.com/car/27331980
268,0,17590.0,2017,,98760.0,4,"Red,Black Cloth","4-Cyl, i-VTEC, 2.4 Liter","The 2017 Honda Accord Sport Sedan offers a compelling blend of style, practicality, and reliable performance for today's drivers. Its spacious interior, user-friendly technology, and reputation for dependability make it a smart choice for those seeking lasting value in a pre-owned vehicle. This Accord provides a comfortable and confident driving experience for daily commutes and weekend adventures.",https://www.carvana.com/vehicle/3830366?refSource=srp
277,1,13999.0,2015,"New Haven, MO",91765.0,4,White,185 hp 2.4L I4,"Ready for sale. Safety inspected with fresh oil change and service. Clean and very comfortable. Sunroof, heated heats,and bluetooth are some of the features found here. Honda is known for dependable reliable transportation. Rest assured this is a good one.",https://www.cargurus.com/Cars/l-Used-Honda-Accord-d585#listing=425305069/
278,0,9999.0,2013,"Jessup, MD",155648.0,4,Black,185 hp 2.4L I4,"2 Accidents reported. $437 below market price. Child Safety Door Locks, Power Door Locks, Vehicle Anti-Theft, ABS Brakes, Electronic Brake Assistance, Traction Control, Vehicle Stability Control System, Driver Airbag, Front Side Airbag, Passenger Airbag, Side Head Curtain Airbag, Electronic Parking Aid",https://www.cargurus.com/Cars/l-Used-Honda-Accord-d585#listing=422600406/
280,0,15451.0,2017,"Cerritos, CA",105307.0,4,Champagne Frost Pearl,2.4L 4-Cylinder Gas,* Moonroof * Leather Seats * Keyless Start * Black; Leather-Trimmed Seats,https://www.autotrader.com/cars-for-sale/vehicle/757595902
282,0,16998.0,2013,,63.0,4,blue,"4-cyl, Gas, 2.4L","Well-Equipped Leather Seats, Navigation System, Sunroof(s), Lane Departure Warning, Rear View Camera",https://www.carmax.com/car/27483657
283,0,16998.0,2013,,51.0,4,black,"4-cyl, Gas, 2.4L","Well-Equipped Sunroof(s), Rear View Camera, Bluetooth Technology, Alloy Wheels, Cloth Seats",https://www.carmax.com/car/27359123
295,0,8500.0,2008,"Springdale, PA",108742.0,4,White Diamond Pearl,3.5L V-6 i-VTEC variable valve control,Leather Heated Front Bucket Seats. Sunroof. Honda Satellite-Linked Navigation System. Dual-Zone Automatic Climate Control. Premium Sound System includes 7 Speakers W/Subwoofer. Keyless entry. Visit Citywide Auto Sales at 640 Pittsburgh St. Springdale PA 15144 to shop our great deals. You can also contact us by calling 412-407-2421 to schedule your test drive today.,https://www.cars.com/vehicledetail/ebfbfb15-ce2a-4a14-98b0-b359b0980af0/
296,0,4733.0,2009,"Moon Township, PA",205205.0,4,Mystic Green Metallic,3.5L V6 SOHC i-VTEC 24V,"""Priced below KBB Fair Purchase Price! CARFAX One-Owner. PRE AUCTION AS IS VEHICLE, 17"""" Alloy Wheels, Automatic Climate Control, BOSE PREMIUM AUDIO, Heated Front Bucket Seats, Integrated Front Fog Lights, Leather-Trimmed Seat Trim, Power Tilt/Slide Moonroof. 19/29 City/Highway MPG Mystic Green Metallic 2009 Honda Accord EX-L 3.5 FWD 3.5L V6 SOHC i-VTEC 24V 5-Speed Automatic with Overdrive Fresh Arrival. Call for more details. Our goal is to provide our customers the best value when they choose one of our quality pre-owned vehicles. We use the power of Kelley Blue Book, CARFAX, and Autotrader to set a great low price on your favorite pre-owned vehicle. Awards: * 2009 KBB.com Best Resale Value Awards For more information, visit www.kbb.com. Kelley Blue Book is a registered trademark of Kelley Blue Book Co., Inc.""",https://www.carsdirect.com/used_cars/vehicle-detail/ul2366320494/honda/accord?source=UsedCarListings
297,0,5999.0,2010,"Near Vancouver, WA",186072.0,4,Silver,3.5-liter V6 engine,"**2010 Honda Accord EX-L 2dr Coupe 5A** The 2010 Honda Accord EX-L Coupe is a stylish and sporty vehicle that balances performance and comfort in a sleek design. With its two-door coupe configuration, this model is perfect for those who crave a bit of excitement in their daily drive while maintaining practicality. **Key Features:** - **Powerful Performance:** Under the hood, the Accord EX-L features a robust 3.5-liter V6 engine, offering lively acceleration and smooth handling. Coupled with a 5-speed automatic transmission, it delivers a pleasurable driving experience whether you're cruising on the highway or navigating city streets. - **Luxurious Interior:** The EX-L trim elevates your ride with high-quality materials, including leather upholstery and a power-adjustable driver's seat, providing comfort and sophistication. The spacious cabin ensures ample room for you and a passenger, with clever storage solutions for your belongings. - **Advanced Technology:** Enjoy a suite of tech features, including a premium audio system, Bluetooth connectivity, and available navigation, keeping you connected and entertained on every journey. - **Safety and Reliability:** Honda is known for its commitment to safety, and the 2010 Accord is no exception. It comes equipped with anti-lock brakes, stability control, and multiple airbags, providing peace of mind for all your travels. - **Timeless Style:** The sleek and contemporary design of the Accord Coupe gives it an eye-catching presence on the road. Its athletic stance and bold lines make it a standout choice for anyone who appreciates aesthetics as much as performance. With its captivating design and blend of comfort, performance, and safety, the 2010 Honda Accord EX-L Coupe is an excellent choice for those looking for a sporty yet reliable vehicle.",https://www.carfax.com/vehicle/1HGCS1B85AA003859
298,0,11995.0,2015,,115088.0,4,White Orchid Pearl,2.4L 4cyl CVT,"**Efficient Performance**: Experience the perfect blend of power and efficiency with the 2.4L I4 engine delivering 185hp, paired with a smooth CVT transmission. - **Luxurious Interior**: Enjoy the comfort of leather seating and a suite of tech features like Bluetooth, HondaLink, and a 7-inch infotainment screen. - **Award-Winning Reliability**: Benefit from the peace of mind offered by numerous accolades, including Kelley Blue Book's Best Buy and Best Resale Value awards. - **Premium Audio Experience**: Immerse yourself in sound with a 360-watt audio system featuring 7 speakers and a subwoofer, plus SiriusXM and Pandora integration. - **Stylish Design**: Stand out with a sophisticated look featuring body-color mirrors and bumpers, complemented by chrome door handles. Step into the world of elegance and performance with the 2015 Honda Accord EX-L, a midsize sedan that perfectly balances style, comfort, and reliability. With a proven track record of excellence, this vehicle is not just a car, but a statement of savvy choice and refined taste. Under the hood, the Accord EX-L boasts a robust 2.4L I4 engine, delivering an impressive 185hp and 181 ft. lbs. of torque. Paired with a continuously variable transmission (CVT), this powertrain ensures a smooth and responsive driving experience, making every journey as enjoyable as the destination. Whether you're cruising through the city or embarking on a long-distance drive, the Accord's efficient performance will keep you moving forward with confidence. As you settle into the luxurious interior, you'll be greeted by the supple feel of leather seating, offering comfort and sophistication in equal measure. The cabin is a sanctuary of technology and convenience, featuring a 7-inch infotainment screen powered by HondaLink. Stay connected with ease using Bluetooth and electronic messaging assistance, while the speed-sensitive volume control ensures your audio experience is tailored to your driving conditions. Speaking of audio, the Accord EX-L takes your in-car entertainment to new heights with a 360-watt sound system. With 7 strategically placed speakers and a subwoofer, your favorite tunes will come alive, enhanced by SiriusXM radio and Pandora internet radio app for endless listening options. Whether you're a music enthusiast or enjoy catching up on the latest podcasts, this sound system delivers an immersive experience. The exterior of the Accord EX-L is a testament to Honda's commitment to sleek and modern design. The body-color mirrors and front bumper, along with chrome door handles, create a cohesive and polished look that turns heads wherever you go. This vehicle's design is not just about aesthetics—it's about making a lasting impression. The 2015 Honda Accord EX-L has been recognized by industry leaders, earning accolades such as Kelley Blue Book's Best Buy: Midsize Car and Best Resale Value: Mid-Size Car. It has also been honored as one of the Top 10 Most Comfortable Cars and Best Family Cars, making it an ideal choice for families and individuals alike. These awards underscore the Accord's reputation for quality, reliability, and value retention, giving you peace of mind with every mile. In conclusion, the 2015 Honda Accord EX-L is more than just a vehicle—it's a partner in your journey, offering unmatched reliability, comfort, and style. With its award-winning pedigree and a host of premium features, this sedan is ready to elevate your driving experience. Don't miss the opportunity to own a car that truly stands out in its class. Your next adventure awaits with the Honda Accord EX-L. 2023 DealerRater Consumer Satisfaction Award winner - Connecticut's highest volume independent auto dealer! We have the area's largest selection of pre-owned vehicles at the lowest prices available, over 700 in stock to choose from! Financing for all credit tiers and extended warranties available. Please contact our sales department for more information about this vehicle or the rest of our inventory. Call 203-720-5600, view our website www.abwautos.com, or visit our showroom in Naugatuck, CT. Open 7 days a week! A Better Way Wholesale Autos works with ITIN auto loan lenders. This alternative tax processing number is acknowledged by numerous lenders; even if you have little to no, or blemished credit, our network is probably able to help you in securing an auto loan.",https://www.edmunds.com/honda/accord/2015/vin/1HGCR2F84FA174069/?national=true&radius=6000
299,0,18998.0,2018,"Pittsburgh, PA",74730.0,4,San Marino Red,"1.5L I-4 gasoline direct injection, DOHC, VTEC variable valve co engine","San Marino Red exterior color, Black interior color, Gasoline fuel type, 1.5L I-4 gasoline direct injection, DOHC, VTEC variable valve co engine, 29-35 mpg, Front-wheel Drive drivetrain, Automatic transmission",https://www.cars.com/vehicledetail/40dbfdcf-48de-4820-ad23-82e8ccd9c7ab/
300,0,19785.0,2020,"Florence, KY",70887.0,4,Blue,4 Cyl,"CARFAX One-Owner. WYLER CERTIFIED, BALANCE OF FACTORY WARRANTY, ONE OWNER ACCIDENT FREE CARFAX, ONE OWNER, ACCIDENT FREE CARFAX, BLUETOOTH HANDS FREE, POWER SUNROOF/MOONROOF, REAR BACKUP CAMERA, PASSED OUR SAFETY INSPECTION, SERVICE RECORDS AVAILABLE, LOCAL TRADE IN, 17"" Machine-Finished Alloy Wheels, 4-Wheel Disc Brakes, 8 Speakers, ABS brakes, Adaptive Cruise Control: Adaptive Cruise Control (ACC) with Low-Speed Follow, Air Conditioning, Alloy wheels, AM/FM radio: SiriusXM, Apple CarPlay/Android Auto, Auto High-beam Headlights, Automatic temperature control, Blind Spot Information (BSI) System warning, Brake assist, Bumpers: body-color, Cloth Seat Trim, Delay-off headlights, Driver door bin, Driver vanity mirror, Dual front impact airbags, Dual front side impact airbags, Electronic Stability Control, Emergency communication system: HondaLink, Exterior Parking Camera Rear, Forward collision: Collision Mitigation Braking System (CMBS) + FCW mitigation, Four wheel independent suspension, Front anti-roll bar, Front Bucket Seats, Front Center Armrest, Front dual zone A/C, Front fog lights, Front reading lights, Fully automatic headlights, Heated door mirrors, Heated Front Bucket Seats, Heated front seats, Illuminated entry, Knee airbag, Lane Departure Warning System, Low tire pressure warning, Occupant sensing airbag, Outside temperature display, Overhead airbag, Overhead console, Panic alarm, Passenger door bin, Passenger vanity mirror, Power door mirrors, Power driver seat, Power moonroof, Power steering, Power windows, Radio data system, Radio: 180-Watt AM/FM/HD/SiriusXM Audio System, Rear anti-roll bar, Rear seat center armrest, Rear window defroster, Remote keyless entry, Security system, Speed control, Speed-sensing steering, Speed-Sensitive Wipers, Split folding rear seat, Steering wheel mounted audio controls, Tachometer, Telescoping steering wheel, Tilt steering wheel, Traction control, Trip computer, Variably intermittent wipers. Odometer is 8965 miles below market average!Used vehicles 10 years of age or newer with less than 100,000 miles are eligible for the Wyler Assurance Program, but eligible vehicles must pass our reconditioning process and multi-point inspection. Provided the vehicle passes inspection, vehicles will be eligible for the 6 month/6,000 mile limited warranty. The 6 month/6,000 mile limited warranty is NOT available on AS-IS vehicles, wholesale vehicles, lease buyback/pass-thru vehicles or un-inspected vehicles. Note that this program can also apply to vehicles where the remaining factory coverage is less than 6 months or 6,000 miles. Please check the Federal Trade Commission (FTC) Buyers guide on the vehicle for full details as to whether or not warranty coverage may apply. Contact Dealer for additional details. The Wyler Assurance 6 month/6,000 Mile limited warranty ends 6 months from the date of the Retail Purchase Agreement (BUYERS ORDER) or when the vehicle's odometer registers 6,000 additional miles to the mileage listed on the BUYERS ORDER, whichever comes first. Your Deductible - The warranty holder on your contract pays the first $100 of each covered repair.Awards: * ALG Residual Value Awards, Residual Value Awards 30/38 City/Highway MPG",https://www.carfax.com/vehicle/1HGCV1F45LA122027
301,0,24433.0,2021,"Connellsville, PA",43446.0,4,Lunar Silver Metallic,1.5L 4-Cylinder Turbo Gas Engine,"Lunar Silver Metallic 2021 Honda Accord Sport Special Edition FWD CVT 1.5T I4 DOHC 16V Turbocharged VTEC  Black w/Cloth Seat Trim, 4-Wheel Disc Brakes, 8 Speakers, ABS brakes, Adaptive Cruise Control: Adaptive Cruise Control (ACC) with Low-Speed Follow, Air Conditioning, Alloy wheels, AM/FM radio, Apple CarPlay/Android Auto, Auto High-beam Headlights, Automatic temperature control, Brake assist, Bumpers: body-color, Delay-off headlights, Driver door bin, Driver vanity mirror, Dual front impact airbags, Dual front side impact airbags, Electronic Stability Control, Emergency communication system: HondaLink, Exterior Parking Camera Rear, Forward collision: Collision Mitigation Braking System (CMBS) + FCW mitigation, Four wheel independent suspension, Front anti-roll bar, Front Bucket Seats, Front Center Armrest, Front dual zone A/C, Front fog lights, Front reading lights, Fully automatic headlights, Heated door mirrors, Heated Front Bucket Seats, Heated front seats, Illuminated entry, Knee airbag, Lane Departure Warning System, Leather Shift Knob, Leather steering wheel, Leather-Trimmed Seats, Low tire pressure warning, Occupant sensing airbag, Outside temperature display, Overhead airbag, Overhead console, Panic alarm, Passenger door bin, Passenger vanity mirror, Power door mirrors, Power driver seat, Power passenger seat, Power steering, Power windows, Radio data system, Radio: 180-Watt AM/FM Audio System, Rear anti-roll bar, Rear seat center armrest, Rear window defroster, Remote keyless entry, Security system, Speed control, Speed-sensing steering, Speed-Sensitive Wipers, Split folding rear seat, Spoiler, Steering wheel mounted audio controls, Tachometer, Telescoping steering wheel, Tilt steering wheel, Traction control, Trip computer, Variably intermittent wipers, Wheels: 19 Machine-Finished Alloy w/Black Inserts, Black w/Cloth Seat Trim.",https://www.kbb.com/cars-for-sale/vehicle/757928653?allListingType=all&city=Pittsburgh&endYear=2021&makeCode=HONDA&modelCode=ACCORD&startYear=2021&state=PA&vehicleStyleCode=SEDAN&zip=15201
302,0,27989.0,2023,"North Olmsted, OH",23004.0,4,White,4 Cyl,"CARFAX One-Owner. Clean CARFAX. Priced below KBB Fair Purchase Price! 46/41 City/Highway MPG Odometer is 9608 miles below market average! 2023 Honda Accord Hybrid Sport-L 2.0L 16V DOHC eCVT FWD  Accord Hybrid Sport-L, 2.0L 16V DOHC, Air Conditioning, Apple CarPlay/Android Auto, Brake assist, Electronic Stability Control, Exterior Parking Camera Rear, Front dual zone A/C, Heated front seats, Lane departure: Lane Keeping Assist System (LKAS) active, Leather-Trimmed Seat Trim, Memory seat, Power moonroof, Radio data system, Remote keyless entry, Steering wheel mounted audio controls, Wheels: 19"" x 8.5J Matte Berlina Black. Due to our AMAZING prices, please call to ensure the vehicle you are interested in is still available.",https://www.carfax.com/vehicle/1HGCY2F79PA065134
303,0,27399.0,2024,,11258.0,4,Radiant Red,Intercooled Turbo Regular Unleaded I-4 1.5 L/91,"2024 Honda Accord Sedan EX - Used  Welcome to CarShop, where we redefine your car buying experience with our WOW factor! Presenting the 2024 Honda Accord Sedan EX, a sleek and sophisticated sedan that combines performance, comfort, and cutting-edge technology. This ""brand-spanking new to you"" vehicle offers all the perks of a new car without the hefty price tag.  Performance & Efficiency  Engine: Intercooled Turbo Regular Unleaded I-4 1.5 L/91 Transmission: 1-Speed CVT w/OD Drivetrain: Front Wheel Drive (FWD) Cylinders: 4 City MPG: 29 Highway MPG: 37 Exterior Features  Sun/Moon Roof Aluminum Wheels LED Headlights with Automatic Highbeams Daytime Running Lights Power Mirror(s) with Rear Defrost Variable Speed Intermittent Wipers Interior Comfort & Convenience  Power Driver Seat with Driver Adjustable Lumbar Heated Front Seats with Cloth Upholstery Multi-Zone Climate Control with A/C Keyless Entry and Keyless Start Auto-Dimming Rearview Mirror Smart Device Integration with Apple CarPlay and Android Auto Technology & Connectivity  AM/FM Stereo with MP3 Capability Bluetooth Connection and Telematics WiFi Hotspot (Requires Subscription) Steering Wheel Audio Controls Trip Computer Safety & Driver Assistance  Adaptive Cruise Control with Cruise Control Steering Assist Lane Departure Warning and Lane Keeping Assist Front Collision Mitigation and Driver Monitoring Blind Spot Monitor and Cross-Traffic Alert Back-Up Camera Tire Pressure Monitor Security & Protection  Security System with Immobilizer Child Safety Locks Comprehensive Airbag System including Front, Rear, and Side Airbags Additional Features  Remote Start Floor Mats Driver and Passenger Vanity Mirrors with Illumination This 2024 Honda Accord Sedan EX is designed to exceed your expectations with its blend of style, efficiency, and advanced features. At CarShop, we believe in fairness and transparency with our no-haggle pricing, ensuring you drive away with confidence and satisfaction. Experience the CarShop WOW today! Description generated by AI. Please verify information with your CarShop location.",https://carshop.com/inventory/Used-2024-Honda-Accord_Sedan-EX-1HGCY1F38RA049484-430?store=904&gad_source=1&gad_campaignid=20543707416&gbraid=0AAAAAowRptiahYQgItu0SqUbpWYkZutf6&gclid=CjwKCAjwq9rFBhAIEiwAGVAZP-rkCFyKakWdEbarP0RvlE99bPB-0NrZrLT9g3U2nmSuFmN3nnOFjBoCfR4QAvD_BwE&gclsrc=aw.ds
304,0,29445.0,2025,"Hermitage, PA",10.0,4,Meteorite Gray,1.5L I4 16V GDI DOHC Turbo engine,"The 2025 Honda Accord LX is a state-of-the-art automobile that is sure to impress. This vehicle is equipped with a 1.5 liter 4 cylinder engine, turbocharged, and FWD capabilities, making it an ideal choice for any driver. The exterior of this car is made of meteorite gray and features a black interior, giving it a sleek and modern look. The Accord LX also comes equipped with a number of modern features, including a touch screen display, Bluetooth audio connection, hill start assist, Apple Carplay ready, and Bluetooth phone connectivity. With its combination of style, performance, and technology, the 2025 Honda Accord LX is sure to be a hit with car enthusiasts everywhere. MPG is based on a mileage estimate applied to this vehicle when new. Actual mileage will vary. Experience is the Shenango Honda difference. Experienced sales staff, Experienced ASA technicians and exceptional quality new vehicles. Email our internet sales team for more details or call toll free 800-858-0849 and ask for Sales!",https://www.cars.com/vehicledetail/184c1475-68ed-45d2-8ed4-d1d81402e683/
305,0,18557.0,2019,"Waco, TX",118490.0,4,White,4 Cyl,"This 2019 Honda Accord EX-L in White comes with the following features: 1.5T I4 DOHC 16V Turbocharged VTEC FWD Leather Leather, 10 Speakers, 17"" Machine-Finished Alloy Wheels, 4-Wheel Disc Brakes, ABS brakes, Air Conditioning, Alloy wheels, AM/FM radio: SiriusXM, Apple CarPlay/Android Auto, Auto High-beam Headlights, Auto-dimming Rear-View mirror, Automatic temperature control, Blind Spot Information (BSI) System warning, Brake assist, Bumpers: body-color, Delay-off headlights, Driver door bin, Driver vanity mirror, Dual front impact airbags, Dual front side impact airbags, Electronic Stability Control, Emergency communication system: HondaLink, Exterior Parking Camera Rear, Forward collision: Collision Mitigation Braking System (CMBS) + FCW mitigation, Four wheel independent suspension, Front anti-roll bar, Front Bucket Seats, Front Center Armrest, Front dual zone A/C, Front fog lights, Front reading lights, Fully automatic headlights, Garage door transmitter: HomeLink, Heated door mirrors, Heated Front Bucket Seats, Heated front seats, Illuminated entry, Knee airbag, Leather Shift Knob, Leather steering wheel, Leather-Trimmed Seats, Low tire pressure warning, Memory seat, Occupant sensing airbag, Outside temperature display, Overhead airbag, Overhead console, Panic alarm, Passenger door bin, Passenger vanity mirror, Power door mirrors, Power driver seat, Power moonroof, Power passenger seat, Power steering, Power windows, Radio data system, Radio: 450-Watt AM/FM/HD Premium Audio System, Rear anti-roll bar, Rear seat center armrest, Rear window defroster, Remote keyless entry, Security system, Speed control, Speed-sensing steering, Speed-Sensitive Wipers, Split folding rear seat, Steering wheel mounted audio controls, Tachometer, Telescoping steering wheel, Tilt steering wheel, Traction control, Trip computer, Turn signal indicator mirrors, and Variably intermittent wipers.",https://www.carfax.com/vehicle/1HGCV1F50KA066618
306,0,24998.0,2022,"Ellwood City, PA",65393.0,4,Gray,252 hp 2L I4,,https://www.cargurus.com/Cars/l-Used-Honda-Accord-d585?type=GoogleAdWordsSearch&kw=&matchtype=&ad=519867071722&placement=&networktype=g&device=c&devicemodel=&adposition=&physloc=9005918&intloc=&aceid=&cid=1359634932&agid=53246896686&tgtid=dsa-438374416271&fid=&cgagid=28910870&cgcid=9611&px8324=p2&sourceContext=usedPaidSearchNoZip&ax8324=140734931&gad_source=1&gad_campaignid=1359634932&gbraid=0AAAAAD9Jm5Zp7fj7DL8vEi_9AOomgKsmK&gclid=CjwKCAjwq9rFBhAIEiwAGVAZP0DJSOUwHQAjtuere6XDqkUXYTPBbAh4tbytsfBbq_qfAMKZLIIVMxoCGlAQAvD_BwE#listing=414639505/PRIORITY/DEFAULT
307,0,22995.0,2023,"Palos Hills, IL",69694.0,4,Platinum White Pearl,192 hp 1.5L I4,,https://www.cargurus.com/Cars/inventorylisting/viewDetailsFilterViewInventoryListing.action?searchId=a3fbd032-30a2-440b-992a-02a6e302e3d1&zip=60666&distance=50&entitySelectingHelper.selectedEntity=d585&sourceContext=usedPaidSearchNoZip&sortDir=ASC&sortType=BEST_MATCH&makeModelTrimPaths=m6%2Fd585&makeModelTrimPaths=m6&srpVariation=DEFAULT_SEARCH&isDeliveryEnabled=true&nonShippableBaseline=0#listing=419467111/PRIORITY/DEFAULT
308,0,30997.0,2024,"Auburn, MA",14006.0,4,Radiant Red Metallic,2.0L Inline-4 Hybrid,"CARFAX One-Owner. *LundgrenCars exclusive 6 month 6000 mile warranty*. Originally purchased and serviced right here at Lundgren Honda! Buy now and save thousands over new! Please call 1 508-832-6200 today to schedule your test drive. *The Lundgren Advantage – Experience it! Lundgren Honda of Auburn is a Family owned and operated business since 1964. * All Brand New Vehicles purchased from Lundgren Honda of Auburn come with a 7 year – 100,000 mile power train warranty. * Our philosophy is to use market-based pricing. * We like to make sure our customers get all the information they need to make an informed buying decision WE PROUDLY SERVE AUBURN, MILLBURY, SHREWSBURY, WORCESTER, CHARLTON, DUDLEY, SOUTHBRIDGE, SPENCER, WHITINSVILLE, WEBSTER, SUTTON, DOUGLAS, RUTLAND, WESTBOROUGH, NORTH GRAFTON, UXBRIDGE, HOLDEN, OXFORD, NORTHBOROUGH, NORTH GROSVENORDALE, MILFORD, PUTNAM, SOUTH GRAFTON, CHERRY VALLEY, W BROOKFIELD, PASCOAG, FISKDALE, STERLING, FITCHBURG, BOYLSTON, NORTH OXFORD.",https://www.truecar.com/used-cars-for-sale/listing/1HGCY2F74RA013509/2024-honda-accord/?position=0&returnTo=%2Fused-cars-for-sale%2Flistings%2Fhonda%2Faccord%2F&sourceType=marketplace&sponsored=true&zipcode=15206
309,0,26998.0,2024,"Pleasant Hill, CA",7649.0,4,Radiant Red Metallic,1.5L Inline-4 Gas Turbocharged,"CarMax values transparency and wants you to love your next car, not settle on it. Certain vehicles may have unrepaired safety recalls. Check nhtsa.gov/recalls to learn if this vehicle has an unrepaired safety recall. At CarMax, finding the right car is easy. You can shop online, get pre-qualified with no impact to your credit, and receive a trade-in offer all from the comfort of home. See carmax.com for details. Then, when it's time to buy, you can take advantage of express pickup at your local CarMax. And we stand behind every used car we sell with a 90-Day/4,000-Mile (whichever comes first) Limited Warranty. See store for details. Price excludes government fees and taxes, any finance charges, $85 CarMax document processing charge (not required by law), any electronic filing charge, and any emission testing charge. Price assumes that final purchase will be made in the State of CA, unless vehicle is non-transferable. Vehicle subject to prior sale. Applicable transfer fees are due in advance of vehicle delivery and are separate from sales transactions. Inventory shown here is updated every 24 hours.Prior Use:Executive Vehicle",https://www.truecar.com/used-cars-for-sale/listing/1HGCY1F31RA088689/2024-honda-accord/?position=1&returnTo=%2Fused-cars-for-sale%2Flistings%2Fhonda%2Faccord%2Flocation-chicago-il%2F&sourceType=marketplace&sponsored=true&zipcode=94523
310,0,23998.0,2022,"Schaumburg, IL ",45199.0,4,Platinum White Pearl,1.5L Inline-4 Gas Turbocharged,"CarMax values transparency and wants you to love your next car, not settle on it. Certain vehicles may have unrepaired safety recalls. Check nhtsa.gov/recalls to learn if this vehicle has an unrepaired safety recall. At CarMax, finding the right car is easy. You can shop online, get pre-qualified with no impact to your credit, and receive a trade-in offer all from the comfort of home. See carmax.com for details. Then, when it's time to buy, you can take advantage of express pickup at your local CarMax. And we stand behind every used car we sell with a 90-Day/4,000-Mile (whichever comes first) Limited Warranty. See store for details. Price excludes tax, title, tags and $345 documentary fee (not required by law). Price assumes that final purchase will be made in the State of IL, unless vehicle is non-transferable. Vehicle subject to prior sale. Applicable transfer fees are due in advance of vehicle delivery and are separate from sales transactions. Inventory shown here is updated every 24 hours.Prior Use:Fleet",https://www.truecar.com/used-cars-for-sale/listing/1HGCV1F33NA099177/2022-honda-accord/?position=4&returnTo=%2Fused-cars-for-sale%2Flistings%2Fhonda%2Faccord%2Flocation-chicago-il%2F&sourceType=marketplace&zipcode=60173
311,0,31058.0,2025," Bristol, WI",11810.0,4,White,4 Cyl,"**""HK"" ADVANTAGE PACKAGE - 6 MONTHS/6,000 MILES COMPLEMENTARY POWERTRAIN WARRANTY**, ** HONDA TRUE CERTIFIED, ** 5 YEARS/100,000 MILES LIMITED CERTIFIED WARRANTY, ** 7 YEARS/100,000 MILES LIMITED POWERTRAIN WARRANTY, ** ROADSIDE ASSISTANCE FOR DURATION OF CERTIFICATION, **ONE COMPLIMENTARY OIL CHANGES WITHIN FIRST YEAR OF OWNERSHIP**, ** FULLY SERVICED AND READY TO GO, ** REMAINING FULL FACTORY WARRANTY, ** CARFAX ONE OWNER, ** CARFAX CLEAN VEHICLE HISTORY, ** Apple CarPlay/Android Auto, ** Adaptive Cruise Control, ** Alloy Wheels/Premium Wheels, ** Blind Spot Monitor, ** Bluetooth, Hands Free, ** Heated Seats, ** Keyless Entry, ** Keyless Start, ** Lane Departure Warning, ** Leather Seats, ** Memory Seat, ** Remote Start, ** Steering Wheel Controls, ** Sunroof/Moonroof, 2.0L I4 DOHC 16V.",https://www.carfax.com/vehicle/1HGCY2F77SA004437
312,0,29687.0,2025,"Chicago, IL",25602.0,4,Blue,4 Cyl,"** Adaptive Cruise Control, ** Alloy Wheels/Premium Wheels, ** Apple CarPlay/Android Auto, ** Automatic Emergency Braking, ** Blind Spot Monitor, ** Bluetooth, Hands Free, ** Brake Assist, ** Camera Backup, ** Heated Seats, ** Keyless Entry, ** Keyless Start, ** LED Headlights, ** Lane Departure Warning, ** Leather Seats, ** Memory Seat, ** Rear Cross Traffic Alert, ** Remote Start, ** Satellite Radio, ** Stability Control, ** Steering Wheel Controls, ** Sunroof/Moonroof, ** USB Port. Priced below KBB Fair Purchase Price! CARFAX One-Owner. Clean CARFAX. Canyon River Blue Metallic 2025 Honda Accord Hybrid EX-L 4D Sedan 2.0L I4 DOHC 16V 51/44 City/Highway MPG FWD eCVT  These days a great value like this is hard to find. Our Internet Value Pricing mission at Advantage Toyota River Oaks is to present value pricing to all of our customers. Internet Value Pricing is achieved by comparing over 20,000 Automotive web sites hourly. This ensures that every one of our customers receives real time Value Pricing on every vehicle we sell. Simply put our technology does the "" Price Shopping ' for you to ensure our vehicle represents a great value against other like vehicles across the entire market. We do not artificially inflate our prices in the hopes of winning a negotiating contest with our customers. After being in business for 17 years, we realize that Internet Pricing is by far the best approach for our customers. ADVANTAGE TOYOTA RIVER OAKS is located in the Southeast suburbs of Chicago. We are only minutes from O'hare and Midway Airports. We have hundreds of Pre-Owned vehicles as well as many new vehicles to choose from. You will be glad you looked a little harder and got what you wanted at a great price. Call or e-mail today. Thank you for the opportunity.1.9%-4.9% apr for 12-84 Months on approved credit available on select vehicles.$14.12 per $1000.00 borrowed.Payments 1000 down + tax,title,license and doc fee $367.70.",https://www.carfax.com/vehicle/1HGCY2F6XSA005119
313,0,20283.0,2019,"Kenosha, WI",51080.0,4,Gray,4 Cyl,"2019 Honda Accord LX Bluetooth, Backup Camera, Android Auto, Apple Carplay, Power Windows & Locks, Touch Screen Radio, MP3 Player, Satellite Radio, Push Button Start, Well Maintained w/Detailed Service Records, One Owner Clean Carfax Vehicle History Report, Automatic, Alloy Wheels, Newer Tires, Traction Control, Tinted Glass, Remote Keyless Entry, Cruise Control, & More!.30/38 City/Highway MPGAwards:* JD Power Automotive Performance, Execution and Layout (APEAL) Study * ALG Residual Value Awards, Residual Value Awards",https://www.carfax.com/vehicle/1HGCV1F11KA098989
314,0,17353.0,2018,"Palatine, IL",91396.0,4,White,4 Cyl,"""Clean CARFAX. Odometer is 12946 miles below market average!  30/38 City/Highway MPG Love where you buy at Napleton Mazda! With four Napleton Mazda stores in the Chicago area, we have access to a huge inventory of new, late model used, lease returns, retired company vehicles and local trade-ins. Our trained specialists will work with you to find the right vehicle and make your purchase process easy. Call or email us today with any questions or to reserve your vehicle.""",https://www.carfax.com/vehicle/1HGCV1F16JA040777
315,0,21999.0,2023,"Scottsdale, AZ",58933.0,4,Platinum White Pearl,gas,"EX Sedan, rental history",https://www.edmunds.com/honda/accord/2023/vin/1HGCY1F35PA025592/?national=true&radius=6000
316,0,26488.0,2024,,10165.0,4,Solar Silver Metallic,gas,EX 4dr Sedan (1.5L 4cyl Turbo CVT),https://www.edmunds.com/honda/accord/2024/vin/1HGCY1F39RA007633/?radius=50
317,0,22641.0,2021,,62759.0,4,Modern Steel Metallic,gas,EX-L 4dr Sedan (1.5L 4cyl Turbo CVT),https://www.edmunds.com/honda/accord/2021/vin/1HGCV1F54MA003363/?radius=50
318,0,17988.0,2017,,67720.0,4,White Orchid Pearl,gas,Sport Special Edition 4dr Sedan (2.4L 4cyl CVT),https://www.edmunds.com/honda/accord/2017/vin/1HGCR2F11HA059998/?radius=50
319,0,22989.0,2020,,44612.0,4,Platinum White Pearl,gas,Sport 4dr Sedan (1.5L 4cyl Turbo CVT),https://www.edmunds.com/honda/accord/2020/vin/1HGCV1F35LA126361/?radius=50
320,0,23863.0,2022,,27220.0,4,Crystal Black Pearl,gas,LX 4dr Sedan (1.5L 4cyl Turbo CVT),https://www.edmunds.com/honda/accord/2022/vin/1HGCV1F16NA014296/?radius=50
321,0,17895.0,2018,,95723.0,4,Crystal Black Pearl,gas,EX-L 4dr Sedan (1.5L 4cyl Turbo CVT),https://docs.google.com/forms/d/e/1FAIpQLSf5gBb1JeVNVLH6hJUAc86xozRDiaj5p_k8FQ4y7drKYRzbOg/viewform
322,0,17590.0,2016,,96260.0,4,Lunar Silver Metallic,gas,EX-L 4dr Sedan (2.4L 4cyl CVT),https://www.edmunds.com/honda/accord/2016/vin/1HGCR2F83GA128458/?radius=50
323,0,23491.0,2020,,52522.0,4,Platinum White Pearl,gas,EX-L 4dr Sedan (1.5L 4cyl Turbo CVT),https://www.edmunds.com/honda/accord/2020/vin/1HGCV1F54LA098943/?radius=50
324,0,18101.0,2017,,68892.0,4,Crystal Black Pearl,gas,EX-L 4dr Sedan (2.4L 4cyl CVT),https://www.edmunds.com/honda/accord/2017/vin/1HGCR2F84HA205551/?radius=50
326,0,25918.0,2024,"95 ROBINSON DR, Triadelphia, WV 26059",12136.0,4, White Exterior,1.5L 4-Cylinder Turbo Gas Engine,"Richard Bazzy's Shults Ford Wheeling is pleased to offer this Shults Certified 2024 Honda Accord EX W 1.5T I4 Engine White 1.5T I4 DOHC 16V Turbocharged VTEC CVT FWD. Shults Certified vehicles undergo a 139 multi-point inspection and pass State Inspection and Emissions Safety standards. Shults Certified includes the remainder of factory warranty or a 90 day/3,000-mile power-train warranty. We offer a free Carfax report on every used vehicle we sell so you can buy today and every day with complete confidence. Adaptive Cruise Control: Adaptive Cruise Control (ACC) with Low-Speed Follow, Apple CarPlay/Android Auto, Heated Front Bucket Seats, Lane departure: Lane Keeping Assist System (LKAS) active, Power moonroof, and Wheels: 17 x 7.5 Pewter Gray.  These vehicles have been cosmetically reconditioned and professionally detailed. All mechanical and electrical systems operate as designed. Call today to schedule a test drive!",https://www.autotrader.com/cars-for-sale/vehicle/753819898?city=Pittsburgh&listingType=USED&makeCode=HONDA&modelCode=ACCORD&state=PA
327,0,19277.0,2019,"340 Walmart Rd, Uniontown, PA 15401",55420.0,4, Champagne Frost Pearl Exterior, 1.5L 4-Cylinder Turbo Gas Engine,"Fully serviced & ready to go!, Clean Carfax. ONLY 55,420 Miles! WAS $19,962, PRICED TO MOVE $4,700 below J.D. Power Retail!, FUEL EFFICIENT 38 MPG Hwy/30 MPG City! Lane Keeping Assist, AUX Input, Aluminum Wheels, Back-Up Camera.  KEY FEATURES INCLUDE Back-Up Camera, AUX Input, Lane Keeping Assist Honda LX 1.5T with Champagne Frost Pearl exterior and Ivory interior features a 4 Cylinder Engine with 192 HP at 5500 RPM*. Fresh inspection, Vehicle history report available, Non-smoker  EXPERTS ARE SAYING Edmunds.coms review says It has the practical stuff locked down: The trunk is positively huge, as is the cabin. Honda has the tech front covered, too. A considerable number of advanced safety features are standard. .  A GREAT TIME TO BUY Fully serviced & ready to go! Was $19,962. This Accord Sedan is priced $4,700 below J.D. Power Retail.  WHO WE ARE Wright Benefit is helping customers get more value buying from Wright. The WRIGHT Word: No NO gimmicks Come see how that value and statement gets you more when you buy the Wright Way  This ad could have errors so you must review the ad details and the actual vehicle. Check odometer at time of sale. Every vehicle has had paint or body repair. Ding removal and or touch up would make this statement true for every vehicle sold. 1 key for  Dealer Disclosure: Sales Tax, Title, License Fee, Registration Fee, Dealer Documentary Fee, Finance Charges, Emission Testing Fees and Compliance Fees are additional to the advertised price.",https://www.autotrader.com/cars-for-sale/vehicle/756472668?city=Pittsburgh&listingType=USED&makeCode=HONDA&modelCode=ACCORD&state=PA
328,0,26488.0,2024,"11410 PERRY HWY, Wexford, PA 15090",10165.0,4, Solar Silver Metallic Exterior,1.5L 4-Cylinder Turbo Gas Engine,"Baierl Acura is very proud to offer this wonderful 2024 Honda Accord in Solar Silver Metallic. This vehicle has been through our award winning factory trained service department*** and comes with the following features; Balance of Factory Warranty, Theres no back-and-forth, we offer one fair price, Accord EX, 4D Sedan, 1.5T I4 DOHC 16V Turbocharged VTEC, CVT, FWD, Solar Silver Metallic, Gray Cloth, 4-Wheel Disc Brakes, 8 Speakers, ABS brakes, Adaptive Cruise Control: Adaptive Cruise Control (ACC) with Low-Speed Follow, Air Conditioning, AM/FM radio, Auto High-beam Headlights, Automatic temperature control, Blind Spot Information (BSI) System warning, Brake assist, Bumpers: body-color, Compass, Delay-off headlights, Driver door bin, Driver vanity mirror, Dual front impact airbags, Dual front side impact airbags, Electronic Stability Control, Emergency communication system: HondaLink Assist, Exterior Parking Camera Rear, Fabric Seat Trim, Four wheel independent suspension, Front anti-roll bar, Front Bucket Seats, Front Center Armrest, Front dual zone A/C, Fully automatic headlights, Heated Front Bucket Seats, Heated front seats, Illuminated entry, Knee airbag, Lane departure: Lane Keeping Assist System (LKAS) active, Low tire pressure warning, Occupant sensing airbag, Outside temperature display, Overhead airbag, Overhead console, Panic alarm, Passenger vanity mirror, Power driver seat, Power moonroof, Power steering, Power windows, Radio data system, Radio: 180-Watt AM/FM Audio System, Rear anti-roll bar, Rear reading lights, Rear side impact airbag, Rear window defroster, Remote keyless entry, Security system, Speed control, Speed-sensing steering, Split folding rear seat, Steering wheel mounted audio controls, Tachometer, Tilt steering wheel, Traction control, Trip computer.   CARFAX One-Owner. Clean CARFAX.  Odometer is 10036 miles below market average! 29/37 City/Highway MPG Priced below KBB Fair Purchase Price!   Whether you are looking for a new or used Acura, or a quality pre-owned vehicle, you will find it here. We have helped many customers in or near Wexford, Pittsburgh, Gibsonia, Cranberry Twp, Mars, McCandless Twp, Sewickley, Allison Park, Coraopolis, Glenshaw, Mt Lebanon, Hampton, Greenburg, McMurray and Fox Chapel find the Acura of their dreams! We know that prospective customers are extremely well educated when researching their next vehicle. Baierl Acura has made it easy to get all the available vehicle information so you can spend less time researching and more time enjoying your purchase. Check out our new specials and used specials for additional savings on your next vehicle. As a premier Pennsylvania Acura dealer, we have a huge selection of new and used vehicles from which to choose. Baierl Acura online and offline customers enjoy vehicle specials every day. We offer Acura service & parts, an online inventory, and outstanding financing options, making Baierl Acura a preferred dealer serving Wexford, Pittsburgh, Gibsonia, Cranberry Twp, Mars, McCandless Twp, Sewickley, Allison Park, Coraopolis, Glenshaw, Mt Lebanon, Hampton, Greenburg, McMurray and Fox Chapel area Acura buyers. Ready to set up a test drive? Visit our Pittsburgh area Acura dealership in Wexford, PA today! ***As Is vehicles over 80k miles are budget friendly and typical service policies may not apply. See dealer for details. Plus tax, title & license. Doc fee of $464 not included in price. On Approved Credit. We are just on click away at www.baierlacura.com, call 878-332-5963 , or stop in at 11410 Perry Hwy, Wexford PA, 15090. Some of our Pre-Owned vehicles may be subject to unrepaired safety recalls. Check for a vehicle￢??s unrepaired recalls by VIN at http://vinrcl.safercar.gov/vin/",https://www.autotrader.com/cars-for-sale/vehicle/757631212
329,0,20173.0,2018,"340 Walmart Rd, Uniontown, PA 15401",74965.0,4, Kona Coffee Metallic Exterior, 1.5L 4-Cylinder Turbo Gas Engine,"Fully serviced & ready to go! 4 new tires! JUST REPRICED FROM $20,582, PRICED TO MOVE $2,700 below J.D. Power Retail!, FUEL EFFICIENT 38 MPG Hwy/30 MPG City! Moonroof, Heated Leather Seats, Lane Keeping Assist, AUX Input, Back-Up Camera  KEY FEATURES INCLUDE Heated Driver Seat, Back-Up Camera, Satellite Radio, AUX Input, Lane Keeping Assist. Honda EX-L 1.5T with Kona Coffee Metallic exterior and Black interior features a 4 Cylinder Engine with 192 HP at 5500 RPM*. Fresh inspection, Vehicle history report available, Non-smoker  EXPERTS ARE SAYING The Accord has a lot of strengths on the road. The drivetrain responds quickly and provides sufficient power. The car corners well, sticking to the road with no drama, and the brakes feel natural and strong. -Edmunds.com.  A GREAT TIME TO BUY Fully serviced & ready to go! Was $20,582. This Accord Sedan is priced $2,700 below J.D. Power Retail.  OUR OFFERINGS Wright Benefit is helping customers get more value buying from Wright. The WRIGHT Word: No NO gimmicks Come see how that value and statement gets you more when you buy the Wright Way  This ad could have errors so you must review the ad details and the actual vehicle. Check odometer at time of sale. Every vehicle has had paint or body repair. Ding removal and or touch up would make this statement true for every vehicle sold. 1 key for",https://www.autotrader.com/cars-for-sale/vehicle/755287852
330,0,27399.0,2024,"21200 Rt 19, Cranberry Township, PA 16066",11258.0,4, Radiant Red Exterior,1.5L 4-Cylinder Turbo Gas Engine,"CarShop is completely free of the usual haggling because our salespeople are not paid on a commission basis. Our best price is already on the sticker, often hundreds lower than Kelley Blue Book. CarShop Certified vehicles have warranties on everything down to the wiper blades for 6 months or 6,000 miles. We also offer the unique Lifetime Engine Guarantee on every CarShop Certified vehicle. You can return your CarShop Certified vehicle up to five days after the sale - no questions asked. To answer any questions you may have on this vehicle please visit us at www.carshop.com.    Only 11,258 Miles! Boasts 37 Highway MPG and 29 City MPG! Dealer Certified Pre-Owned. This Honda ACCORD boasts a Intercooled Turbo Regular Unleaded I-4 1.5 L/91 engine powering this Automatic transmission. Wheels: 17"" x 7.5"" Pewter Gray, Vehicle Stability Assist (VSA) Electronic Stability Control (ESC), Valet Function.  * This Honda ACCORD Features the Following Options * Urethane Gear Shifter Material, Trunk Rear Cargo Access, Trip Computer, Transmission: Continuously Variable -inc: econ and normal modes, Traffic Jam Assist, Tires: 225/50R17 94V AS, Tire Specific Low Tire Pressure Warning, Strut Front Suspension w/Coil Springs, Steel Spare Wheel, Speed Sensitive Variable Intermittent Wipers.",https://www.autotrader.com/cars-for-sale/vehicle/755319022
331,0,32604.0,2025,"10430 PERRY HWY, Wexford, PA 15090",248.0,4, Still Night Pearl Exterior,Hybrid: Gas/Electric,"Baierl Honda is pleased to offer this superb 2025 Honda Accord Hybrid in Still Night Pearl. This vehicle has been inspected by our award winning service team and comes with the following features; Honda True Certified, Accord Hybrid Sport, 4D Sedan, 2.0L I4 DOHC 16V, eCVT, FWD, Black Cloth.  HondaTrue Certified Details:  * Vehicles purchased within New Vehicle Limited Warranty period: extends New Vehicle Limited Warranty to 5 years*/60,000 miles*. Honda Care Roadside Assistance for 2 year/100,000 miles (whichever occurs first). Up to two complimentary oil changes within the first year of ownership. SiriusXM 90-Day Trial. * Vehicle History * Powertrain Limited Warranty: 84 Month/100,000 Mile (whichever comes first) from original in-service date * Warranty Deductible: $0 * Limited Warranty: 24 Month/100,000 Mile (whichever comes first) after new car warranty expires or from certified purchase date * Roadside Assistance * Transferable Warranty * 182 Point Inspection   CARFAX One-Owner. Clean CARFAX.  Odometer is 3974 miles below market average! 46/41 City/Highway MPG  Welcome to Baierl Honda, a 5 Star Carfax Top Rated Dealer and recipient of the Consumer Satisfaction Award from DealerRater. Let us help you find the deal youre looking for near Pittsburgh, North Park, McCandless, Franklin Park, Moon Twp, North Hills, Cranberry Twp, Wexford, Eastern Ohio, and Weirton, WV. When you are ready, make the short drive over to Baierl Honda. We are located at 10432 Perry Hwy, Wexford, PA 15090. Just minutes away from North Allegheny Senior High and UPMC Passavant-McCandless. Contact us for directions or stop by our state-of-the-art showroom for more information, available offers, and financing options. Be sure to read what previous customers have said about their experiences with us as well! Convenient Location - Large Selection - Experienced Sales Staff - Friendly Service - Hassle Free Experience - Service and Parts Open 6 Days a week. We continue to monitor information from state health authorities and the CDC for their guidance and recommendations on how we can help to prevent the spread of this virus. Together, we can maintain a healthy environment and combat the spread of COVID-19. Our steps include: Thorough cleanings of all dealership facilities daily, Sanitizing gel and foam stations available on-site, Providing our staff with specific instructions on hand washing and the importance of staying home if they are not feeling well, and adhering to the recommended six feet of social distance from other staff and customers. We strive to make every experience at our dealership an excellent one. We will respect your time. We offer Market Based Pricing and complimentary pickup and delivery. You can have your purchase delivered to your home or office and expect a free loaner when in for service. Start your journey today by calling us at 878-332-5747 for New Vehicles, 878-332-5747 for Pre-Owned, or visit us online at www.baierlhonda.com ",https://www.autotrader.com/cars-for-sale/vehicle/756020172
332,0,12990.0,2015,"5019 US 30, Greensburg, PA 15601",105619.0,4, Basque Red Pearl Ii Exterior, Basque Red Pearl Ii Exterior,"Sunroof, CD Player, Dual Zone A/C, Back-Up Camera, Bluetooth®, Keyless Entry, Keyless Start, Alloy Wheels, iPod/MP3 Input, Serviced here, Originally bought here, Has New Tires, Locally Owned and Traded.  KEY FEATURES INCLUDE Keyless Start, Keyless Entry, iPod/MP3 Input, Bluetooth®, Back-Up Camera, Dual Zone A/C, Aluminum Wheels, Power Tilt/Sliding Sun Roof, CD Player. MP3 Player, Remote Trunk Release, Steering Wheel Controls, Child Safety Locks, Electronic Stability Control. Honda EX with Basque Red Pearl II exterior and Ivory interior features a 4 Cylinder Engine with 185 HP at 6400 RPM*.  PURCHASE WITH CONFIDENCE CARFAX 1-Owner Clean  VEHICLE REVIEWS Edmunds.coms review says Both front and rear occupants will find plenty of legroom and shoulder room. The sedans backseat is one of the best in this class, thanks to its combination of space and comfort..  EXCELLENT SAFETY FOR YOUR FAMILY Brake Assist, 4-Wheel ABS, Tire Pressure Monitoring System, 4-Wheel Disc Brakes  OUR OFFERINGS Complimentary Lifetime PA Inspection available with every purchase. Plus a complimentary car wash every time your vehicle is in for service.  Pricing analysis performed on 8/26/2025. Horsepower calculations based on trim engine configuration. Fuel economy calculations based on original manufacturer data for trim engine configuration. Please confirm the accuracy of the included equipment by calling us prior to purchase.  Dealer Disclosure: Sales Tax, Title, License Fee, Registration Fee, Dealer Documentary Fee, Finance Charges, Emission Testing Fees and Compliance Fees are additional to the advertised price.",https://www.autotrader.com/cars-for-sale/vehicle/752705465
333,0,31988.0,2023,"5019 US 30, Greensburg, PA 15601",25404.0,4, Canyon River Blue Metallic Exterior,Canyon River Blue Metallic Exterior,"CARFAX 1-Owner, Clean. PRICED TO MOVE $6,300 below J.D. Power Retail! Touring trim. Nav System, Heated Leather Seats, Back-Up Camera, Keyless Entry, Aluminum Wheels, Heated Rear Seat, Keyless Start, Local Trade in.  A GREAT TIME TO BUY This Accord is priced $6,300 below J.D. Power Retail.  KEY FEATURES INCLUDE Heated Driver Seat, Heated Rear Seat, Keyless Start, Keyless Entry, Back-Up Camera MP3 Player, Steering Wheel Controls, Child Safety Locks, Electronic Stability Control, Rain Sensing Wipers. Honda Touring with Canyon River Blue Metallic exterior and Black interior features a 4 Cylinder Engine with 204 HP at 6100 RPM*.  BUY WITH CONFIDENCE CARFAX 1-Owner  EXCELLENT SAFETY FOR YOUR FAMILY Blind Spot Monitor, Cross-Traffic Alert, Lane Keeping Assist, Brake Assist, 4-Wheel ABS, 4-Wheel Disc Brakes, Tire Pressure Monitoring System  WHO WE ARE We are conveniently located on Route 30 in Greensburg, PA, just 1/2 mile east of Westmoreland Mall. We are a short distance from Johnstown, Monroeville, Pittsburgh and Washington, PA.  For complete information on recalls, safety technologies, crash test ratings, car seats, tire safety and more, visit safercar.gov. Pricing analysis performed on 7/24/2025. Horsepower calculations based on trim engine configuration. Please confirm the accuracy of the included equipment by calling us prior to purchase.",https://www.autotrader.com/cars-for-sale/vehicle/754851084
334,0,27717.0,2024,"307 Washington Road, Washington, PA 15301",19445.0,4, Meteorite Gray Metallic Exterior, 1.5L 4-Cylinder Turbo Gas Engine,"29/37 City/Highway MPG Clean CARFAX. CARFAX One-Owner.  Certified. HondaTru e Certified Details:  * Powertrain Limited Warranty: 84 Month/100,000 Mile (whichever comes first) from original in-service date * Warranty Deductible: $0 * Roadside Assistance * 182 Point Inspection * Transferable Warranty * Vehicles purchased within New Vehicle Limited Warranty period: extends New Vehicle Limited Warranty to 5 years*/60,000 miles*. Honda Care Roadside Assistance for 2 year/100,000 miles (whichever occurs first). Up to two complimentary oil changes within the first year of ownership. SiriusXM 90-Day Trial. * Vehicle History * Limited Warranty: 24 Month/100,000 Mile (whichever comes first) after new car warranty expires or from certified purchase date  2024 Honda Accord EX Meteorite Gray Metallic 1.5T I4 DOHC 16V Turbocharged VTEC CVT FWD Every new and used vehicle purchased at Washington Honda comes with complimentary lifetime PA state inspection and one free oil change.",https://www.autotrader.com/cars-for-sale/vehicle/754874787
335,0,17333.0,2020," Riverside, California, United States",103642.0,4,Gray,"4-Cyl, i-VTEC, Turbo, 1.5 Liter",2020 Honda Accord LX Sedan 4D,https://www.ebay.com/itm/397000319452?_skw=honda+accord&itmmeta=01K48CRQ4PZPXDW0R6DYPFNGRZ&hash=item5c6f1021dc:g:qUIAAeSwBzFopjkK&itmprp=enc%3AAQAKAAAA0FkggFvd1GGDu0w3yXCmi1dwIgSY%2FjmqCPZPAeKho5i49Quw4TUfTLQQx4P2m7%2BbSDW3J1VRAvtxYjtcKm8gorQGqNvdyVmxubhLqIIQT9ZT5YEQSytR5P4sDGBwFio0LgNJx0cPtebFt7OCpjOYw6G%2Bahsv7EI65Q0igYMO1WQk%2BXuYPVyUhv0aTM5j1fC%2FmeC3ltHwGZEWWeB3M6SMbTya%2BhIrFyvDIVIw3oySrjH4HmF2HOXfZS6wF8Vc36exr7%2BwhJ0P%2BIXb1NuZaNuUciU%3D%7Ctkp%3ABk9SR8ry4oyiZg&pfm=0
336,1,16999.0,2018,"Dallas, Texas, United States",92197.0,4,Black,"4-Cyl, i-VTEC, Turbo, 1.5 Liter",2018 Honda Accord EX-L Sedan 4D,https://www.ebay.com/itm/376521266915?_skw=honda+accord&itmmeta=01K48CRQ4PMN55SS9Y9QDXQSTG&hash=item57aa6a96e3:g:iX0AAeSws-tosdmE&itmprp=enc%3AAQAKAAAA8FkggFvd1GGDu0w3yXCmi1ddS2P3v7H%2FRw0keLioSeCoBUOUMLSmfhzOJzhTusDSJuKYNJQhZxEDqJLV60UxYEnG64e%2BaBOkywo8iUYZz7DnnymKZ3FWFFWw8vlJojifvUef3lVDtdsiulifLV7s1dFzEmVUbog0bveebEEfSU%2BOS0m7WrOJXam1Amt49xH4qfEBJhC4iEuaM0rDFnr2UneVfdOnjT5icCjML%2Bj8Aahr5OA13OKVM7Bn7UcTQi4scpLMHukkkKrrYmqrCMj8B3Up5T%2BIgbs%2Bf4m19d8Pp2AS6B3Z83Xs9fVVOKrDBUnotw%3D%3D%7Ctkp%3ABk9SR8ry4oyiZg&pfm=0
337,0,13400.0,2014," Greensboro, North Carolina, United States",132688.0,4,Black,2.4L I4 DOHC i-VTEC 16V,2014 Honda Accord EX-L,https://www.ebay.com/itm/326748834100?_skw=honda+accord&itmmeta=01K48DGR2VAQXBXXSYRG7Y8A9A&hash=item4c13bf8934:g:X34AAOSwQm1oVcIl&itmprp=enc%3AAQAKAAAA8FkggFvd1GGDu0w3yXCmi1flIZJhuNAanSDRIXJjIT1Qhc%2BlT3ml%2FFg1MGSYa2Sw0wbUgA8PkxwQ42RQDewkHlk5LpxX6kbGtqcTLtjuLQXB95h%2FdpjtKh1rQwbG3ZGL5JZKNZ3cgihc%2FhdhmL0kD%2FUNyeUxt8JzvrnJK0q1XWHK8FwiwBKsuXKNam5wucsadSDHAhfv9aHf2vGnr8z3BROdzuHsYJhc5mHwIHr4rsKMU%2BM9XnZ43xGAHiwM1Dvwe09%2BFPKc9eNSp%2FlKRTja%2Bd6QfORFilmiS68mRRdmiMvKn%2BRJwpl4Dyol%2B%2B0Dtf%2F2dQ%3D%3D%7Ctkp%3ABk9SR9qBw42iZg&pfm=0
338,0,26150.0,2024,"Greensboro, North Carolina, United States",12083.0,4,White,1.5T I4 DOHC 16V Turbocharged VTEC,2024 Honda Accord EX,https://www.ebay.com/itm/326752072855?_skw=honda+accord&itmmeta=01K48DGR2VM5GRMYFK645SGYCR&hash=item4c13f0f497:g:cVAAAeSwo6los1rQ&itmprp=enc%3AAQAKAAAA8FkggFvd1GGDu0w3yXCmi1dZFCNv1JDukboAGUrzptPbDvm6SlN%2B4gV8RVJIf1HLQKW4aOpWPKIuJWQaA2TSiRnNwcHWCA16PwFB4wofliw6K8weNznldK71dPeL7oj0UTmLJnNP4g8otYazQm9ZqGgmd4Hl%2Fe%2FvBxDa%2BXbVXfAyVCib2f%2BvTsmezFnzxDaQvOR2PdAp18jw%2FUoFqUig8LSL0dRgZ2zLv%2Fu%2FWc5uao58NcGkppYM99YT6wXikzQIwUSqfbepB36i9X6JjSLICPybZu3sBAIRM6ar5SldsXTammFBsNa6GIgTJwNQWOrF1g%3D%3D%7Ctkp%3ABk9SR9qBw42iZg&pfm=0
339,0,4200.0,2009,"Orlando, Florida, United States",200659.0,4,Silver, 2.4L,2009 Honda Accord EXL,https://www.ebay.com/itm/205697930829?_skw=honda+accord&itmmeta=01K48DGR2V0T424QQ6Y5B03HF7&hash=item2fe48d564d:g:ju0AAeSwEatoiyCZ&itmprp=enc%3AAQAKAAAA8FkggFvd1GGDu0w3yXCmi1cA9iPtpdwC6hNU8aUQaGvmGe89%2BxtDrc7diDMeHH7V3GR74uHGvBwqXV%2B8VTFRYU9MMrnrKV0siOSHJMaakoWQSu0HM4gd8oecU3ChT7aDRzUQzX6WJGz%2FH4pXZQ8%2FKriwEhgeG%2B6hzIeO%2F4D0Ck3pIKK2AH8RQ9kcqQlub5vERSYDngjg76yDt44vrR88MBVcpGz%2BLYtq6W2Czc%2BzL4K4Lrf%2BS0iZ0hZgz8hs0sHDCjSZFNVqHKnqt2zp9mRZ1d7nPUziQts6v0szDbIyB%2F59HdgsYXgazcVOtRli5qQn5A%3D%3D%7Ctkp%3ABk9SR9iBw42iZg&pfm=0
340,0,15995.0,2015,"Pittsburgh, Pennsylvania, United States",70349.0,4,Brown,4 Cylinder Engine," Used 2015 Honda Accord                                     Used 2015 Honda Accord  1 / 39  Used 2015 Honda Accord in Pittsburgh, PA",https://www.deanhonda.com/auto/used-2015-honda-accord-pittsburgh-pa/109824206/
341,0,23990.0,2021,"Bridgeville, Pennsylvania, United States",27517.0,4,White,"4-Cyl, i-VTEC, Turbo, 1.5 Liter",2021 Honda Accord  LX Sedan 4D,https://www.carvana.com/vehicle/3792581?refSource=srp#vehicle-details
342,0,19990.0,2017,"Bridgeville, Pennsylvania, United States",65684.0,4,Black,"4-Cyl, i-VTEC, 2.4 Liter",2017 Honda Accord  EX-L Sedan 4D,https://www.carvana.com/vehicle/3834509?refSource=srp
343,0,14590.0,2013,"Bridgeville, Pennsylvania, United States",118263.0,2,Blue,1HGCT1B88DA011116,2013 Honda Accord  EX-L Coupe 2D,https://www.carvana.com/vehicle/3697463?refSource=srp
344,0,19990.0,2017,"Bridgeville, Pennsylvania, United States",76833.0,4,Red,"4-Cyl, i-VTEC, 2.4 Liter",2017 Honda Accord  Sport Sedan 4D,https://www.carvana.com/vehicle/3856514?refSource=srp#vehicle-details
345,0,9995.0,2014,"Sunland, CA",134169.0,4,Gold,185 hp 2.4L I4,"Our One Owner 2014 Honda Accord LX Sedan, shown in beautiful Champagne Frost Pearl, is synonymous with comfort and performance. Powered by a 2.4 Liter 4 Cylinder that produces 185hp paired with an innovative CVT. Our Front Wheel Drive sedan rewards you with nearly 36mpg on the highway has responsive acceleration not found in other brands in its class, and continues to be the gold standard in form-meeting function. Angular side sculpting and a bold grille give our LX a sporty yet sophisticated flair. Take a look inside our LX and notice the comfortable, well-appointed interior that offers ample passenger space and a multi-functional 8-inch display communicates with the car's technology to be your official command center and to provide you with a personalized driving experience at your fingertips with steering wheel-mounted controls. You'll appreciate dual-zone automatic climate control, a rearview camera, and a sound system with iPod/USB integration and Pandora functionality. Thanks to Honda and its advanced compatibility engineering body structure, numerous airbags, and responsive braking, you know your precious cargo will be kept out of harm's way in this sedan. The quality engineering behind the Accord LX sedan makes it the obvious choice. Save this Page and Call for Availability. We Know You Will Enjoy Your Carfluent Test Drive Towards Ownership! .",https://www.cargurus.com/Cars/inventorylisting/viewDetailsFilterViewInventoryListing.action?searchId=372e7450-4262-4315-b101-ce48073ed391&zip=90009&distance=50&entitySelectingHelper.selectedEntity=d585&sourceContext=untrackedExternal_false_0&sortDir=DESC&sortType=AGE_IN_DAYS&makeModelTrimPaths=m6%2Fd585&makeModelTrimPaths=m6&srpVariation=DEFAULT_SEARCH&isDeliveryEnabled=true&shouldPersistSortSelection=true&nonShippableBaseline=0#listing=388152386/NONE/DEFAULT
346,0,23293.0,2023,,30719.0,4,Black,192 hp 1.5L I4,"Full dealer inspection and recently serviced. Extended warranties available for full peace of mind. We welcome all third party inspectors on site. We also offer a 3 day, 300 mile return policy on all used vehicles. Inquire for details. Price Includes: $1,000 Finance Assistance - Dealer Provided Rebate. COMPLETE DETAIL, DEALER INSPECTED, Cloth. CARFAX One-Owner. 4D Sedan 29/37 City/Highway MPG Priced below KBB Fair Purchase Price! We are a factory authorized INFINITI new car sales and service dealership. We offer nationwide financing for our customers with rates as low as 0.9%! We also ship nationwide at wholesale rates, lower than any broker - and we offer extended warranties for protection after the sale. Please ask us for a full walkaround or FaceTime video for full peace of mind.",https://www.cargurus.com/Cars/inventorylisting/viewDetailsFilterViewInventoryListing.action?searchId=372e7450-4262-4315-b101-ce48073ed391&zip=90009&distance=50&entitySelectingHelper.selectedEntity=d585&sourceContext=untrackedExternal_false_0&sortDir=DESC&sortType=AGE_IN_DAYS&makeModelTrimPaths=m6%2Fd585&makeModelTrimPaths=m6&srpVariation=DEFAULT_SEARCH&isDeliveryEnabled=true&shouldPersistSortSelection=true&nonShippableBaseline=0#listing=398666305/NONE/NATIONWIDE_SHIPPING
347,0,23083.0,2022,"10432 Perry Hwy, Wexford, PA 15090",92142.0,4,Black,1.5L 4 Cylinder Engine,"Baierl Honda is excited to offer this charming 2022 Honda Accord in Black. This vehicle has been inspected by our award winning service team and comes with the following features; Accord Sport Special Edition, 4D Sedan, 1.5T I4 DOHC 16V Turbocharged VTEC, CVT, FWD, Black, Black Leather.",https://www.baierlhonda.com/used/Honda/2022-Honda-Accord-fd47148dac1818cc9ffc769c8dbd378a.htm
348,0,28376.0,2025,"10432 Perry Hwy, Wexford, PA 15090",7424.0,4,Black,1.5L 4 Cylinder Engine,Baierl Honda is pleased to offer this great-looking 2025 Honda Accord in Crystal Black Pearl. This vehicle has been inspected by our award winning service team and comes with the following features; CARFAX One-Owner. Clean CARFAX.  29/37 City/Highway MPG,https://www.baierlhonda.com/used/Honda/2025-Honda-Accord-f9de6fb2ac182624a36828a72b0ff6c7.htm
349,0,24602.0,2022,"10432 Perry Hwy, Wexford, PA 15090",55717.0,4,Lunar Silver Metallic,1.5L 4 Cylinder Engine,"* Vehicle History * Powertrain Limited Warranty: 84 Month/100,000 Mile (whichever comes first) from original in-service date * Roadside Assistance * 182 Point Inspection * Transferable Warranty * Limited Warranty: 24 Month/100,000 Mile (whichever comes first) after new car warranty expires or from certified purchase date * Vehicles purchased within New Vehicle Limited Warranty period: extends New Vehicle Limited Warranty to 5 years*/60,000 miles*. Honda Care Roadside Assistance for 2 year/100,000 miles (whichever occurs first). Up to two complimentary oil changes within the first year of ownership. SiriusXM 90-Day Trial. * Warranty Deductible: $0",https://www.baierlhonda.com/certified/Honda/2022-Honda-Accord-cb827bc5ac183d5c6d318c5bc97e58f3.htm
350,0,9598.0,2012,"106 Harper Dr Belle Vernon, PA 15012",143155.0,4,Polished Metal Metallic,Gas I4 2.4L/144,"Fresh Oil Change, 17 x 7.5 Alloy Wheels, 4-Wheel Disc Brakes, 7 Speakers, ABS brakes, Air Conditioning, AM/FM radio: XM, Anti-whiplash front head restraints, Automatic temperature control, Brake assist, CD player, Delay-off headlights, Dual front impact airbags, Dual front side impact airbags, Electronic Stability Control, Four wheel independent suspension, Front anti-roll bar, Front dual zone A/C, Fully automatic headlights, Low tire pressure warning, Occupant sensing airbag, Overhead airbag, Panic alarm, Power driver seat, Power moonroof, Power steering, Power windows, Radio data system, Rear anti-roll bar, Rear window defroster, Remote keyless entry, Security system, Speed control, Speed-sensing steering, Steering wheel mounted audio controls, Traction control, XM Radio, Alloy wheels, Auto-dimming Rear-View mirror, Bumpers: body-color, Driver door bin, Driver vanity mirror, Front Bucket Seats, Front Center Armrest, Front reading lights, Heated door mirrors, Heated Front Bucket Seats, Heated front seats, Illuminated entry, Leather Shift Knob, Leather-Trimmed Seat Trim, Outside temperature display, Overhead console, Passenger door bin, Passenger vanity mirror, Power door mirrors, Power passenger seat, Rear seat center armrest, Speed-Sensitive Wipers, Tachometer, Telescoping steering wheel, Tilt steering wheel, Variably intermittent wipers, AS-IS VEHICLE, 17 x 7.5 Alloy Wheels, 4-Wheel Disc Brakes, 7 Speakers, ABS brakes, Air Conditioning, AM/FM radio: XM, Anti-whiplash front head restraints, Automatic temperature control, Brake assist, CD player, Delay-off headlights, Dual front impact airbags, Dual front side impact airbags, Electronic Stability Control, Four wheel independent suspension, Front anti-roll bar, Front dual zone A/C, Fully automatic headlights, Low tire pressure warning, Occupant sensing airbag, Overhead airbag, Panic alarm, Power driver seat, Power moonroof, Power steering, Power windows, Radio data system, Rear anti-roll bar, Rear window defroster, Remote keyless entry, Security system, Speed control, Speed-sensing steering, Steering wheel mounted audio controls, Traction control, XM Radio.",https://www.charperhonda.com/used-Vernon-2012-Honda-Accord-EX+L+24-1HGCP2F87CA167795
351,0,21588.0,2021,"5854 University Boulevard MOON TOWNSHIP, PA 15108",56753.0,4,Red,"1.5L I-4 gasoline direct injection, DOHC, i-VTEC variable valve control, intercooled turbo, regular unleaded, engine with 192HP","Back-Up Camera, Turbocharged, iPod/MP3 Input, Onboard Communications System, Aluminum Wheels, Keyless Start, Dual Zone A/C, Apple CarPlay, Smart Device Integration, Lane Keeping Assist. MP3 Player, Keyless Entry, Steering Wheel Controls, Child Safety Locks, Electronic Stability Control. Honda LX with Radiant Red Metallic exterior and Ivory interior features a 4 Cylinder Engine with 192 HP at 5500 RPM*.",https://www.northstarchevy.net/used-Pennsylvanias+-2021-Honda-Accord-LX-1HGCV1F10MA069647
352,0,16900.0,2017,"Portland, OR",62612.0,4,White Orchid Pearl,2.4L Inline-4 Gas,"KEY FEATURES INCLUDE Back-Up Camera, iPod/MP3 Input, Bluetooth®, CD Player, Aluminum Wheels  EXPERTS CONCLUDE newCarTestDrive.coms review says The Accord delivers an excellent ride and nicely balanced handling. Road manners rank as stellar. Unlike some electric power steering systems, Hondas inspires confidence, offering good centering and largely linear weighting..",https://www.truecar.com/used-cars-for-sale/listing/1HGCR2F3XHA302807/2017-honda-accord/?position=22&returnTo=%2Fused-cars-for-sale%2Flistings%2Fhonda%2Flocation-portland-or%2F&sourceType=marketplace
353,0,16995.0,2013,"Loretto, MN",41900.0,4,Alabaster Silver Metallic,2.4L Inline-4 Gas,"Equipped with advanced safety features such as electronic stability control and anti-lock brakes, the 2013 Honda Accord EX-L offers peace of mind for you and your passengers.  Don't miss your chance to own this top-of-the-line model from Honda. Come test drive the 2013 Honda Accord EX-L today and experience the perfect combination of style, performance, and safety. Hurry, this car won't last long!",https://www.truecar.com/used-cars-for-sale/listing/1HGCR2F85DA271813/2013-honda-accord/?position=0&returnTo=%2Fused-cars-for-sale%2Flistings%2Fhonda%2Faccord%2Flocation-wabasso-mn%2F&sourceType=marketplace&zipcode=56293
354,0,27682.0,2024,"Gallatin, TN",37737.0,4,Platinum White Pearl,2.0L Inline-4 Hybrid,"* LOCAL TRADE, * CLEAN AUTOCHECK, * ONE OWNER, * NEW TIRES, * GOOD TIRES, * NEW BRAKES, * GOOD BRAKES, * NON SMOKER, * APPLE CARPLAY / ANDROID AUTO, * BACKUP CAMERA, * BLUETOOTH, * HONDA CERTIFIED, * HEATED SEATS, * PUSH BUTTON START, * SPORT PACKAGE, * ALLOY WHEELS, 4D Sedan, Platinum White Pearl. Recent Arrival! 46/41 City/Highway MPG Certified. HondaTrue Certified Details: * Powertrain Limited Warranty: 84 Month/100,000 Mile (whichever comes first) from original in-service date * Limited Warranty: 24 Month/100,000 Mile (whichever comes first) after new car warranty expires or from certified purchase date * Roadside Assistance * Transferable Warranty * Vehicle History * 182 Point Inspection * Vehicles purchased within New Vehicle Limited Warranty period: extends New Vehicle Limited Warranty to 5 years*/60,000 miles*. Honda Care Roadside Assistance for 2 year/100,000 miles (whichever occurs first). Up to two complimentary oil changes within the first year of ownership. SiriusXM 90-Day Trial. * Warranty Deductible: $0",https://www.truecar.com/used-cars-for-sale/listing/1HGCY2F58RA032837/2024-honda-accord/?position=32&returnTo=%2Fused-cars-for-sale%2Flistings%2Fhonda%2Faccord%2Flocation-williamsport-tn%2F&sourceType=marketplace
355,0,22998.0,2020,"Charlotte, NC",44929.0,4,Tan,1.5L Inline-4 Gas Turbocharged,"CarMax values transparency and wants you to love your next car, not settle on it. Certain vehicles may have unrepaired safety recalls. Check nhtsa.gov/recalls to learn if this vehicle has an unrepaired safety recall. At CarMax, finding the right car is easy. You can shop online, get pre-qualified with no impact to your credit, and receive a trade-in offer all from the comfort of home. See carmax.com for details. Then, when it's time to buy, you can take advantage of express pickup at your local CarMax. And we stand behind every used car we sell with a 90-Day/4,000-Mile (whichever comes first) Limited Warranty. See store for details. Price excludes tax, title, tags and $599 CarMax processing fee (not required by law). Price assumes that final purchase will be made in the State of NC, unless vehicle is non-transferable. Vehicle subject to prior sale. Applicable transfer fees are due in advance of vehicle delivery and are separate from sales transactions. Inventory shown here is updated every 24 hours.Prior Use:Fleet",https://www.truecar.com/used-cars-for-sale/listing/1HGCV1F12LA012221/2020-honda-accord/?position=22&returnTo=%2Fused-cars-for-sale%2Flistings%2Fhonda%2Faccord%2Flocation-pinehurst-nc%2F&sourceType=marketplace&zipcode=28227
356,0,29998.0,2022,"Hillside, IL",9517.0,4,Blue,2.0L Inline-4 Hybrid,"The list price of $29,998 for this 2022 Honda Accord is a high price! The average list price for similar models is $27,572.",https://www.truecar.com/used-cars-for-sale/listing/1HGCV3F2XNA037942/2022-honda-accord/?position=24&returnTo=%2Fused-cars-for-sale%2Flistings%2Fhonda%2Faccord%2Flocation-wauzeka-wi%2F&sourceType=marketplace&zipcode=60162
357,0,21895.0,2018,"Bremerton, WA",65961.0,4,Black,1.5L 4-Cylinder Turbo Gas Engine,"2018 Honda Accord LX 1.5T I4 DOHC 16V Turbocharged VTEC FWD Modern Steel Metallic   30/38 City/Highway MPG   Awards: * JD Power Automotive Performance, Execution and Layout (APEAL) Study * ALG Residual Value Awards, Residual Value Awards * NACTOY 2018 North American Car of the Year * 2018 KBB.com 10 Most Awarded Brands * 2018 KBB.com Brand Image Awards Kelley Blue Book Brand Image Awards are based on the Brand Watch(tm) study from Kelley Blue Book Market Intelligence. Award calculated among non-luxury shoppers. For more information, visit www.kbb.com. Kelley Blue Book is a registered trademark of Kelley Blue Book Co., Inc.  Service records available on all pre-owned vehicles Service Contract and Maintenace Package available on most vehicles. We Want to Buy Your Vehicle!!! Get a True Cash Offer for Your Car in Minutes!!. Call us today to schedule your VIP Test Drive!",https://www.autotrader.com/cars-for-sale/vehicle/757597800?city=Seattle&listingType=USED&makeCode=HONDA&modelCode=ACCORD&sortBy=distanceASC&state=WA
358,0,33888.0,2024,"Bellevue, WA",17825.0,4,Black,Hybrid: Gas/Electric,"Check out this 2024 Honda Accord Hybrid Touring. Its Variable transmission and Gas/Electric I-4 2.0 L/122 engine will keep you going. This Honda Accord Hybrid features the following options: Wheels: 19"" x 8.5J Berlina Black -inc: machined face, Vehicle Stability Assist (VSA) Electronic Stability Control (ESC), Valet Function, Turn-By-Turn Navigation Directions, Trunk Rear Cargo Access, Trip Computer, Transmission: Electronic Continuously Variable -inc: econ, normal, sport and individual modes, Traffic Jam Assist, Tires: 235/40R19 96V AS, and Tire Specific Low Tire Pressure Warning.",https://www.autotrader.com/cars-for-sale/vehicle/750877872?city=Seattle&listingType=USED&makeCode=HONDA&modelCode=ACCORD&sortBy=distanceASC&state=WA
359,0,9999.0,2008,"Seattle, WA",80945.0,4,Silver,2.4L 4-Cylinder Gas Engine,"Superb condition, 1-owner, ultra low mileage 2008 Honda Accord EX-L! Clean title, no accidents, runs perfect, everything works, well maintained, and totally turnkey ready! This is the needle in the haystack of a well-kept, super low mileage, loaded Accord with a perfect Carfax and priced to move! Come see and drive to appreciate this gently used, top of the line, midsize sedan gem!",https://www.autotrader.com/cars-for-sale/vehicle/758294604?city=Seattle&listingType=USED&makeCode=HONDA&modelCode=ACCORD&sortBy=distanceASC&state=WA
360,1,6995.0,2011,"Bellevue, WA",121000.0,4,White, 2.4L 4-Cylinder Gas Engine,"Saturday and Sunday are by appointment only. Please call or text the owner, Jason Chen at .",https://www.autotrader.com/cars-for-sale/vehicle/757400909?city=Seattle&listingType=USED&makeCode=HONDA&modelCode=ACCORD&sortBy=distanceASC&state=WA
361,0,37888.0,2025,"Bellevue, WA",850.0,4,Grey, Hybrid: Gas/Electric,"Look at this certified 2025 Honda Accord Hybrid Touring. Its Variable transmission and Gas/Electric I-4 2.0 L/122 engine will keep you going. This Honda Accord Hybrid comes equipped with these options: Wheels: 19"" x 8.5J Berlina Black -inc: machined face, Vehicle Stability Assist (VSA) Electronic Stability Control (ESC), Valet Function, Turn-By-Turn Navigation Directions, Trunk Rear Cargo Access, Trip Computer, Transmission: Electronic Continuously Variable -inc: econ, normal, sport and individual modes, Traffic Jam Assist, Tires: 235/40R19 96V AS, and Tire Specific Low Tire Pressure Warning.",https://www.autotrader.com/cars-for-sale/vehicle/754849397?city=Seattle&listingType=USED&makeCode=HONDA&modelCode=ACCORD&sortBy=distanceASC&state=WA
362,0,19995.0,2015,"Lynnwood, WA",74747.0,4,Red,2.4L 4-Cylinder Gas Engine,"This Honda Accord EX-L, with a 2.4L I4 185hp 181ft. lbs. engine, features a CVT transmission, and generates 36 highway/27 city MPG. Find this vehicle with only 74747 miles! Honda Accord EX-L Options: This Honda Accord EX-L offers a multitude of options. Technology options include: In-Dash CD (MP3 Playback), In-Dash CD (single disc), Internet radio app (Pandora), Radio (AM/FM), Radio (touch screen display). Safety options include Front wipers (variable intermittent), Airbag deactivation (occupant sensing passenger), Front airbags (dual), Side airbags (front), Side curtain airbags (front).",https://www.autotrader.com/cars-for-sale/vehicle/758147936
363,0,17977.0,2016,"Burien, WA",78342.0,4,White, 2.4L 4-Cylinder Gas Engine,"-This 2016 Honda Accord comes equipped with, Ivory w/Leather-Trimmed Seats.  * All vehicles are one of each and are subject to prior sale. All Pre-Owned or certified vehicles are used. A negotiable documentary service fee of up to $200 may be added to the sale price or capitalized cost. All financing is subject to credit approval. Prices exclude tax, title, and license. Please consider verifying any information in question with a dealership sales representative. *MSRP is not the advertised selling price of the vehicle. MSRP means Manufacturers Suggested Retail Price and is for informational purposes only. Contact dealer for the selling price. All offers and sales contingent on the vehicle being titled in Washington state. MPG is based on EPA estimates for newly manufactured vehicles only. Actual rating will vary with driving conditions, habits, and vehicle condition. No sale is final or binding until buyer and dealer execute a written purchase agreement. Vehicle specifications, equipment, features, and options are for informational purposes only and may change or vary. Customer must verify actual vehicle specifications, equipment, features, and options prior to sale.Advertised price is the cash or financed price. Dealership will impose a 3% surcharge on all credit card transactions on the portion of the purchase price paid with a credit card. Paying a portion of the purchase price by credit card will increase the total amount paid. Dealership does not surcharge cash or debit transactions. Dealership reserves the right to restrict or limit the use of credit cards in vehicle sales transactions.  Subject to prior sale. All transactions are negotiable including price, trade allowance, interest rate (of which the dealer may retain a portion), term, and documentary service fee. Any agreement is subject to execution of contract documents. Customers should verify the existence and condition of any equipment listed.",https://www.autotrader.com/cars-for-sale/vehicle/755973292
364,0,26506.0,2022,"Puyallup, WA",34488.0,4,White,1.5L 4-Cylinder Turbo Gas Engine,"Only 34,488 Miles! Scores 35 Highway MPG and 29 City MPG! This Honda Accord Sedan boasts a Intercooled Turbo Regular Unleaded I-4 1.5 L/91 engine powering this Variable transmission. Remote Keyless Entry w/Integrated Key Transmitter, Illuminated Entry, Illuminated Ignition Switch and Panic Button, Front Fog Lamps, Dual Zone Front Automatic Air Conditioning.  * This Honda Accord Sedan Features the Following Options * Wheels: 19"" Machine-Finished Alloy w/Black Inserts, Vehicle Stability Assist (VSA) Electronic Stability Control (ESC), Valet Function, Trunk Rear Cargo Access, Trip computer, Transmission: Continuously Variable -inc: sport mode and paddle shifters, Tires: 235/40R19 96V AS, Strut Front Suspension w/Coil Springs, Steel Spare Wheel, Speed Sensitive Variable Intermittent Wipers.",https://www.autotrader.com/cars-for-sale/vehicle/755320598
365,0,15995.0,2015,"Pittsburgh, PA",70349.0,4,,4 Cylinder Engine,"This 2015 Honda Accord Sedan LX has a beautiful exterior with interior. This vehicle has 70,349 miles has been thoroughly inspected by our factory trained service technicians and has been fully reconditioned for immediate delivery. We're happy to provide this Accord Sedan's CARFAX vehicle history report upon request as well.",https://www.deanhonda.com/auto/used-2015-honda-accord-pittsburgh-pa/109824206/
366,0,26795.0,2022,"Pittsburgh, PA",17826.0,4,Radiant Red Metallic,4 Cylinder Engine,"At CDJR of Greenville we believe that your car buying experience should be an enjoyable one. It's our goal to exceed your expectations in every way so that each and every time your family needs a car or truck, you know exactly where to go. We set out to accomplish that by staying firmly rooted in our values of integrity and professionalism in order to provide you with a truly superior customer service experience. A proud member of the Dean Auto Group, we're sure you'll find the quality new or used vehicle you want from the manufacturers you love! Find exactly what you're looking for at a price that makes you smile...  This 2022 Honda Accord Sedan EX-L has a beautiful RADIANT RED METALLIC exterior with interior. This vehicle has 17,826 miles has been thoroughly inspected by our factory trained service technicians and has been fully reconditioned for immediate delivery. We're happy to provide this Accord Sedan's CARFAX vehicle history report upon request as well.   One Owner!",https://www.deanhonda.com/auto/used-2022-honda-accord-sedan-exl-near-pittsburgh-pa/109185593/
367,0,21995.0,2018,"Pleasant Hills, PA",65264.0,4,Crystal Black Pearl,4 Cylinder Engine,"**1 OWNER**, **NEW TIRES**, **HEATED LEATHER SEATS**, MOONROOF   This 2018 Honda Accord Sedan EX-L 1.5T has a beautiful Crystal Black Pearl exterior with Ivory interior. This vehicle has 65,262 miles has been thoroughly inspected by our factory trained service technicians and has been fully reconditioned for immediate delivery. We're happy to provide this Accord Sedan's CARFAX vehicle history report upon request as well.",https://www.deanhonda.com/auto/used-2018-honda-accord-sedan-exl-15t-pittsburgh-pa/109483430/
368,0,34495.0,2025,"Pittsburgh, PA",7.0,4,Solar Silver Metallic,Engine: 2.0L I-4 DOHC 16-Valve Dual-VTC,"Safety and Security The vehicle is equipped with a system that senses, and then prepares, the vehicle and/or occupants, for an impending forward collision. The vehicle constantly monitors the roadway in front of the vehicle and identifies and tracks pedestrians on an interior display. If the system determines a likely impact, it will automatically take preventative steps to avoid hitting the pedestrian. With this system the driver's hands must remain on the wheel at all times but can be removed briefly (for a few seconds), otherwise the vehicle will prompt the driver to put their hands back on the wheel. Technology and Telematics Apple CarPlay/Android Auto smart device wireless mirroring Mobile devices can wirelessly connect to the internet through the vehicle's private mobile network.   No matter what your automotive needs may be, you'll find answers here at Dean Honda. This 2025 Honda Accord Hybrid EX-L has a beautiful Solar Silver Metallic exterior with Black interior.  We know that prospective customers are extremely well educated when researching their next vehicle. Dean Honda has made it easy to get all the available vehicle information so you can spend less time researching and more time enjoying your purchase. As a premier Pennsylvania Honda dealer, we have a huge selection of new and used vehicles from which to choose. Dean Honda online and offline customers enjoy vehicle specials every day. We offer Honda service & parts, an online inventory, and outstanding financing options, making Dean Honda a preferred dealer serving Pittsburgh, Pleasant Hills, Jefferson Hills, West Mifflin and Bethel Park area Honda buyers. Ready to set up a test drive? Visit our Pleasant Hills area Honda dealership in Pittsburgh, PA today! To verify availability on this vehicle please contact our client care team at 412-466-8120.  Our address is 911 Clairton Blvd Pittsburgh PA 15236.",https://www.deanhonda.com/auto/new-2025-honda-accord-hybrid-exl-pittsburgh-pa/108186658/
369,0,30705.0,2025,,0.0,4,Gray,1.5T I4 DOHC 16V Turbocharged VTEC,Tires: 225/50R17 94V AS Steel Spare Wheel Compact Spare Tire Mounted Inside Under Cargo Express Open/Close Sliding And Tilting Glass 1st Row Sunroof w/Sunshade Body-Colored Front Bumper Body-Colored Rear Bumper Chrome Side Windows Trim and Black Front Windshield Trim Body-Colored Door Handles Black Power Heated Side Mirrors w/Manual Folding Fixed Rear Window w/Defroster Light Tinted Glass Speed Sensitive Variable Intermittent Wipers Galvanized Steel/Aluminum Panels Black Grille Trunk Rear Cargo Access Auto On/Off Reflector Led Low/High Beam Daytime Running Auto High-Beam Headlamps w/Delay-Off LED Brakelights Headlights-Automatic Highbeams,https://www.cochran.com/inventory/new-2025-honda-accord-se-fwd-4d-sedan-1hgcy1f49sa061285/
371,0,32165.0,2025,"Pittsburgh, PA",0.0,4,Gray,1.5T I4 DOHC 16V Turbocharged VTEC,,https://rohrich.com/vehicle/2025-honda-accord-h251052/
372,0,32165.0,2025,"Pittsburgh, PA",0.0,4,Radiant Red Metallic,1.5T I4 DOHC 16V Turbocharged VTEC,,https://rohrich.com/vehicle/2025-honda-accord-h251047/
373,0,18590.0,2012,"Bridgeville, PA",31936.0,4,Silver,"V6, VTEC, 3.5 Liter","The 2012 Honda Accord EX-L sedan offers a comfortable and reliable ride with a suite of features that still provide value. Its spacious interior, user-friendly technology, and focus on safety make it a practical choice for families and commuters alike. This Accord provides a smooth driving experience and lasting quality.",https://www.carvana.com/vehicle/3807367?refSource=srp
374,0,20990.0,2019,"Bridgeville, PA",76072.0,4,Blue,"4-Cyl, i-VTEC, Turbo, 1.5 Liter","The 2019 Honda Accord Sport offers a compelling blend of practicality and sporty styling that remains appealing. This sedan provides a comfortable ride, user-friendly technology, and a spacious interior, making it a great choice for daily commutes and weekend trips. Its reputation for reliability and efficiency ensures lasting value.",https://www.carvana.com/vehicle/3768072?refSource=srp
375,0,20990.0,2019,"Bridgeville, PA",76072.0,4,Blue,"4-Cyl, i-VTEC, Turbo, 1.5 Liter","The 2019 Honda Accord Sport offers a compelling blend of practicality and sporty styling that remains appealing. This sedan provides a comfortable ride, user-friendly technology, and a spacious interior, making it a great choice for daily commutes and weekend trips. Its reputation for reliability and efficiency ensures lasting value.",https://www.carvana.com/vehicle/3768072?refSource=srp
376,0,31678.0,2024,"Davis, CA",257.0,4,Blue,4 Cyl,"CARFAX One-Owner. Leather Interior, Back Up Camera, Apple Car Play, Power Sunroof/Moonroof, Alloy Wheels, Blind Spot Monitor, Power Driver Seat, Power Passenger Seat, Bluetooth, Sport Package, Heated Seats, Spotless Inside and Out, Service Records, Low Miles, New Tires, Fully Serviced and Detailed, ULTRA NEW MILES, LIKE NEW. 46/41 City/Highway MPG 2024 Still Night Pearl Honda Accord Hybrid Sport-L FWD 2.0L 16V DOHC",https://www.carfax.com/vehicle/1HGCY2F78RA070151
377,0,39999.0,2025,"Auburn, WA",1079.0,4,Blue,4 Cyl,Thank you for your interest in this vehicle. Please contact our Sales Department today for more information.,https://www.carfax.com/vehicle/1HGCY2F80SA003400
378,0,27852.0,2024,OH,13204.0,4,Red,4,"This 2024 Honda Accord was recently traded in by our store here in Austinburg. From day one this 2024 Honda Accord was serviced right here at the dealership.  With a clean CARFAX and Honda True Certification, this Accord passed our comprehensive 182-point inspection and has been fully reconditioned to meet our highest standards. Its a perfect blend of reliability, efficiency, and long-term value.",https://www.carfax.com/vehicle/1HGCY2F59RA028988
379,0,19614.0,2020,OH,105774.0,4,Red,4,"Ivory Leather.San Marino Red 2020 Honda Accord EX-L FWD CVT 1.5T I4 DOHC 16V Turbocharged VTECMark Thomas Ford is proud to offer this outstanding 2020 Honda Accord in San Marino Red. This 2020 Honda Accord has passed our comprehensive inspection and comes with the following features, Ivory Leather, 10 Speakers, 17"" Machine-Finished Alloy Wheels, 4-Wheel Disc Brakes, ABS brakes, Adaptive Cruise Control: Adaptive Cruise Control (ACC) with Low-Speed Follow, Air Conditioning, Alloy wheels, AM/FM radio: SiriusXM, Apple CarPlay/Android Auto, Auto High-beam Headlights, Auto-dimming Rear-View mirror, Automatic temperature control, Blind Spot Information (BSI) System warning, Brake assist, Bumpers: body-color, Delay-off headlights",https://www.carfax.com/vehicle/1HGCV1F56LA040123
380,0,26421.0,2024,OH,17024.0,4,Black,4,This 2024 Honda Accord was recently traded in by our store here in Austinburg.  This Beauty has had and passed an extensive 182 Multi-Point Inspection conducted by our factory certified technicians. All necessary services have been done for the appropriate mileage interval including:  *Oil change and filter *Tire rotation *Wiper blades *Cabin air filter *4-wheel alignment,https://www.carfax.com/vehicle/1HGCY1F38RA042258
381,0,28188.0,2025,"Davis, CA",1673.0,4,Gray,4 Cyl,"CARFAX One-Owner. Clean CARFAX. Back Up Camera, Apple Car Play, Power Sunroof/Moonroof, Alloy Wheels, Blind Spot Monitor, Bluetooth, Navigation, Heated Seats, Local Trade In, Spotless Inside and Out, Service Records, Low Miles, New Tires, Fully Serviced and Detailed, Great Financing Options, Low Payments. 29/37 City/Highway MPG Priced below KBB Fair Purchase Price! 2025 Urban Gray Pearl Honda Accord SE FWD 1.5T I4 DOHC 16V Turbocharged VTEC",https://www.carfax.com/vehicle/1HGCY1F43SA034972
382,0,24703.0,2019,OH,65027.0,4,White,4,This AMAZING vehicle was recently TRADED IN by our store here in Austinburg. This one-of-a-kind vehicle has luxury and power.,https://www.carfax.com/vehicle/1HGCV2F9XKA014048
383,0,33888.0,2024,"Davis, CA",1789.0,4,Gray,4 Cyl,"CARFAX One-Owner. Clean CARFAX. Leather Interior, Back Up Camera, Apple Car Play, Power Sunroof/Moonroof, Alloy Wheels, Blind Spot Monitor, Power Driver Seat, Bluetooth, Sport Package, Heated Seats, Local Trade In, Spotless Inside and Out, Service Records, Low Miles, New Tires, Fully Serviced and Detailed, Great Financing Options, Low Payments. 51/44 City/Highway MPG 2024 Urban Gray Pearl Honda Accord Hybrid EX-L FWD 2.0L 16V DOHC",https://www.carfax.com/vehicle/1HGCY2F6XRA068618
384,0,18988.0,2018,OH,76775.0,4,White,4,Platinum White Pearl 2018 Honda Accord Sport FWD CVT 1.5T I4 DOHC 16V Turbocharged VTEC Black Cloth.  Recent Arrival! Odometer is 23992 miles below market average! 29/35 City/Highway MPG,https://www.carfax.com/vehicle/1HGCV1F35JA211326
385,0,31795.0,2025,"Portland, OR",3055.0,4,Gray,4 Cyl,"120 Multi Point Inspection Performed * Oil And Filter Changed * Engine Air and Cabin Filter Replacement * New Wiper Blades * Professionally Detailed * ONE OWNER * 4-Cyl, Hybrid, i-VTEC, 2.0 Liter W/Automatic, eCVT * Keyless Entry * Push Button Start * Air Conditioning * Power Windows * Power Door Locks * Bluetooth Wireless * Multi-View Camera * Power Seat * Moon Roof * Alloy Wheels *  Peace of mind WARRANTY: Rest easy - you're covered for 12 months or 12,000 miles on many of your vehicle maintenance items including Battery - Brake Pads - Belts & Hoses - Wiper Blades. In addition, each Dick Hannah used vehicle comes with a powerful 3 month/3,000 mile power train warranty which covers: Engine - Transmission - Drivetrain. You can breathe easy knowing that your unexpected repairs will be covered. See dealership for full warranty details.",https://www.carfax.com/vehicle/1HGCY2F51SA039926
386,0,13995.0,2018,OH,134104.0,4,Black,4,Keyless Entry Alloy Wheels Led Lights Lane Departure Warning Side Airbags Keyless Ignition AM/FM Adaptive Cruise Control Adjustable Steering Wheel Air Conditioning Anti-Lock Brakes Anti-Theft System CD (Single Disc) Daytime Running Lights Dual Airbags Front-View Camera Handsfree/Bluetooth Integration Hill Assist System MP3 Power Locks Power Steering Power Windows Rear-View Camera Side Curtain Airbags,https://www.carfax.com/vehicle/1HGCV1F1XJA114413
387,0,17580.0,2017,OH,97074.0,4,Black,4,Black Leather.Crystal Black Pearl 2017 Honda Accord Sport Special Edition FWD CVT 2.4L I4 DOHC i-VTEC 16VMark Thomas Ford is proud to offer this terrific 2017 Honda Accord in Crystal Black Pearl. This 2017 Honda Accord has passed our comprehensive inspection,https://www.carfax.com/vehicle/1HGCR2F17HA140018
388,0,30889.0,2025,"Olympia, WA",4246.0,4,Black,4 Cyl,"LOCATED AT: OLYMPIA JEEP. 2025 Honda Accord Hybrid Sport Accord Hybrid Sport, 4D Sedan, 2.0L I4 DOHC 16V, eCVT, FWD, Crystal Black Pearl, Gray w/Leather-Trimmed Seat Trim, Adaptive Cruise Control: Adaptive Cruise Control (ACC) with Low-Speed Follow, Apple CarPlay/Android Auto, LOCAL TRADE, ONE OWNER, CLEAN CARFAX REPORT, Power moonroof.  Clean CARFAX. CARFAX One-Owner. Odometer is 912 miles below market average! 46/41 City/Highway MPG Thank you for shopping at Olympia Jeep! For car buyers who are looking for a honest and transparent experience, look no further. The Bruce Titus Automotive Group is a family-owned and operated business that puts customers first. Our goal is to provide a comfortable, hassle-free experience for our customers and to form relationships that last a lifetime. Our commitment to you does not end when you purchase your vehicle. Our transparent service and ownership experience help keep you and your vehicle safe on the road for years to come. Plus you'll save an average additional tax savings over the competition of $300 when you buy from Olympia Jeep in the Olympia Auto Mall. DISCLAIMER: Dealer shall in no way be held liable for any errors or omissions to be found on these web pages. All prices are plus any applicable state taxes and fees. Prices are subject to change without notice. All vehicles are subject to prior sale. We will do our best to keep all information current and accurate, however, the dealership should be contacted by phone, e-mail, or in person for final pricing and availability. A dealer documentary service fee of up to $200 may be added to the sale price or capitalized cost. Vehicle may have dealer-installed add-ons and accessories and may not be reflected in Selling Price. All current incentives listed are purchase only. See dealer for lease incentives. Call 360-754-5500 for more info!",https://www.carfax.com/vehicle/1HGCY2F53SA037045
389,0,21990.0,2021,OH,74820.0,4,Silver,4,"Silver 2021 Honda Accord Sport 2.0T I4 DOHC 16V TurbochargedCloth, 4-Wheel Disc Brakes, 8 Speakers, ABS brakes, Adaptive Cruise Control: Adaptive Cruise Control (ACC) with Low-Speed Follow, Air Conditioning, Alloy wheels, AM/FM radio: SiriusXM, Apple",https://www.carfax.com/vehicle/1HGCV2F35MA006714
390,0,32889.0,2025,"Liberty Lake, WA",4439.0,4,White,4 Cyl,"CARFAX One-Owner. Clean CARFAX. White 2025 Honda Accord Hybrid Sport-L FWD eCVT 2.0L I4 DOHC 16V 46/41 City/Highway MPG 2.0L I4 DOHC 16V, 4-Wheel Disc Brakes, 8 Speakers, ABS brakes, Adaptive Cruise Control: Adaptive Cruise Control (ACC) with Low-Speed Follow, Air Conditioning, Alloy wheels, AM/FM radio, Apple CarPlay/Android Auto, Auto High-beam Headlights, Automatic temperature control, Blind Spot Information (BSI) System warning, Brake assist, Bumpers: body-color, Compass, Delay-off headlights, Driver door bin, Driver vanity mirror, Dual front impact airbags, Dual front side impact airbags, Electronic Stability Control, Emergency communication system: HondaLink, Exterior Parking Camera Rear, Four wheel independent suspension, Front anti-roll bar, Front Bucket Seats, Front Center Armrest, Front dual zone A/C, Front reading lights, Fully automatic headlights, Heated Front Bucket Seats, Heated front seats, Illuminated entry, Knee airbag, Lane departure: Lane Keeping Assist System (LKAS) active, Leather Shift Knob, Leather steering wheel, Leather-Trimmed Seat Trim, Low tire pressure warning, Memory seat, Occupant sensing airbag, Outside temperature display, Overhead airbag, Overhead console, Panic alarm, Passenger door bin, Passenger vanity mirror, Power door mirrors, Power driver seat, Power moonroof, Power passenger seat, Power steering, Power windows, Radio data system, Radio: 180-Watt Audio System, Rear anti-roll bar, Rear reading lights, Rear seat center armrest, Rear side impact airbag, Rear window defroster, Remote keyless entry, Security system, Speed control, Speed-sensing steering, Speed-Sensitive Wipers, Split folding rear seat, Spoiler, Steering wheel mounted audio controls, Telescoping steering wheel, Tilt steering wheel, Traction control, Trip computer, Variably intermittent wipers, Wheels: 19"" x 8.5J Matte Berlina Black, 2.0L I4 DOHC 16V.",https://www.carfax.com/vehicle/1HGCY2F7XSA020258
391,0,29760.0,2022,OH,27171.0,4,Grey,4,Sonic Gray Pearl 2022 Honda Accord Hybrid Touring FWD eCVT 2.0L 4-Cylinder DOHC 16V i-VTEC  Recent Arrival! 44/41 City/Highway MPG,https://www.carfax.com/vehicle/1HGCV3F94NA023256
393,0,13300.0,2013,OH,111743.0,4,Grey,4,"2013 HONDA ACCORD EX-L WITH 111,000 MILES, Will be AUL CERTIFIED and includes a 3mth/3,000 mile warranty. For sale at KitesCars. CALL FOR AVAILABILITY, WILL BE INSPECTED AND DETAILED BEFORE PURCHASE, We strive to provide the best pre-owned vehicles we can",https://www.carfax.com/vehicle/1HGCR2F83DA057869
394,0,27551.0,2024,"Yuba City, CA",5320.0,4,Blue,4 Cyl,"Yuba City Chrysler Dodge Jeep RAM is pleased to present this 2024 Honda Accord EX for sale as part of our hand-selected preowned lineup. This vehicle is finished in the Blue exterior and Blk/Black interior. Factory options include: Blk/Black Cloth, 4-Wheel Disc Brakes, 8 Speakers, ABS brakes, Adaptive Cruise Control: Adaptive Cruise Control (ACC) with Low-Speed Follow, Air Conditioning, Alloy wheels, AM/FM radio, Apple CarPlay/Android Auto, Auto High-beam Headlights, Auto-dimming Rear-View mirror, Automatic temperature control, Blind Spot Information (BSI) System warning, Brake assist, Bumpers: body-color, Compass, Delay-off headlights, Driver door bin, Driver vanity mirror, Dual front impact airbags, Dual front side impact airbags, Electronic Stability Control, Emergency communication system: HondaLink Assist, Exterior Parking Camera Rear, Fabric Seat Trim, Four wheel independent suspension, Front anti-roll bar, Front Bucket Seats, Front Center Armrest, Front dual zone A/C, Front reading lights, Fully automatic headlights, Heated Front Bucket Seats, Heated front seats, Illuminated entry, Knee airbag, Lane departure: Lane Keeping Assist System (LKAS) active, Low tire pressure warning, Occupant sensing airbag, Outside temperature display, Overhead airbag, Overhead console, Panic alarm, Passenger door bin, Passenger vanity mirror, Power door mirrors, Power driver seat, Power moonroof, Power steering, Power windows, Radio data system, Radio: 180-Watt AM/FM Audio System, Rear anti-roll bar, Rear reading lights, Rear seat center armrest, Rear side impact airbag, Rear window defroster, Remote keyless entry, Security system, Speed control, Speed-sensing steering, Speed-Sensitive Wipers, Split folding rear seat, Steering wheel mounted audio controls, Tachometer, Telescoping steering wheel, Tilt steering wheel, Traction control, Trip computer, Variably intermittent wipers, and Wheels: 17 x 7.5 Pewter Gray  . Clean CARFAX. CARFAX One-Owner. 29/37 City/Highway MPG Odometer is 15984 miles below market average!   Yuba City Chrysler Dodge Jeep RAM is proud to provide an extensive selection of pre-owned vehicles. As part of the Lithia Motors Network, if we do not have what you are looking for, dont worry - well find the perfect car for you. All our pre-owned vehicles go through a thorough inspection to meet safety and state inspection requirements.  Lithia Motors, Inc. Is one of the largest providers of personal transportation solutions in the United States and is among the fastest growing companies in the Fortune 500 (#158-2022). Consumers can buy, sell and service vehicles digitally or through our 297 locations in the US and Canada. Our mission statement, Growth Powered by People, drives us to continuously improve and to give back to our communities.",https://www.carfax.com/vehicle/1HGCY1F38RA082677
395,0,27972.0,2020,"Vancouver, WA",5539.0,4,Gray,4 Cyl,"2020 Honda Accord EX-L CarFax One Owner, Gray w/Leather-Trimmed Seats, 10 Speakers, 17"" Machine-Finished Alloy Wheels, Active Cruise Control, Adaptive Cruise Control: Adaptive Cruise Control (ACC) with Low-Speed Follow, Apple CarPlay/Android Auto, Auto High-beam Headlights, Auto-dimming Rear-View mirror, Automatic temperature control, Blind Spot Information (BSI) System warning, Emergency communication system: HondaLink, Exterior Parking Camera Rear, Forward collision: Collision Mitigation Braking System (CMBS) + FCW mitigation, Front Bucket Seats, Front dual zone A/C, Front fog lights, Fully automatic headlights, Garage door transmitter: HomeLink, Heated Front Bucket Seats, Heated front seats, Lane Departure Warning System, Leather Shift Knob, Leather steering wheel, Leather-Trimmed Seats, Memory seat, Power door mirrors, Power driver seat, Power moonroof, Power passenger seat, Radio: 450-Watt AM/FM/HD Premium Audio System, Remote keyless entry, Speed-Sensitive Wipers, Turn signal indicator mirrors.  Priced below KBB Fair Purchase Price! CARFAX One-Owner. Clean CARFAX. Odometer is 26260 miles below market average! 30/38 City/Highway MPG Certified. HondaTrue Certified Details:  * Transferable Warranty * Roadside Assistance * Vehicle History * Vehicles purchased within New Vehicle Limited Warranty period: extends New Vehicle Limited Warranty to 5 years*/60,000 miles*. Honda Care Roadside Assistance for 2 year/100,000 miles (whichever occurs first). Up to two complimentary oil changes within the first year of ownership. SiriusXM 90-Day Trial. * Limited Warranty: 24 Month/100,000 Mile (whichever comes first) after new car warranty expires or from certified purchase date * Warranty Deductible: $0 * 182 Point Inspection * Powertrain Limited Warranty: 84 Month/100,000 Mile (whichever comes first) from original in-service date   **NO SALES TAX TO OREGON BUYERS**. The Dick Hannah Peace of Mind promise including a 5 Day Used Car Exchange Policy, 12 Month/12,000 Mile wear item guarantee and a 3 month/3,000 mile powertrain warranty! * Acura, BMW, Chevrolet, Chrysler, Dodge, Ford, GMC, Honda, Hyundai, Infinity, Jeep, Kia, Lexus, Mazda, Nissan, Subaru, Scion, Toyota, VW, & all other manufacturer limited warranties that may apply are the sole responsibility of the manufacturer not Dick Hannah Dealerships.",https://www.carfax.com/vehicle/1HGCV1F53LA005765
396,0,28851.0,2024,"East Wenatchee, WA",5878.0,4,Blue,4 Cyl,"Apple Valley Honda is proud to offer this. Certified. 2024 Honda Accord EX Canyon River Blue Metallic 1.5T I4 DOHC 16V Turbocharged VTEC CARFAX One-Owner. Clean CARFAX. Non Smoker, One Owner, iPhone Integration, Backup Camera, Bluetooth, Sunroof/Moonroof/Roof/Panoramic, Passed Dealer Inspection, Vehicle Detailed, Oil Recently Changed, 4-Wheel Disc Brakes, 8 Speakers, ABS brakes, Adaptive Cruise Control: Adaptive Cruise Control (ACC) with Low-Speed Follow, Air Conditioning, Alloy wheels, AM/FM radio, Apple CarPlay/Android Auto, Auto High-beam Headlights, Auto-dimming Rear-View mirror, Automatic temperature control, Blind Spot Information (BSI) System warning, Brake assist, Bumpers: body-color, Compass, Delay-off headlights, Driver door bin, Driver vanity mirror, Dual front impact airbags, Dual front side impact airbags, Electronic Stability Control, Emergency communication system: HondaLink Assist, Exterior Parking Camera Rear, Fabric Seat Trim, Four wheel independent suspension, Front anti-roll bar, Front Bucket Seats, Front Center Armrest, Front dual zone A/C, Front reading lights, Fully automatic headlights, Heated Front Bucket Seats, Heated front seats, Illuminated entry, Knee airbag, Lane departure: Lane Keeping Assist System (LKAS) active, Low tire pressure warning, Moonroof Visor, Occupant sensing airbag, Outside temperature display, Overhead console, Panic alarm, Passenger door bin, Passenger vanity mirror, Power door mirrors, Power driver seat, Power moonroof, Power steering, Power windows, Radio data system, Radio: 180-Watt AM/FM Audio System, Rear reading lights, Rear seat center armrest, Rear window defroster, Remote keyless entry, Security system, Speed control, Speed-sensing steering, Speed-Sensitive Wipers, Split folding rear seat, Steering wheel mounted audio controls, Tachometer, Telescoping steering wheel, Tilt steering wheel, Traction control, Trip computer, Variably intermittent wipers, Wheels: 17"" x 7.5"" Pewter Gray. Odometer is 4156 miles below market average! 29/37 City/Highway MPG  www.applevalleyhonda.com Excellent Selection of Used Vehicles, Financing Options, Serving Apple Valley Honda proudly serving Moses Lake, Yakima and Ellensburg, Wenatchee used car, East Wenatchee Truck, Quincy SUV, North Central Washington Minivan and all of the surrounding areas. We provide New Hondas, Certified Hondas, Used Hondas and Used Vehicles, Service Maintenance, Repair, and Parts and Accessories.",https://www.carfax.com/vehicle/1HGCY1F36RA012031
397,0,7795.0,2010,,124627.0,4,Alabaster Silver Metallic,Gas,"Mileage 124,627 Ext. Color Alabaster Silver Metallic Int. Color Black cloth Engine gas Transmission automatic Drivetrain front wheel drive MPG 21/31 City/Hwy MPGBased on model year EPA mileage ratings for a standardly equipped Accord. Use for comparison purposes only. Your mileage will vary depending on how you drive and maintain your vehicle, driving conditions, battery-pack age/condition and other factors. 25 Combined MPG Horsepower 177 hp Seats 5Based on default model values and available option information. Contact dealer to confirm. VIN 1HGCP2F30AA179742 Stock #",https://www.edmunds.com/honda/accord/2010/vin/1HGCP2F30AA179742/?radius=200
398,0,31710.0,2025,,0.0,4,Solar Silver,4 Cylinder Engine,"Heated Seats, Cross-Traffic Alert, Apple CarPlayÂ®, Lane Keeping Assist, Keyless Start, Onboard Communications System, iPod/MP3 Input, Back-Up Camera, Moonroof, Aluminum Wheels. SE trim, Solar Silver Metallic exterior and Black interior.  KEY FEATURES INCLUDE Heated Driver Seat, Turbocharged, Aluminum Wheels, Dual Zone A/C, Blind Spot Monitor, Smart Device Integration, WiFi Hotspot Honda SE with Solar Silver Metallic exterior and Black interior features a 4 Cylinder Engine with 192 HP at 6000 RPM*. MP3 Player, Keyless Entry, Child Safety Locks, Steering Wheel Controls, Heated Mirrors.",https://www.baierlhonda.com/new/Honda/2025-Honda-Accord-663774ecac185d30d0b35d0f3e27ace8.htm
399,0,28982.0,2023,,17861.0,4,Red,hybrid,"**ANDROID AUTO**, **APPLE CAR PLAY**, **HEATED SEATS**, **LEATHER**, **MOONROOF**, **ONE OWNER**, **POWER DRIVERS SEAT**, 2.0L 16V DOHC. THIS VEHICLE COMES WITH THE DIEHL DIFFERENCE! **FREE TIRE ROTATIONS **FREE OIL CHANGE **FREE KEY FOB BATTERY REPLACEMENT **FREE STATE INSPECTION AND MUCH MORE!! Radiant Red Metallic 2023 Honda Accord Hybrid Sport-L FWD eCVT 2.0L 16V DOHC  KBB Fair Market Range High: $30,227 Odometer is 15516 miles below market average! 46/41 City/Highway MPG",https://www.autotrader.com/cars-for-sale/vehicle/755297015?fuelTypeGroup=HYB&listingType=USED&makeCode=HONDA&modelCode=ACCORD&numRecords=25&sortBy=relevance
400,0,4998.0,2013,,344597.0,4,Black,4 cylinder,"Black Leather. CARFAX One-Owner. Clean CARFAX.  27/36 City/Highway MPG  Awards: * 2013 KBB.com Brand Image Awards Kelley Blue Book Brand Image Awards are based on the Brand Watch(tm) study from Kelley Blue Book Market Intelligence. Award calculated among non-luxury shoppers. For more information, visit www.kbb.com. Kelley Blue Book is a registered trademark of Kelley Blue Book Co., Inc. Price does not include licensing costs, registration fees, taxes, $499 reconditioning expense and dealer doc fee of $280, which are to be paid by the consumer.  Reviews: * The Honda Accord is the Labrador retriever of sedans. If you want a hassle-free, pleasing family car with a reputation for quality and an immediate familiarity, itâ??s hard to go wrong with the Accord. Coupe versions, meanwhile, add an element of sportiness, especially when fitted with the strong V6 engine. Source: KBB.com",https://www.carfax.com/vehicle/1HGCR2F82DA126924
401,0,20173.0,2018,,74965.0,4,Kona Coffee Metallic Exterior,1.5L 4-Cylinder Turbo Gas Engine,"Stock#: D25506B|VIN: 1HGCV1F54JA033703 Fully serviced & ready to go! 4 new tires! JUST REPRICED FROM $20,582, PRICED TO MOVE $2,700 below J.D. Power Retail!, FUEL EFFICIENT 38 MPG Hwy/30 MPG City! Moonroof, Heated Leather Seats, Lane Keeping Assist, AUX Input, Back-Up Camera  KEY FEATURES INCLUDE Heated Driver Seat, Back-Up Camera, Satellite Radio, AUX Input, Lane Keeping Assist. Honda EX-L 1.5T with Kona Coffee Metallic exterior and Black interior features a 4 Cylinder Engine with 192 HP at 5500 RPM*. Fresh inspection, Vehicle history report available, Non-smoker  EXPERTS ARE SAYING The Accord has a lot of strengths on the road. The drivetrain responds quickly and provides sufficient power. The car corners well, sticking to the road with no drama, and the brakes feel natural and strong. -Edmunds.com.  A GREAT TIME TO BUY Fully serviced & ready to go! Was $20,582. This Accord Sedan is priced $2,700 below J.D. Power Retail.  OUR OFFERINGS Wright Benefit is helping customers get more value buying from Wright. The WRIGHT Word: No NO gimmicks Come see how that value and statement gets you more when you buy the Wright Way",https://www.kbb.com/cars-for-sale/vehicle/755287852?city=Pittsburgh&endYear=2015&listingType=USED&makeCode=HONDA&modelCode=ACCORD&startYear=2015&state=PA&zip=15201
402,1,9500.0,2019,,33697.0,4,Modern Steel Metallic,1.5L Turbo I4 192hp,Contact Eden Cars LLC for more information.,https://www.carsforsale.com/vehicle/details/116434540
403,1,22695.0,2020,,78788.0,4, Platinum White Pearl,"1.5L I-4 gasoline direct injection, DOHC, i-VTEC variable valve","Shop at DriveTime: Get started on your personalized car-buying journey today. With no credit impact, you can get approved for your real, personalized terms online in less than two minutes! We've financed millions across the U.S. and with thousands of cars to choose from, we've made it easy to find a vehicle for any budget. Each used car includes a free AutoCheck history report and is backed by a 5-day return policy and a 30-day/1,500-mile limited warranty so you can drive home with peace of mind. Note: Vehicle prices exclude taxes and finance charges and, subject to state law, exclude doc fees up to $599 and other applicable fees. Vehicles available for sale at the identified location only.",https://www.cars.com/vehicledetail/48b7276a-0880-411b-b7ba-cb9ec9716c28/
404,0,4733.0,2009,,205205.0,4,Green,EX-L 3.5 FWD 3.5L V6 SOHC i-VTEC 24V 5-Speed Automatic with Overdrive,"Priced below KBB Fair Purchase Price! CARFAX One-Owner. PRE AUCTION AS IS VEHICLE, 17"" Alloy Wheels, Automatic Climate Control, BOSE PREMIUM AUDIO, Heated Front Bucket Seats, Integrated Front Fog Lights, Leather-Trimmed Seat Trim, Power Tilt/Slide Moonroof. 19/29 City/Highway MPG  Mystic Green Metallic 2009 Honda Accord EX-L 3.5 FWD 3.5L V6 SOHC i-VTEC 24V 5-Speed Automatic with Overdrive  Fresh Arrival. Call for more details.",https://www.carfax.com/vehicle/1HGCP36809A029725
405,0,5200.0,2018,"Pompano Beach, Florida",163500.0,4,Black,1.5L I4 Turbocharger,Used,https://www.ebay.com/itm/167763707679?itmmeta=01K4B3XPGF8QG7JDT8PJ11G6RP&hash=item270f7f071f:g:yxMAAeSwT3tojxIz&itmprp=enc%3AAQAKAAAAwMHg7L1Zz0LA5DYYmRTS30k6HiRryTq4ThNpGoZWyQ3pJ8VHxdWrHb8YzsofDy6xADtVUdQKV0meh4vIARM0d2kvKYglarplxUeKwjXU0VwzDecJGyAEeh2fwnK8JsimERuTIAV4VO7CzCbc%2FVcvafkysFiYUdb8kEAzjSRg0vtDPzF5Umx02ckTCNJkMvaSXtI1PAvRyxZ%2FSivC73LY3Q4t0g8%2F3QoEmAGRK3EsXEFQgM5wg5fuilPG%2BhCZyoJHzA%3D%3D%7Ctkp%3ABk9SR7bo9uOiZg
406,0,10398.0,2016,,163745.0,4,Black,gas,"Crystal Black Pearl exterior and Black interior. CD Player, Bluetooth®, Back-Up Camera, Aluminum Wheels, iPod/MP3 Input.  SERVICE COMPLETED Service Work completed on this Honda Accord Sedan included: Complete Multi-Point Inspection, Oil & Filter Change by a Factory Trained Technicians, Battery Voltage Test, Tires Inspected, Brake Inspection, Emissions System Check, Professional Detailed Inside and Out, Function Test all Lights, Check the Complete Exhaust System, Cooling System Inspection, Transmission Fluid Inspection, Differential Fluid Inspection, Function Test all Options & Accessories.  KEY FEATURES INCLUDE Back-Up Camera, iPod/MP3 Input, Bluetooth®, CD Player, Aluminum Wheels Honda LX with Crystal Black Pearl exterior and Black interior features a 4 Cylinder Engine with 185 HP at 6400 RPM*.  EXPERTS REPORT Edmunds.com explains The Accord continues to impress with its responsive handling, composed ride, abundance of interior room, comprehensive feature set, fuel-efficient yet powerful engines and high crash test scores..  EXCELLENT VALUE Was $11,201.",https://www.carfax.com/vehicle/1HGCR2F35GA007113
407,1,4500.0,2014,"Allen, TX",143227.0,4,Black, 2.4L Gas I4,Used,https://www.ebay.com/itm/397024413248?itmmeta=01K4B3XPGF0HT143XQW4AFNNYE&hash=item5c707fc640:g:MZAAAeSwuopouaHP&itmprp=enc%3AAQAKAAAAwMHg7L1Zz0LA5DYYmRTS30k8%2FxHFA9f1nAYLMYZ%2Bawq%2B8dxIzcrytS8Y6E8ZMBCm1rppc8jCTfmYEUKilSAXBGH08eFeOGaEhzvfwvESELNtymPltF4mk7RZ42vV%2FiKe7OTkDuZZKHRj3Q69pSJYAoGDUdqFb1uyZCnVsoi5oeTgxiHEz5dyytt0yFDjQmBtAbdPGi3P6vu5hUeka3eIgMCvB9Pp8Lnc0x%2FFkb7TFrUMNGm6U2gTeVJI9sXFoNNcwQ%3D%3D%7Ctkp%3ABk9SR7bo9uOiZg
408,0,31900.0,2025,"Brooklyn, New York",2.0,4,Silver,2.0L I4 DOHC 16V,Certified pre-owned,https://www.ebay.com/itm/236307929448?itmmeta=01K4B3XPGFWKY076FPZR1GGQNH&hash=item37050cd968:g:FyoAAeSwe7polF-4&itmprp=enc%3AAQAKAAAA4MHg7L1Zz0LA5DYYmRTS30n32kgoo2EHHWQIDXwe52MQetfXNo6BlQsSIA5WSvjZGlipe6UDMJQgNuPurwuJ5wFWk%2B0zSVldeWvHU9s5paIvI7YHWav2nTUfQkX%2B0dXAwNROu%2BBp%2BEtmQ9v0EJqiNVimchsGNViACZqywH8IrhQiwb%2B2gv4C11UPLwsDNL1vJdaDeI0zMJCVEJDJ62Xe8mKaxrbmuedD9bN4yZLfYAn9CRwt6n%2F%2Bmp9QXU23zhGPsIEE1HZdc0Tp4Jv8sH5afwYAkf1xjUoSipqPBeq4FkXI%7Ctkp%3ABk9SR7bo9uOiZg
409,1,20995.0,2020,"Redford, Michigan",33399.0,4,Black,2.0 LITER TURBOCHARGED 4-CYLINDER ENGINE,Used,https://www.ebay.com/itm/376511256699?itmmeta=01K4B3XPGF487PBZAJRZEC47DP&hash=item57a9d1d87b:g:q1MAAeSwh4por4X0&itmprp=enc%3AAQAKAAAA4MHg7L1Zz0LA5DYYmRTS30mTVRx55eAkXwcoP17b5gjmxqK6NIvsEwRQnQgB1QmeozDZAXFtQNwD5rSHwrwGjMQZuokyXAeSljZGhlasoXHa9v5I%2BVVy27RfLgJ72%2FmpSWoEq9D2DYoLxnfjspCAm8lGgqS1tsbHIokWxDckNMqze4YHXjuBPWQ%2Fzy6FfC2O2S8MNxY8lR4s14rPhM0MpBGjZNfucjduZABE5p%2FKEyp0DxGa02CRufT%2BkNW4MEM7T6FagAZGuop0zAGoVZfjFxZ9mMnw%2FggH8l3Q1G51Hjbn%7Ctkp%3ABk9SR7bo9uOiZg
410,1,1225.0,2010,"Miami, Florida",101899.0,4,Black, 2.4L Gas I4,"bumps, dents, dings, and scratches all over from normal 15 years of use. nothing significant enough to affect car's drivability.",https://www.ebay.com/itm/127345941341?itmmeta=01K4B3XPGF22MD186V9RQJ3T2X&hash=item1da668db5d:g:D2QAAOSwFypoRS6T&itmprp=enc%3AAQAKAAAA4MHg7L1Zz0LA5DYYmRTS30l3DqH9SDBgQXnKnIlTgPCIAo87gk90M8dn9sE%2F6n1%2B5nbfYBDjJTyvx9UFoMj5jwbI9tWJwptMlXgUFp8OSQH9pPhVcDFHLxk7tQ6TYkrHRwktsAwDF4cixaFb4l0njLDrBnKQ0AVVX5h2qbERTunipEYhHaVhjLmOGFvX6bfOLST%2Fb2pyQa7q19ayANKrquZMLrPMvAkYUnTDfr4O%2FFg6dQngp2jFXR70CLljCa5Gvtl%2B2EebrzWWpiHrO5pdhJLQDv6h1klc8R%2BtrIFz84ss%7Ctkp%3ABk9SR7bo9uOiZg
411,1,4000.0,2011,"Irmo, South Carolina",223802.0,4,Black,2.4L Gas I4,"Used, Air Conditioning, Alarm, Alloy Wheels, AM/FM Stereo, CD Player, Climate Control, Cruise Control, Electric Mirrors, Leather Seats, Power Locks, Power Seats, Power Steering, Power Windows, Rear Spoiler, Seat Heating",https://www.ebay.com/itm/388913885509?itmmeta=01K4B3XPGFN7P2E27Y66R8JP26&hash=item5a8d12f145:g:E~kAAeSwMVZotgBF&itmprp=enc%3AAQAKAAAA4MHg7L1Zz0LA5DYYmRTS30mAW%2B1Bbi0V%2FXwCSo1zDWCKsGNXY0FXyHWGtIFKQNtbWntKmSCyqd9ZYSRVIczvKo5c5HGTjvPrIoNDuGp%2FQIyicTapN2arZVh0VYATCqQ2mQo6f2Ggi895sZczykRE%2B88VyUeolmIUFbmWpUUPBAa8KtwmiJThxobXq%2B0AsqhPlnMme%2Bd1gSWe7IrNTivmhh0fb56gkmwy2mXi2PreMvIIBedleGwgHRMh73de%2FQW6WStcuBW8dziKXX0TSfYpafx0LQJjLvDXV0rLijPqrmq0%7Ctkp%3ABk9SR7bo9uOiZg
412,1,13900.0,2020,"Miami, Florida",78829.0,4,Silvers,2.4L Gas I4,“GREAT ON GAS LOW MILEAGE”,https://www.ebay.com/itm/267355740755?itmmeta=01K4B3XPGFFWAV91J96JEJVDMJ&hash=item3e3fa4da53:g:e2QAAOSwBpJoR6cE&itmprp=enc%3AAQAKAAAAwMHg7L1Zz0LA5DYYmRTS30kY7rEYHagKA0qgDWB%2Fcnmc%2BZzjUAbO%2FUAftUewpk1PERwg3s38ExyYBP12pLGWeMtOnty%2FEwaNlHb5A5mmgsfaGYop4wbMoNUisFki1pfl0hRcuRBMQkKrdeJ%2Fyrw2a0GZlnCoGLa%2Fbec62zKBxENyPe5U%2F4VCA3BfuoOIuXwcSXaBcXW37DaxLJrlOMJ1MobRiBj6yY6ixfHbH9Dp6HXPibuJjsSrLUxCffXiht6Ibg%3D%3D%7Ctkp%3ABk9SR7bo9uOiZg
413,1,8500.0,2008,"Agawam, Massachusetts",73773.0,4,Blue,2.4L Gas I4,Used,https://www.ebay.com/itm/187495579277?itmmeta=01K4B3XPGF5SKX1GAY64RJ5R31&hash=item2ba79b7e8d:g:QscAAeSwkh1ooPOr&itmprp=enc%3AAQAKAAAA4MHg7L1Zz0LA5DYYmRTS30moY2O22cSvXMv%2B8aPVKKVrnvaywPDCc5GKXFqTbsNz%2BMf0neFzRcgviUb8tGMApDUNJOhE7Yh6H3kmXJxiCWf%2FHVLo2e9rLzKxH3zctcQubck5b5sIiohYsbKwNs37EFraDRiUySjh65pTDTrL5YYKdXGSRPPkO9LO4giGEyf0rfbbFmq97E4mM01GOatVa7ahJQD%2B1qxArUnsF0XoCgRCVTeyZFLb5TgX8mZF%2FD%2FSVCSo7Q9Tse7BbAU5E3rffzreXF9LSEdzBXBLXW%2FO2IM8%7Ctkp%3ABk9SR7bo9uOiZg
414,1,5000.0,2008,"Monkton, Maryland",120927.0,4,Black,2.4L Gas I4,"Used, in good condition. Needs front end work and a paint job if you wish. Sold as is. Message with questions.",https://www.ebay.com/itm/116751477214?itmmeta=01K4B3XPGFPQCDPHEXK1N432TA&hash=item1b2eee29de:g:9LMAAeSwa~9orc-o&itmprp=enc%3AAQAKAAAAwMHg7L1Zz0LA5DYYmRTS30lpNaV0ZXkJylMYwudfQYMIqy6XJJekP0z%2FLSGBba%2B7jcpc237YcLr1HOwNDsg1zLaGj--Y9TqUNfhUOWFVNjzKZfkftR9vAAlCDtv5oqwbUS7Hki3jbpugiehAGqw2JGSuoBLFOtNyJzfXQv9VDwnHEWY8rgN5V0AXCB8dsWaMt%2FAHcvZGNpfPHDH8mUAS%2FMR7HGZ824o%2FTJvdlx3vFRjNEiX%2F27%2BbPTujt4cWQWobqQ%3D%3D%7Ctkp%3ABk9SR7bo9uOiZg
427,1,6000.0,2016,,29700.0,2,blue,3.5L V6,"2016 Honda Accord EX-L V6 Coupe Price $6,000 Down payment: $1,200 Monthly; $250 In-house financing  NO CREDIT NEEDED ✅️  Make Honda Model Accord Save Mileage 29,700 VIN 1HGCT2B86GA005566 Engine 3.5L V6 Drivetrain Front-wheel drive Transmission Automatic (6-Speed) Body Style Coupe Exterior Color Still Night Pearl Interior Color Black Title Status Clean Seller type Private",https://www.facebook.com/permalink.php?story_fbid=pfbid02JNS7TyhNsRyeYga6U2eTUuc9az4wtqktuHbfPfHUBXGjZ74YykGMeLcoEvuDhv8Tl&id=100083176569921
428,1,2850.0,2018,,33400.0,4,black,2.0L Turbocharged I4,"2018 Honda Accord 2.0T Sport Watch 6-Speed Manual, 1 Owner, Crystal Black Pearl Make Honda Model Accord Save Mileage 33,400 VIN 1HGCV2E32JA043930 Engine 2.0L Turbocharged I4 Drivetrain Front-wheel drive Transmission Manual (6-Speed) Body Style Sedan Exterior Color Crystal Black Pearl Interior Color Black Title Status Clean Price:$2,850",https://www.facebook.com/permalink.php?story_fbid=pfbid0qPtZQZN53aynDqifLE8mghzDicDN54LMBsbhBpc1FGFuuvcmjn7UM2PYDvJUX1yhl&id=61579354564636
429,1,3500.0,2018,,13100.0,4,black,2.0L Turbocharged I4,"2018 Honda Accord 2.0T Sport Price $3,500 Down payment $300 Mileage 13,100 VIN 1HGCV2E35JA002353 Engine 2.0L Turbocharged I4 Drivetrain Front-wheel drive Transmission Manual (6-Speed) Body Style Sedan Exterior Color Crystal Black Pearl Interior Color Black Title Status Clean",https://www.facebook.com/permalink.php?story_fbid=pfbid0AFXAHJBMAxEwDqWqwztXsdQNb24f6NXJy5uYAL6kznaL9xahxS8cprqBLiBSpMFel&id=61579166315088
430,1,3500.0,2020,,13500.0,4,white,2.0L Turbocharged I4,"2020 Honda Accord 2.0T Sport Price $3500 Down payment $750 Monthly payment $350 Make Honda Model Accord Save Mileage 13,500 VIN 1HGCV2E35LA005448 Engine 2.0L Turbocharged I4 Drivetrain Front-wheel drive Transmission Manual (6-speed) Body Style Sedan Exterior Color Platinum White Pearl Interior Color Black Title Status Clean",https://www.facebook.com/unwantedcarsandtrucksforsaleunder1000.680118/posts/pfbid0222pNsRrwQYE16AxvhS52u2t3S8A1rD6QW12VAYxP41crTShhJxzijB8ZXcP5QJwpl
431,1,2500.0,2010,,91700.0,2, black,3.5L V6,"Make : 2010 Honda Accord EX-L V6 Coupe  Price : $2500 Down payment : $300 Save Mileage : 91,700 VIN : 1HGCS2A88AA007959 Engine : 3.5L V6 Drivetrain : Front-wheel drive Transmission : Manual (6-Speed) Body Style : Coupe Exterior Color Crystal Black Pearl Interior Color: Black Title Status : Clean",https://www.facebook.com/permalink.php?story_fbid=pfbid02dDBxNdwCJ5mhkSA4wmgTZeyW1H7ibdM1umNibsAC5mkY8EwVrJ7n87fpYtbXZFB9l&id=100094170407030
432,0,23491.0,2020,,52522.0,4,white,1.5L 4-Cylinder Turbo Gas Engine,"2020 Honda Accord EX-L Our customers rely on the high-quality vehicles and services found at Spitzer Acura, and we look forward to living up to our reputation every day. Stop in and see us today, or contact our staff with any questions. Spitzeracura.com.  Odometer is 6516 miles below market average! Priced below KBB Fair Purchase Price!  Black w/Leather-Trimmed Seats, 10 Speakers, 17 Machine-Finished Alloy Wheels, 4-Wheel Disc Brakes, ABS brakes, Adaptive Cruise Control: Adaptive Cruise Control (ACC) with Low-Speed Follow, Air Conditioning, Alloy wheels, AM/FM radio: SiriusXM, Apple CarPlay/Android Auto, Auto High-beam Headlights, Auto-dimming Rear-View mirror, Automatic temperature control, Blind Spot Information (BSI) System warning, Brake assist, Bumpers: body-color, Delay-off headlights, Driver door bin, Driver vanity mirror, Dual front impact airbags, Dual front side impact airbags, Electronic Stability Control, Emergency communication system: HondaLink, Exterior Parking Camera Rear, Forward collision: Collision Mitigation Braking System (CMBS) + FCW mitigation, Four wheel independent suspension, Front anti-roll bar, Front Bucket Seats, Front Center Armrest, Front dual zone A/C, Front fog lights, Front reading lights, Fully automatic headlights, Garage door transmitter: HomeLink, Heated door mirrors, Heated Front Bucket Seats, Heated front seats, Illuminated entry, Knee airbag, Lane Departure Warning System, Leather Shift Knob, Leather steering wheel, Leather-Trimmed Seats, Low tire pressure warning, Memory seat, Occupant sensing airbag, Outside temperature display, Overhead airbag, Overhead console, Panic alarm, Passenger door bin, Passenger vanity mirror, Power door mirrors, Power driver seat, Power moonroof, Power passenger seat, Power steering, Power windows, Radio data system, Radio: 450-Watt AM/FM/HD Premium Audio System, Rear anti-roll bar, Rear seat center armrest, Rear window defroster, Remote keyless entry, Security system, Speed control, Speed-sensing steering, Speed-Sensitive Wipers, Split folding rear seat, Steering wheel mounted audio controls, Tachometer, Telescoping steering wheel, Tilt steering wheel, Traction control, Trip computer, Turn signal indicator mirrors, Variably intermittent wipers, Black w/Leather-Trimmed Seats.  1.5T I4 DOHC 16V Turbocharged VTEC CVT FWD  Contact Sales toll free at if you have any questions or if you need help finding a vehicle.",https://www.autotrader.com/cars-for-sale/vehicle/754738057?allListingType=all-cars&city=Pittsburgh&makeCode=HONDA&makeCode=MIT&modelCode=CORD&state=PA&zip=15219
433,0,14599.0,2016,,126000.0,4,gold,"4-cyl, Gas, 2.4L",These are minor imperfections that remain after we recondition the car. We do our best to capture the most noticeable imperfections.,https://www.carmax.com/car/27726855?adcode=EDM7654_ctrl&utm_campaign=LG_OC&utm_source=LG_OC_EDM&utm_medium=OC&utm_content=carpage&edm_zip=92122
434,0,25999.0,2022,california,21262.0,4,white,2.0L 4 Cylinders,"CarGurus offers an independent service that calculates deal ratings for car listings. These ratings factor in the vehicle's price with respect to market value as well as the dealer's reputation. We analyze user dealer ratings and millions of used cars to calculate the CarGurus's Instant Market Value of any car.  CarGurus Instant Market Value is based on year, vehicle condition, trim, mileage, transmission, options, region and other factors.",https://www.ocmotorsdirect1.com/pre-owned-cars/detail/2022-Honda-Accord-Hybrid/1363868
435,0,9998.0,2013,,150360.0,4,gray,2.4L I4 DOHC i-VTEC 16V,"Recent Arrival! 2013 Honda Accord EX-L Silver 2.4L I4 DOHC i-VTEC 16V FWD CARFAX One-Owner. Clean CARFAX. You can feel comfortable knowing that every single vehicle comes with a rigorous 100+ point inspection, PLUS a free CARFAX History and AutoCheck report. Pick up the phone and call Pacific Honda today at (866) 637-2231!  Awards: * 2013 KBB.com Brand Image Awards Kelley Blue Book Brand Image Awards are based on the Brand Watch(tm) study from Kelley Blue Book Market Intelligence. Award calculated among non-luxury shoppers. For more information, visit www.kbb.com. Kelley Blue Book is a registered trademark of Kelley Blue Book Co., Inc. Reviews: * The Honda Accord is the Labrador retriever of sedans. If you want a hassle-free, pleasing family car with a reputation for quality and an immediate familiarity, it’s hard to go wrong with the Accord. Coupe versions, meanwhile, add an element of sportiness, especially when fitted with the strong V6 engine. Source: KBB.com This pre owned vehicle is available to test drive at Pacific Honda, 4761 Convoy St, San Diego, CA 92111.This vehicle has a CARFAX and AutoCheck record available for FREE! Pacific Honda's Service Department takes pride in their work and has fully reconditioned this vehicle! Not only is it reconditioned properly but you can feel confident this vehicle is priced right with a reputable dealer in San Diego! For a limited time, this pre owned vehicle is available at special financing rates, on approved credit. Call us at (866) 637-2231. Your local Honda Dealer serving San Diego, Kearny Mesa, El Cajon, National City ,Escondido, Poway, Mission Valley, Lemon Grove, Carlsbad, Chula Vista, Los Angeles and More! If you want a quality pre owned vehicle, we are always here to help!",https://www.pacifichonda.com/inventory/used-2013-honda-accord-ex-l-fwd-4d-sedan-1hgcr2f8xda010743/
436,0,13995.0,2016,,135516.0,4,white,Regular Unleaded V-6 3.5 L/212,"*All pricing and details are believed to be accurate, but we do not warrant or guarantee such accuracy. The prices shown above may vary from region to region, as will incentives, and are subject to change. Vehicle information is based off standard equipment and may vary from vehicle to vehicle. Call or email for complete vehicle information. All specifications, prices and equipment are subject to change without notice. Prices and payments do not include tax, titles, tags, finance charges, documentation charges, emissions testing charges, or other fees required by law, vehicle sellers or lending organizations.  Based on 2016 EPA mileage estimates, reflecting new EPA fuel economy methods beginning with 2008 models. Use for comparison purposes only. Do not compare to models before 2008. Your actual mileage will vary depending on how you drive and maintain your vehicle.  While every effort has been made to ensure display of accurate data, the vehicle listings within this website may not reflect all accurate vehicle items. Accessories and color may vary. All inventory listed is subject to prior sale. Images shown are for illustration purposes only. Vehicle Photos may not match exact vehicles. Please confirm vehicle price with Dealership. See Dealership for details.  2024 Honda Prologue Range Rating: 296 mile EPA Range Rating for EX (2WD) and Touring (2WD). 281 mile EPA Range Rating for EX (AWD) and Touring (AWD). 273 mile EPA Range Rating for Elite (AWD). Use for comparison purposes only. Actual range will vary based on several factors, including temperature, terrain, battery age & condition, loading, use and maintenance.",https://www.hondaofelcajon.com/auto/used-2016-honda-accord-sedan-exl-el-cajon-ca/109793531/
